  0
SECTION
  2
HEADER
  9
$ANGBASE
  50
0.0
  9
$ANGDIR
  70
1
  9
$MEASUREMENT
  70
1
  0
ENDSEC
  0
SECTION
  2
TABLES
  0
TABLE
  2
LTYPE
  70
4
  0
LTYPE
  5
40F
  2
CONTINUOUS
  70
0
  3
Solid line
  72
65
  73
0
  40
0.0
  0
LTYPE
  5
410
  2
DASHDOT
 70
0
  3
Dash Dot ____ _ ____ _
 72
65
 73
4
 40
2.0
 49
1.25
 49
-0.25
 49
0.25
 49
-0.25
  0
LTYPE
  5
411
  2
DASHED
 70
0
  3
Dashed __ __ __ __ __
 72
65
 73
2
 40
0.75
 49
0.5
 49
-0.25
  0
LTYPE
  5
43B
  2
DOTTED
 70
0
  3
Dotted .  .  .  .
 72
65
 73
2
 40
0.2
 49
0.0
 49
-0.2
  0
ENDTAB
  0
TABLE
  2
STYLE
  70
4
  0
STYLE
  2
KICAD
  70
0
  40
0
  41
1
  42
1
  50
0
  71
0
  3
isocp.shx
  0
STYLE
  2
KICADB
  70
0
  40
0
  41
1
  42
1
  50
0
  71
0
  3
isocp.shx
  0
STYLE
  2
KICADI
  70
0
  40
0
  41
1
  42
1
  50
15
  71
0
  3
isocp.shx
  0
STYLE
  2
KICADBI
  70
0
  40
0
  41
1
  42
1
  50
15
  71
0
  3
isocp.shx
  0
ENDTAB
  0
TABLE
  2
LAYER
  70
35
  0
LAYER
  2
BLACK
  70
0
  62
7
  6
CONTINUOUS
  0
LAYER
  2
GRAY1
  70
0
  62
251
  6
CONTINUOUS
  0
LAYER
  2
GRAY2
  70
0
  62
8
  6
CONTINUOUS
  0
LAYER
  2
GRAY3
  70
0
  62
9
  6
CONTINUOUS
  0
LAYER
  2
WHITE
  70
0
  62
7
  6
CONTINUOUS
  0
LAYER
  2
LYELLOW
  70
0
  62
51
  6
CONTINUOUS
  0
LAYER
  2
LORANGE
  70
0
  62
41
  6
CONTINUOUS
  0
LAYER
  2
BLUE1
  70
0
  62
178
  6
CONTINUOUS
  0
LAYER
  2
GREEN1
  70
0
  62
98
  6
CONTINUOUS
  0
LAYER
  2
CYAN1
  70
0
  62
138
  6
CONTINUOUS
  0
LAYER
  2
RED1
  70
0
  62
18
  6
CONTINUOUS
  0
LAYER
  2
MAGENTA1
  70
0
  62
228
  6
CONTINUOUS
  0
LAYER
  2
BROWN1
  70
0
  62
58
  6
CONTINUOUS
  0
LAYER
  2
ORANGE1
  70
0
  62
34
  6
CONTINUOUS
  0
LAYER
  2
BLUE2
  70
0
  62
5
  6
CONTINUOUS
  0
LAYER
  2
GREEN2
  70
0
  62
3
  6
CONTINUOUS
  0
LAYER
  2
CYAN2
  70
0
  62
4
  6
CONTINUOUS
  0
LAYER
  2
RED2
  70
0
  62
1
  6
CONTINUOUS
  0
LAYER
  2
MAGENTA2
  70
0
  62
6
  6
CONTINUOUS
  0
LAYER
  2
BROWN2
  70
0
  62
54
  6
CONTINUOUS
  0
LAYER
  2
ORANGE2
  70
0
  62
42
  6
CONTINUOUS
  0
LAYER
  2
BLUE3
  70
0
  62
171
  6
CONTINUOUS
  0
LAYER
  2
GREEN3
  70
0
  62
91
  6
CONTINUOUS
  0
LAYER
  2
CYAN3
  70
0
  62
131
  6
CONTINUOUS
  0
LAYER
  2
RED3
  70
0
  62
11
  6
CONTINUOUS
  0
LAYER
  2
MAGENTA3
  70
0
  62
221
  6
CONTINUOUS
  0
LAYER
  2
YELLOW3
  70
0
  62
2
  6
CONTINUOUS
  0
LAYER
  2
ORANGE3
  70
0
  62
32
  6
CONTINUOUS
  0
LAYER
  2
BLUE4
  70
0
  62
5
  6
CONTINUOUS
  0
LAYER
  2
GREEN4
  70
0
  62
3
  6
CONTINUOUS
  0
LAYER
  2
CYAN4
  70
0
  62
4
  6
CONTINUOUS
  0
LAYER
  2
RED4
  70
0
  62
1
  6
CONTINUOUS
  0
LAYER
  2
MAGENTA4
  70
0
  62
6
  6
CONTINUOUS
  0
LAYER
  2
YELLOW4
  70
0
  62
2
  6
CONTINUOUS
  0
LAYER
  2
ORANGE4
  70
0
  62
40
  6
CONTINUOUS
  0
ENDTAB
  0
ENDSEC
  0
SECTION
  2
ENTITIES
0
LINE
8
BLACK
6
CONTINUOUS
10
132.2096579999999904
20
-83.670819999999992
11
130.0096580000000017
21
-83.670819999999992
0
LINE
8
BLACK
6
CONTINUOUS
10
130.0096580000000017
20
-83.670819999999992
11
130.0096580000000017
21
-79.8708199999999948
0
LINE
8
BLACK
6
CONTINUOUS
10
130.0096580000000017
20
-79.8708199999999948
11
132.2096579999999904
21
-79.8708199999999948
0
LINE
8
BLACK
6
CONTINUOUS
10
132.2096579999999904
20
-79.8708199999999948
11
132.2096579999999904
21
-83.670819999999992
0
LINE
8
BLACK
6
CONTINUOUS
10
134.7496579999999824
20
-83.670819999999992
11
132.5496579999999938
21
-83.670819999999992
0
LINE
8
BLACK
6
CONTINUOUS
10
132.5496579999999938
20
-83.670819999999992
11
132.5496579999999938
21
-79.8708199999999948
0
LINE
8
BLACK
6
CONTINUOUS
10
132.5496579999999938
20
-79.8708199999999948
11
134.7496579999999824
21
-79.8708199999999948
0
LINE
8
BLACK
6
CONTINUOUS
10
134.7496579999999824
20
-79.8708199999999948
11
134.7496579999999824
21
-83.670819999999992
0
LINE
8
BLACK
6
CONTINUOUS
10
137.2896580000000029
20
-83.670819999999992
11
135.0896579999999858
21
-83.670819999999992
0
LINE
8
BLACK
6
CONTINUOUS
10
135.0896579999999858
20
-83.670819999999992
11
135.0896579999999858
21
-79.8708199999999948
0
LINE
8
BLACK
6
CONTINUOUS
10
135.0896579999999858
20
-79.8708199999999948
11
137.2896580000000029
21
-79.8708199999999948
0
LINE
8
BLACK
6
CONTINUOUS
10
137.2896580000000029
20
-79.8708199999999948
11
137.2896580000000029
21
-83.670819999999992
0
LINE
8
BLACK
6
CONTINUOUS
10
139.8296579999999949
20
-83.670819999999992
11
137.6296580000000063
21
-83.670819999999992
0
LINE
8
BLACK
6
CONTINUOUS
10
137.6296580000000063
20
-83.670819999999992
11
137.6296580000000063
21
-79.8708199999999948
0
LINE
8
BLACK
6
CONTINUOUS
10
137.6296580000000063
20
-79.8708199999999948
11
139.8296579999999949
21
-79.8708199999999948
0
LINE
8
BLACK
6
CONTINUOUS
10
139.8296579999999949
20
-79.8708199999999948
11
139.8296579999999949
21
-83.670819999999992
0
LINE
8
BLACK
6
CONTINUOUS
10
142.3696579999999869
20
-83.670819999999992
11
140.1696579999999983
21
-83.670819999999992
0
LINE
8
BLACK
6
CONTINUOUS
10
140.1696579999999983
20
-83.670819999999992
11
140.1696579999999983
21
-79.8708199999999948
0
LINE
8
BLACK
6
CONTINUOUS
10
140.1696579999999983
20
-79.8708199999999948
11
142.3696579999999869
21
-79.8708199999999948
0
LINE
8
BLACK
6
CONTINUOUS
10
142.3696579999999869
20
-79.8708199999999948
11
142.3696579999999869
21
-83.670819999999992
0
LINE
8
BLACK
6
CONTINUOUS
10
144.9096580000000074
20
-83.670819999999992
11
142.7096579999999904
21
-83.670819999999992
0
LINE
8
BLACK
6
CONTINUOUS
10
142.7096579999999904
20
-83.670819999999992
11
142.7096579999999904
21
-79.8708199999999948
0
LINE
8
BLACK
6
CONTINUOUS
10
142.7096579999999904
20
-79.8708199999999948
11
144.9096580000000074
21
-79.8708199999999948
0
LINE
8
BLACK
6
CONTINUOUS
10
144.9096580000000074
20
-79.8708199999999948
11
144.9096580000000074
21
-83.670819999999992
0
LINE
8
BLACK
6
CONTINUOUS
10
147.4496579999999994
20
-83.670819999999992
11
145.2496579999999824
21
-83.670819999999992
0
LINE
8
BLACK
6
CONTINUOUS
10
145.2496579999999824
20
-83.670819999999992
11
145.2496579999999824
21
-79.8708199999999948
0
LINE
8
BLACK
6
CONTINUOUS
10
145.2496579999999824
20
-79.8708199999999948
11
147.4496579999999994
21
-79.8708199999999948
0
LINE
8
BLACK
6
CONTINUOUS
10
147.4496579999999994
20
-79.8708199999999948
11
147.4496579999999994
21
-83.670819999999992
0
LINE
8
BLACK
6
CONTINUOUS
10
149.9896579999999915
20
-83.670819999999992
11
147.7896580000000029
21
-83.670819999999992
0
LINE
8
BLACK
6
CONTINUOUS
10
147.7896580000000029
20
-83.670819999999992
11
147.7896580000000029
21
-79.8708199999999948
0
LINE
8
BLACK
6
CONTINUOUS
10
147.7896580000000029
20
-79.8708199999999948
11
149.9896579999999915
21
-79.8708199999999948
0
LINE
8
BLACK
6
CONTINUOUS
10
149.9896579999999915
20
-79.8708199999999948
11
149.9896579999999915
21
-83.670819999999992
0
LINE
8
BLACK
6
CONTINUOUS
10
152.5296579999999835
20
-83.670819999999992
11
150.3296579999999949
21
-83.670819999999992
0
LINE
8
BLACK
6
CONTINUOUS
10
150.3296579999999949
20
-83.670819999999992
11
150.3296579999999949
21
-79.8708199999999948
0
LINE
8
BLACK
6
CONTINUOUS
10
150.3296579999999949
20
-79.8708199999999948
11
152.5296579999999835
21
-79.8708199999999948
0
LINE
8
BLACK
6
CONTINUOUS
10
152.5296579999999835
20
-79.8708199999999948
11
152.5296579999999835
21
-83.670819999999992
0
LINE
8
BLACK
6
CONTINUOUS
10
155.069658000000004
20
-83.670819999999992
11
152.8696579999999869
21
-83.670819999999992
0
LINE
8
BLACK
6
CONTINUOUS
10
152.8696579999999869
20
-83.670819999999992
11
152.8696579999999869
21
-79.8708199999999948
0
LINE
8
BLACK
6
CONTINUOUS
10
152.8696579999999869
20
-79.8708199999999948
11
155.069658000000004
21
-79.8708199999999948
0
LINE
8
BLACK
6
CONTINUOUS
10
155.069658000000004
20
-79.8708199999999948
11
155.069658000000004
21
-83.670819999999992
0
LINE
8
BLACK
6
CONTINUOUS
10
157.609657999999996
20
-83.670819999999992
11
155.409657999999979
21
-83.670819999999992
0
LINE
8
BLACK
6
CONTINUOUS
10
155.409657999999979
20
-83.670819999999992
11
155.409657999999979
21
-79.8708199999999948
0
LINE
8
BLACK
6
CONTINUOUS
10
155.409657999999979
20
-79.8708199999999948
11
157.609657999999996
21
-79.8708199999999948
0
LINE
8
BLACK
6
CONTINUOUS
10
157.609657999999996
20
-79.8708199999999948
11
157.609657999999996
21
-83.670819999999992
0
LINE
8
BLACK
6
CONTINUOUS
10
160.1496579999999881
20
-83.670819999999992
11
157.9496579999999994
21
-83.670819999999992
0
LINE
8
BLACK
6
CONTINUOUS
10
157.9496579999999994
20
-83.670819999999992
11
157.9496579999999994
21
-79.8708199999999948
0
LINE
8
BLACK
6
CONTINUOUS
10
157.9496579999999994
20
-79.8708199999999948
11
160.1496579999999881
21
-79.8708199999999948
0
LINE
8
BLACK
6
CONTINUOUS
10
160.1496579999999881
20
-79.8708199999999948
11
160.1496579999999881
21
-83.670819999999992
0
LINE
8
BLACK
6
CONTINUOUS
10
162.6896579999999801
20
-83.670819999999992
11
160.4896579999999915
21
-83.670819999999992
0
LINE
8
BLACK
6
CONTINUOUS
10
160.4896579999999915
20
-83.670819999999992
11
160.4896579999999915
21
-79.8708199999999948
0
LINE
8
BLACK
6
CONTINUOUS
10
160.4896579999999915
20
-79.8708199999999948
11
162.6896579999999801
21
-79.8708199999999948
0
LINE
8
BLACK
6
CONTINUOUS
10
162.6896579999999801
20
-79.8708199999999948
11
162.6896579999999801
21
-83.670819999999992
0
LINE
8
BLACK
6
CONTINUOUS
10
165.2296580000000006
20
-83.670819999999992
11
163.0296579999999835
21
-83.670819999999992
0
LINE
8
BLACK
6
CONTINUOUS
10
163.0296579999999835
20
-83.670819999999992
11
163.0296579999999835
21
-79.8708199999999948
0
LINE
8
BLACK
6
CONTINUOUS
10
163.0296579999999835
20
-79.8708199999999948
11
165.2296580000000006
21
-79.8708199999999948
0
LINE
8
BLACK
6
CONTINUOUS
10
165.2296580000000006
20
-79.8708199999999948
11
165.2296580000000006
21
-83.670819999999992
0
LINE
8
BLACK
6
CONTINUOUS
10
167.7696579999999926
20
-83.670819999999992
11
165.569658000000004
21
-83.670819999999992
0
LINE
8
BLACK
6
CONTINUOUS
10
165.569658000000004
20
-83.670819999999992
11
165.569658000000004
21
-79.8708199999999948
0
LINE
8
BLACK
6
CONTINUOUS
10
165.569658000000004
20
-79.8708199999999948
11
167.7696579999999926
21
-79.8708199999999948
0
LINE
8
BLACK
6
CONTINUOUS
10
167.7696579999999926
20
-79.8708199999999948
11
167.7696579999999926
21
-83.670819999999992
0
LINE
8
BLACK
6
CONTINUOUS
10
170.3096579999999847
20
-83.670819999999992
11
168.109657999999996
21
-83.670819999999992
0
LINE
8
BLACK
6
CONTINUOUS
10
168.109657999999996
20
-83.670819999999992
11
168.109657999999996
21
-79.8708199999999948
0
LINE
8
BLACK
6
CONTINUOUS
10
168.109657999999996
20
-79.8708199999999948
11
170.3096579999999847
21
-79.8708199999999948
0
LINE
8
BLACK
6
CONTINUOUS
10
170.3096579999999847
20
-79.8708199999999948
11
170.3096579999999847
21
-83.670819999999992
0
LINE
8
BLACK
6
CONTINUOUS
10
172.8496580000000051
20
-83.670819999999992
11
170.6496579999999881
21
-83.670819999999992
0
LINE
8
BLACK
6
CONTINUOUS
10
170.6496579999999881
20
-83.670819999999992
11
170.6496579999999881
21
-79.8708199999999948
0
LINE
8
BLACK
6
CONTINUOUS
10
170.6496579999999881
20
-79.8708199999999948
11
172.8496580000000051
21
-79.8708199999999948
0
LINE
8
BLACK
6
CONTINUOUS
10
172.8496580000000051
20
-79.8708199999999948
11
172.8496580000000051
21
-83.670819999999992
0
LINE
8
BLACK
6
CONTINUOUS
10
175.3896579999999972
20
-83.670819999999992
11
173.1896579999999801
21
-83.670819999999992
0
LINE
8
BLACK
6
CONTINUOUS
10
173.1896579999999801
20
-83.670819999999992
11
173.1896579999999801
21
-79.8708199999999948
0
LINE
8
BLACK
6
CONTINUOUS
10
173.1896579999999801
20
-79.8708199999999948
11
175.3896579999999972
21
-79.8708199999999948
0
LINE
8
BLACK
6
CONTINUOUS
10
175.3896579999999972
20
-79.8708199999999948
11
175.3896579999999972
21
-83.670819999999992
0
LINE
8
BLACK
6
CONTINUOUS
10
177.9296579999999892
20
-83.670819999999992
11
175.7296580000000006
21
-83.670819999999992
0
LINE
8
BLACK
6
CONTINUOUS
10
175.7296580000000006
20
-83.670819999999992
11
175.7296580000000006
21
-79.8708199999999948
0
LINE
8
BLACK
6
CONTINUOUS
10
175.7296580000000006
20
-79.8708199999999948
11
177.9296579999999892
21
-79.8708199999999948
0
LINE
8
BLACK
6
CONTINUOUS
10
177.9296579999999892
20
-79.8708199999999948
11
177.9296579999999892
21
-83.670819999999992
0
LINE
8
BLACK
6
CONTINUOUS
10
180.4696579999999813
20
-83.670819999999992
11
178.2696579999999926
21
-83.670819999999992
0
LINE
8
BLACK
6
CONTINUOUS
10
178.2696579999999926
20
-83.670819999999992
11
178.2696579999999926
21
-79.8708199999999948
0
LINE
8
BLACK
6
CONTINUOUS
10
178.2696579999999926
20
-79.8708199999999948
11
180.4696579999999813
21
-79.8708199999999948
0
LINE
8
BLACK
6
CONTINUOUS
10
180.4696579999999813
20
-79.8708199999999948
11
180.4696579999999813
21
-83.670819999999992
0
LINE
8
BLACK
6
CONTINUOUS
10
185.8801139999999918
20
-75.2895089999999954
11
185.9612199999999973
21
-75.3437019999999933
0
LINE
8
BLACK
6
CONTINUOUS
10
185.9612199999999973
20
-75.3437019999999933
11
186.0154129999999952
21
-75.4248079999999987
0
LINE
8
BLACK
6
CONTINUOUS
10
186.0154129999999952
20
-75.4248079999999987
11
186.0344429999999818
21
-75.5204789999999946
0
LINE
8
BLACK
6
CONTINUOUS
10
186.0344429999999818
20
-75.5204789999999946
11
186.0344429999999818
21
-76.4204790000000003
0
LINE
8
BLACK
6
CONTINUOUS
10
186.0344429999999818
20
-76.4204790000000003
11
186.0154129999999952
21
-76.5161499999999961
0
LINE
8
BLACK
6
CONTINUOUS
10
186.0154129999999952
20
-76.5161499999999961
11
185.9612199999999973
21
-76.5972560000000016
0
LINE
8
BLACK
6
CONTINUOUS
10
185.9612199999999973
20
-76.5972560000000016
11
185.8801139999999918
21
-76.6514489999999995
0
LINE
8
BLACK
6
CONTINUOUS
10
185.8801139999999918
20
-76.6514489999999995
11
185.7844429999999818
21
-76.6704790000000003
0
LINE
8
BLACK
6
CONTINUOUS
10
185.7844429999999818
20
-76.6704790000000003
11
185.0844429999999932
21
-76.6704790000000003
0
LINE
8
BLACK
6
CONTINUOUS
10
185.0844429999999932
20
-76.6704790000000003
11
184.9887719999999831
21
-76.6514489999999995
0
LINE
8
BLACK
6
CONTINUOUS
10
184.9887719999999831
20
-76.6514489999999995
11
184.9076659999999777
21
-76.5972560000000016
0
LINE
8
BLACK
6
CONTINUOUS
10
184.9076659999999777
20
-76.5972560000000016
11
184.8534729999999797
21
-76.5161499999999961
0
LINE
8
BLACK
6
CONTINUOUS
10
184.8534729999999797
20
-76.5161499999999961
11
184.8344429999999932
21
-76.4204790000000003
0
LINE
8
BLACK
6
CONTINUOUS
10
184.8344429999999932
20
-76.4204790000000003
11
184.8344429999999932
21
-75.5204789999999946
0
LINE
8
BLACK
6
CONTINUOUS
10
184.8344429999999932
20
-75.5204789999999946
11
184.8534729999999797
21
-75.4248079999999987
0
LINE
8
BLACK
6
CONTINUOUS
10
184.8534729999999797
20
-75.4248079999999987
11
184.9076659999999777
21
-75.3437019999999933
0
LINE
8
BLACK
6
CONTINUOUS
10
184.9076659999999777
20
-75.3437019999999933
11
184.9887719999999831
21
-75.2895089999999954
0
LINE
8
BLACK
6
CONTINUOUS
10
184.9887719999999831
20
-75.2895089999999954
11
185.0844429999999932
21
-75.2704789999999946
0
LINE
8
BLACK
6
CONTINUOUS
10
185.0844429999999932
20
-75.2704789999999946
11
185.7844429999999818
21
-75.2704789999999946
0
LINE
8
BLACK
6
CONTINUOUS
10
185.7844429999999818
20
-75.2704789999999946
11
185.8801139999999918
21
-75.2895089999999954
0
LINE
8
BLACK
6
CONTINUOUS
10
187.8801139999999918
20
-75.2895089999999954
11
187.9612199999999973
21
-75.3437019999999933
0
LINE
8
BLACK
6
CONTINUOUS
10
187.9612199999999973
20
-75.3437019999999933
11
188.0154129999999952
21
-75.4248079999999987
0
LINE
8
BLACK
6
CONTINUOUS
10
188.0154129999999952
20
-75.4248079999999987
11
188.0344429999999818
21
-75.5204789999999946
0
LINE
8
BLACK
6
CONTINUOUS
10
188.0344429999999818
20
-75.5204789999999946
11
188.0344429999999818
21
-76.4204790000000003
0
LINE
8
BLACK
6
CONTINUOUS
10
188.0344429999999818
20
-76.4204790000000003
11
188.0154129999999952
21
-76.5161499999999961
0
LINE
8
BLACK
6
CONTINUOUS
10
188.0154129999999952
20
-76.5161499999999961
11
187.9612199999999973
21
-76.5972560000000016
0
LINE
8
BLACK
6
CONTINUOUS
10
187.9612199999999973
20
-76.5972560000000016
11
187.8801139999999918
21
-76.6514489999999995
0
LINE
8
BLACK
6
CONTINUOUS
10
187.8801139999999918
20
-76.6514489999999995
11
187.7844429999999818
21
-76.6704790000000003
0
LINE
8
BLACK
6
CONTINUOUS
10
187.7844429999999818
20
-76.6704790000000003
11
187.0844429999999932
21
-76.6704790000000003
0
LINE
8
BLACK
6
CONTINUOUS
10
187.0844429999999932
20
-76.6704790000000003
11
186.9887719999999831
21
-76.6514489999999995
0
LINE
8
BLACK
6
CONTINUOUS
10
186.9887719999999831
20
-76.6514489999999995
11
186.9076659999999777
21
-76.5972560000000016
0
LINE
8
BLACK
6
CONTINUOUS
10
186.9076659999999777
20
-76.5972560000000016
11
186.8534729999999797
21
-76.5161499999999961
0
LINE
8
BLACK
6
CONTINUOUS
10
186.8534729999999797
20
-76.5161499999999961
11
186.8344429999999932
21
-76.4204790000000003
0
LINE
8
BLACK
6
CONTINUOUS
10
186.8344429999999932
20
-76.4204790000000003
11
186.8344429999999932
21
-75.5204789999999946
0
LINE
8
BLACK
6
CONTINUOUS
10
186.8344429999999932
20
-75.5204789999999946
11
186.8534729999999797
21
-75.4248079999999987
0
LINE
8
BLACK
6
CONTINUOUS
10
186.8534729999999797
20
-75.4248079999999987
11
186.9076659999999777
21
-75.3437019999999933
0
LINE
8
BLACK
6
CONTINUOUS
10
186.9076659999999777
20
-75.3437019999999933
11
186.9887719999999831
21
-75.2895089999999954
0
LINE
8
BLACK
6
CONTINUOUS
10
186.9887719999999831
20
-75.2895089999999954
11
187.0844429999999932
21
-75.2704789999999946
0
LINE
8
BLACK
6
CONTINUOUS
10
187.0844429999999932
20
-75.2704789999999946
11
187.7844429999999818
21
-75.2704789999999946
0
LINE
8
BLACK
6
CONTINUOUS
10
187.7844429999999818
20
-75.2704789999999946
11
187.8801139999999918
21
-75.2895089999999954
0
LINE
8
BLACK
6
CONTINUOUS
10
203.660113999999993
20
-70.2095089999999971
11
203.7412199999999984
21
-70.263701999999995
0
LINE
8
BLACK
6
CONTINUOUS
10
203.7412199999999984
20
-70.263701999999995
11
203.7954129999999964
21
-70.3448080000000004
0
LINE
8
BLACK
6
CONTINUOUS
10
203.7954129999999964
20
-70.3448080000000004
11
203.8144429999999829
21
-70.4404789999999963
0
LINE
8
BLACK
6
CONTINUOUS
10
203.8144429999999829
20
-70.4404789999999963
11
203.8144429999999829
21
-71.340479000000002
0
LINE
8
BLACK
6
CONTINUOUS
10
203.8144429999999829
20
-71.340479000000002
11
203.7954129999999964
21
-71.4361499999999978
0
LINE
8
BLACK
6
CONTINUOUS
10
203.7954129999999964
20
-71.4361499999999978
11
203.7412199999999984
21
-71.5172560000000033
0
LINE
8
BLACK
6
CONTINUOUS
10
203.7412199999999984
20
-71.5172560000000033
11
203.660113999999993
21
-71.5714490000000012
0
LINE
8
BLACK
6
CONTINUOUS
10
203.660113999999993
20
-71.5714490000000012
11
203.5644429999999829
21
-71.590479000000002
0
LINE
8
BLACK
6
CONTINUOUS
10
203.5644429999999829
20
-71.590479000000002
11
202.8644429999999943
21
-71.590479000000002
0
LINE
8
BLACK
6
CONTINUOUS
10
202.8644429999999943
20
-71.590479000000002
11
202.7687719999999842
21
-71.5714490000000012
0
LINE
8
BLACK
6
CONTINUOUS
10
202.7687719999999842
20
-71.5714490000000012
11
202.6876659999999788
21
-71.5172560000000033
0
LINE
8
BLACK
6
CONTINUOUS
10
202.6876659999999788
20
-71.5172560000000033
11
202.6334729999999809
21
-71.4361499999999978
0
LINE
8
BLACK
6
CONTINUOUS
10
202.6334729999999809
20
-71.4361499999999978
11
202.6144429999999943
21
-71.340479000000002
0
LINE
8
BLACK
6
CONTINUOUS
10
202.6144429999999943
20
-71.340479000000002
11
202.6144429999999943
21
-70.4404789999999963
0
LINE
8
BLACK
6
CONTINUOUS
10
202.6144429999999943
20
-70.4404789999999963
11
202.6334729999999809
21
-70.3448080000000004
0
LINE
8
BLACK
6
CONTINUOUS
10
202.6334729999999809
20
-70.3448080000000004
11
202.6876659999999788
21
-70.263701999999995
0
LINE
8
BLACK
6
CONTINUOUS
10
202.6876659999999788
20
-70.263701999999995
11
202.7687719999999842
21
-70.2095089999999971
0
LINE
8
BLACK
6
CONTINUOUS
10
202.7687719999999842
20
-70.2095089999999971
11
202.8644429999999943
21
-70.1904789999999963
0
LINE
8
BLACK
6
CONTINUOUS
10
202.8644429999999943
20
-70.1904789999999963
11
203.5644429999999829
21
-70.1904789999999963
0
LINE
8
BLACK
6
CONTINUOUS
10
203.5644429999999829
20
-70.1904789999999963
11
203.660113999999993
21
-70.2095089999999971
0
LINE
8
BLACK
6
CONTINUOUS
10
205.660113999999993
20
-70.2095089999999971
11
205.7412199999999984
21
-70.263701999999995
0
LINE
8
BLACK
6
CONTINUOUS
10
205.7412199999999984
20
-70.263701999999995
11
205.7954129999999964
21
-70.3448080000000004
0
LINE
8
BLACK
6
CONTINUOUS
10
205.7954129999999964
20
-70.3448080000000004
11
205.8144429999999829
21
-70.4404789999999963
0
LINE
8
BLACK
6
CONTINUOUS
10
205.8144429999999829
20
-70.4404789999999963
11
205.8144429999999829
21
-71.340479000000002
0
LINE
8
BLACK
6
CONTINUOUS
10
205.8144429999999829
20
-71.340479000000002
11
205.7954129999999964
21
-71.4361499999999978
0
LINE
8
BLACK
6
CONTINUOUS
10
205.7954129999999964
20
-71.4361499999999978
11
205.7412199999999984
21
-71.5172560000000033
0
LINE
8
BLACK
6
CONTINUOUS
10
205.7412199999999984
20
-71.5172560000000033
11
205.660113999999993
21
-71.5714490000000012
0
LINE
8
BLACK
6
CONTINUOUS
10
205.660113999999993
20
-71.5714490000000012
11
205.5644429999999829
21
-71.590479000000002
0
LINE
8
BLACK
6
CONTINUOUS
10
205.5644429999999829
20
-71.590479000000002
11
204.8644429999999943
21
-71.590479000000002
0
LINE
8
BLACK
6
CONTINUOUS
10
204.8644429999999943
20
-71.590479000000002
11
204.7687719999999842
21
-71.5714490000000012
0
LINE
8
BLACK
6
CONTINUOUS
10
204.7687719999999842
20
-71.5714490000000012
11
204.6876659999999788
21
-71.5172560000000033
0
LINE
8
BLACK
6
CONTINUOUS
10
204.6876659999999788
20
-71.5172560000000033
11
204.6334729999999809
21
-71.4361499999999978
0
LINE
8
BLACK
6
CONTINUOUS
10
204.6334729999999809
20
-71.4361499999999978
11
204.6144429999999943
21
-71.340479000000002
0
LINE
8
BLACK
6
CONTINUOUS
10
204.6144429999999943
20
-71.340479000000002
11
204.6144429999999943
21
-70.4404789999999963
0
LINE
8
BLACK
6
CONTINUOUS
10
204.6144429999999943
20
-70.4404789999999963
11
204.6334729999999809
21
-70.3448080000000004
0
LINE
8
BLACK
6
CONTINUOUS
10
204.6334729999999809
20
-70.3448080000000004
11
204.6876659999999788
21
-70.263701999999995
0
LINE
8
BLACK
6
CONTINUOUS
10
204.6876659999999788
20
-70.263701999999995
11
204.7687719999999842
21
-70.2095089999999971
0
LINE
8
BLACK
6
CONTINUOUS
10
204.7687719999999842
20
-70.2095089999999971
11
204.8644429999999943
21
-70.1904789999999963
0
LINE
8
BLACK
6
CONTINUOUS
10
204.8644429999999943
20
-70.1904789999999963
11
205.5644429999999829
21
-70.1904789999999963
0
LINE
8
BLACK
6
CONTINUOUS
10
205.5644429999999829
20
-70.1904789999999963
11
205.660113999999993
21
-70.2095089999999971
0
LINE
8
BLACK
6
CONTINUOUS
10
200.5151139999999828
20
-69.2695089999999993
11
200.5962199999999882
21
-69.3237019999999973
0
LINE
8
BLACK
6
CONTINUOUS
10
200.5962199999999882
20
-69.3237019999999973
11
200.6504129999999861
21
-69.4048080000000027
0
LINE
8
BLACK
6
CONTINUOUS
10
200.6504129999999861
20
-69.4048080000000027
11
200.6694430000000011
21
-69.5004789999999986
0
LINE
8
BLACK
6
CONTINUOUS
10
200.6694430000000011
20
-69.5004789999999986
11
200.6694430000000011
21
-70.15047899999999
0
LINE
8
BLACK
6
CONTINUOUS
10
200.6694430000000011
20
-70.15047899999999
11
200.6504129999999861
21
-70.2461500000000001
0
LINE
8
BLACK
6
CONTINUOUS
10
200.6504129999999861
20
-70.2461500000000001
11
200.5962199999999882
21
-70.3272559999999913
0
LINE
8
BLACK
6
CONTINUOUS
10
200.5962199999999882
20
-70.3272559999999913
11
200.5151139999999828
21
-70.3814490000000035
0
LINE
8
BLACK
6
CONTINUOUS
10
200.5151139999999828
20
-70.3814490000000035
11
200.4194430000000011
21
-70.40047899999999
0
LINE
8
BLACK
6
CONTINUOUS
10
200.4194430000000011
20
-70.40047899999999
11
199.1194429999999898
21
-70.40047899999999
0
LINE
8
BLACK
6
CONTINUOUS
10
199.1194429999999898
20
-70.40047899999999
11
199.0237719999999797
21
-70.3814490000000035
0
LINE
8
BLACK
6
CONTINUOUS
10
199.0237719999999797
20
-70.3814490000000035
11
198.9426660000000027
21
-70.3272559999999913
0
LINE
8
BLACK
6
CONTINUOUS
10
198.9426660000000027
20
-70.3272559999999913
11
198.8884730000000047
21
-70.2461500000000001
0
LINE
8
BLACK
6
CONTINUOUS
10
198.8884730000000047
20
-70.2461500000000001
11
198.8694429999999898
21
-70.15047899999999
0
LINE
8
BLACK
6
CONTINUOUS
10
198.8694429999999898
20
-70.15047899999999
11
198.8694429999999898
21
-69.5004789999999986
0
LINE
8
BLACK
6
CONTINUOUS
10
198.8694429999999898
20
-69.5004789999999986
11
198.8884730000000047
21
-69.4048080000000027
0
LINE
8
BLACK
6
CONTINUOUS
10
198.8884730000000047
20
-69.4048080000000027
11
198.9426660000000027
21
-69.3237019999999973
0
LINE
8
BLACK
6
CONTINUOUS
10
198.9426660000000027
20
-69.3237019999999973
11
199.0237719999999797
21
-69.2695089999999993
0
LINE
8
BLACK
6
CONTINUOUS
10
199.0237719999999797
20
-69.2695089999999993
11
199.1194429999999898
21
-69.2504789999999986
0
LINE
8
BLACK
6
CONTINUOUS
10
199.1194429999999898
20
-69.2504789999999986
11
200.4194430000000011
21
-69.2504789999999986
0
LINE
8
BLACK
6
CONTINUOUS
10
200.4194430000000011
20
-69.2504789999999986
11
200.5151139999999828
21
-69.2695089999999993
0
LINE
8
BLACK
6
CONTINUOUS
10
197.2779789999999878
20
-68.3619429999999966
11
197.2794429999999863
21
-68.3654789999999934
0
LINE
8
BLACK
6
CONTINUOUS
10
197.2794429999999863
20
-68.3654789999999934
11
197.2794429999999863
21
-69.3654789999999934
0
LINE
8
BLACK
6
CONTINUOUS
10
197.2794429999999863
20
-69.3654789999999934
11
197.2779789999999878
21
-69.3690149999999903
0
LINE
8
BLACK
6
CONTINUOUS
10
197.2779789999999878
20
-69.3690149999999903
11
197.2776969999999892
21
-69.3692750000000018
0
LINE
8
BLACK
6
CONTINUOUS
10
197.2776969999999892
20
-69.3692750000000018
11
196.5776970000000006
21
-69.9692749999999961
0
LINE
8
BLACK
6
CONTINUOUS
10
196.5776970000000006
20
-69.9692749999999961
11
196.5744430000000023
21
-69.9704789999999974
0
LINE
8
BLACK
6
CONTINUOUS
10
196.5744430000000023
20
-69.9704789999999974
11
194.0744430000000023
21
-69.9704789999999974
0
LINE
8
BLACK
6
CONTINUOUS
10
194.0744430000000023
20
-69.9704789999999974
11
194.0711890000000039
21
-69.9692749999999961
0
LINE
8
BLACK
6
CONTINUOUS
10
194.0711890000000039
20
-69.9692749999999961
11
193.3711889999999869
21
-69.3692750000000018
0
LINE
8
BLACK
6
CONTINUOUS
10
193.3711889999999869
20
-69.3692750000000018
11
193.3694579999999803
21
-69.3658619999999928
0
LINE
8
BLACK
6
CONTINUOUS
10
193.3694579999999803
20
-69.3658619999999928
11
193.3694429999999898
21
-69.3654789999999934
0
LINE
8
BLACK
6
CONTINUOUS
10
193.3694429999999898
20
-69.3654789999999934
11
193.3694429999999898
21
-68.3654789999999934
0
LINE
8
BLACK
6
CONTINUOUS
10
193.3694429999999898
20
-68.3654789999999934
11
193.3709069999999883
21
-68.3619429999999966
0
LINE
8
BLACK
6
CONTINUOUS
10
193.3709069999999883
20
-68.3619429999999966
11
193.3744429999999852
21
-68.360478999999998
0
LINE
8
BLACK
6
CONTINUOUS
10
193.3744429999999852
20
-68.360478999999998
11
197.2744429999999909
21
-68.360478999999998
0
LINE
8
BLACK
6
CONTINUOUS
10
197.2744429999999909
20
-68.360478999999998
11
197.2779789999999878
21
-68.3619429999999966
0
LINE
8
BLACK
6
CONTINUOUS
10
208.822829999999982
20
-67.8935579999999987
11
208.8998809999999935
21
-67.9450410000000034
0
LINE
8
BLACK
6
CONTINUOUS
10
208.8998809999999935
20
-67.9450410000000034
11
208.9513639999999839
21
-68.0220920000000007
0
LINE
8
BLACK
6
CONTINUOUS
10
208.9513639999999839
20
-68.0220920000000007
11
208.9694429999999841
21
-68.1129789999999957
0
LINE
8
BLACK
6
CONTINUOUS
10
208.9694429999999841
20
-68.1129789999999957
11
208.9694429999999841
21
-68.58797899999999
0
LINE
8
BLACK
6
CONTINUOUS
10
208.9694429999999841
20
-68.58797899999999
11
208.9513639999999839
21
-68.6788659999999993
0
LINE
8
BLACK
6
CONTINUOUS
10
208.9513639999999839
20
-68.6788659999999993
11
208.8998809999999935
21
-68.7559169999999966
0
LINE
8
BLACK
6
CONTINUOUS
10
208.8998809999999935
20
-68.7559169999999966
11
208.822829999999982
21
-68.8074000000000012
0
LINE
8
BLACK
6
CONTINUOUS
10
208.822829999999982
20
-68.8074000000000012
11
208.7319430000000011
21
-68.8254790000000014
0
LINE
8
BLACK
6
CONTINUOUS
10
208.7319430000000011
20
-68.8254790000000014
11
208.1319429999999784
21
-68.8254790000000014
0
LINE
8
BLACK
6
CONTINUOUS
10
208.1319429999999784
20
-68.8254790000000014
11
208.0410559999999975
21
-68.8074000000000012
0
LINE
8
BLACK
6
CONTINUOUS
10
208.0410559999999975
20
-68.8074000000000012
11
207.964004999999986
21
-68.7559169999999966
0
LINE
8
BLACK
6
CONTINUOUS
10
207.964004999999986
20
-68.7559169999999966
11
207.9125219999999956
21
-68.6788659999999993
0
LINE
8
BLACK
6
CONTINUOUS
10
207.9125219999999956
20
-68.6788659999999993
11
207.8944429999999954
21
-68.58797899999999
0
LINE
8
BLACK
6
CONTINUOUS
10
207.8944429999999954
20
-68.58797899999999
11
207.8944429999999954
21
-68.1129789999999957
0
LINE
8
BLACK
6
CONTINUOUS
10
207.8944429999999954
20
-68.1129789999999957
11
207.9125219999999956
21
-68.0220920000000007
0
LINE
8
BLACK
6
CONTINUOUS
10
207.9125219999999956
20
-68.0220920000000007
11
207.964004999999986
21
-67.9450410000000034
0
LINE
8
BLACK
6
CONTINUOUS
10
207.964004999999986
20
-67.9450410000000034
11
208.0410559999999975
21
-67.8935579999999987
0
LINE
8
BLACK
6
CONTINUOUS
10
208.0410559999999975
20
-67.8935579999999987
11
208.1319429999999784
21
-67.8754789999999986
0
LINE
8
BLACK
6
CONTINUOUS
10
208.1319429999999784
20
-67.8754789999999986
11
208.7319430000000011
21
-67.8754789999999986
0
LINE
8
BLACK
6
CONTINUOUS
10
208.7319430000000011
20
-67.8754789999999986
11
208.822829999999982
21
-67.8935579999999987
0
LINE
8
BLACK
6
CONTINUOUS
10
210.5478299999999763
20
-67.8935579999999987
11
210.6248809999999878
21
-67.9450410000000034
0
LINE
8
BLACK
6
CONTINUOUS
10
210.6248809999999878
20
-67.9450410000000034
11
210.6763639999999782
21
-68.0220920000000007
0
LINE
8
BLACK
6
CONTINUOUS
10
210.6763639999999782
20
-68.0220920000000007
11
210.6944429999999784
21
-68.1129789999999957
0
LINE
8
BLACK
6
CONTINUOUS
10
210.6944429999999784
20
-68.1129789999999957
11
210.6944429999999784
21
-68.58797899999999
0
LINE
8
BLACK
6
CONTINUOUS
10
210.6944429999999784
20
-68.58797899999999
11
210.6763639999999782
21
-68.6788659999999993
0
LINE
8
BLACK
6
CONTINUOUS
10
210.6763639999999782
20
-68.6788659999999993
11
210.6248809999999878
21
-68.7559169999999966
0
LINE
8
BLACK
6
CONTINUOUS
10
210.6248809999999878
20
-68.7559169999999966
11
210.5478299999999763
21
-68.8074000000000012
0
LINE
8
BLACK
6
CONTINUOUS
10
210.5478299999999763
20
-68.8074000000000012
11
210.4569429999999954
21
-68.8254790000000014
0
LINE
8
BLACK
6
CONTINUOUS
10
210.4569429999999954
20
-68.8254790000000014
11
209.8569430000000011
21
-68.8254790000000014
0
LINE
8
BLACK
6
CONTINUOUS
10
209.8569430000000011
20
-68.8254790000000014
11
209.7660559999999919
21
-68.8074000000000012
0
LINE
8
BLACK
6
CONTINUOUS
10
209.7660559999999919
20
-68.8074000000000012
11
209.6890049999999803
21
-68.7559169999999966
0
LINE
8
BLACK
6
CONTINUOUS
10
209.6890049999999803
20
-68.7559169999999966
11
209.6375219999999899
21
-68.6788659999999993
0
LINE
8
BLACK
6
CONTINUOUS
10
209.6375219999999899
20
-68.6788659999999993
11
209.6194429999999898
21
-68.58797899999999
0
LINE
8
BLACK
6
CONTINUOUS
10
209.6194429999999898
20
-68.58797899999999
11
209.6194429999999898
21
-68.1129789999999957
0
LINE
8
BLACK
6
CONTINUOUS
10
209.6194429999999898
20
-68.1129789999999957
11
209.6375219999999899
21
-68.0220920000000007
0
LINE
8
BLACK
6
CONTINUOUS
10
209.6375219999999899
20
-68.0220920000000007
11
209.6890049999999803
21
-67.9450410000000034
0
LINE
8
BLACK
6
CONTINUOUS
10
209.6890049999999803
20
-67.9450410000000034
11
209.7660559999999919
21
-67.8935579999999987
0
LINE
8
BLACK
6
CONTINUOUS
10
209.7660559999999919
20
-67.8935579999999987
11
209.8569430000000011
21
-67.8754789999999986
0
LINE
8
BLACK
6
CONTINUOUS
10
209.8569430000000011
20
-67.8754789999999986
11
210.4569429999999954
21
-67.8754789999999986
0
LINE
8
BLACK
6
CONTINUOUS
10
210.4569429999999954
20
-67.8754789999999986
11
210.5478299999999763
21
-67.8935579999999987
0
LINE
8
BLACK
6
CONTINUOUS
10
203.738915999999989
20
-67.7410929999999922
11
203.7628419999999778
21
-67.757080000000002
0
LINE
8
BLACK
6
CONTINUOUS
10
203.7628419999999778
20
-67.757080000000002
11
203.7788290000000018
21
-67.7810059999999908
0
LINE
8
BLACK
6
CONTINUOUS
10
203.7788290000000018
20
-67.7810059999999908
11
203.7844429999999818
21
-67.809229000000002
0
LINE
8
BLACK
6
CONTINUOUS
10
203.7844429999999818
20
-67.809229000000002
11
203.7844429999999818
21
-68.2517289999999974
0
LINE
8
BLACK
6
CONTINUOUS
10
203.7844429999999818
20
-68.2517289999999974
11
203.7788290000000018
21
-68.2799519999999944
0
LINE
8
BLACK
6
CONTINUOUS
10
203.7788290000000018
20
-68.2799519999999944
11
203.7628419999999778
21
-68.3038779999999974
0
LINE
8
BLACK
6
CONTINUOUS
10
203.7628419999999778
20
-68.3038779999999974
11
203.738915999999989
21
-68.319864999999993
0
LINE
8
BLACK
6
CONTINUOUS
10
203.738915999999989
20
-68.319864999999993
11
203.710692999999992
21
-68.3254790000000014
0
LINE
8
BLACK
6
CONTINUOUS
10
203.710692999999992
20
-68.3254790000000014
11
202.4081929999999829
21
-68.3254790000000014
0
LINE
8
BLACK
6
CONTINUOUS
10
202.4081929999999829
20
-68.3254790000000014
11
202.3799699999999859
21
-68.319864999999993
0
LINE
8
BLACK
6
CONTINUOUS
10
202.3799699999999859
20
-68.319864999999993
11
202.3560439999999971
21
-68.3038779999999974
0
LINE
8
BLACK
6
CONTINUOUS
10
202.3560439999999971
20
-68.3038779999999974
11
202.3400570000000016
21
-68.2799519999999944
0
LINE
8
BLACK
6
CONTINUOUS
10
202.3400570000000016
20
-68.2799519999999944
11
202.3344429999999932
21
-68.2517289999999974
0
LINE
8
BLACK
6
CONTINUOUS
10
202.3344429999999932
20
-68.2517289999999974
11
202.3344429999999932
21
-67.809229000000002
0
LINE
8
BLACK
6
CONTINUOUS
10
202.3344429999999932
20
-67.809229000000002
11
202.3400570000000016
21
-67.7810059999999908
0
LINE
8
BLACK
6
CONTINUOUS
10
202.3400570000000016
20
-67.7810059999999908
11
202.3560439999999971
21
-67.757080000000002
0
LINE
8
BLACK
6
CONTINUOUS
10
202.3560439999999971
20
-67.757080000000002
11
202.3799699999999859
21
-67.7410929999999922
0
LINE
8
BLACK
6
CONTINUOUS
10
202.3799699999999859
20
-67.7410929999999922
11
202.4081929999999829
21
-67.735478999999998
0
LINE
8
BLACK
6
CONTINUOUS
10
202.4081929999999829
20
-67.735478999999998
11
203.710692999999992
21
-67.735478999999998
0
LINE
8
BLACK
6
CONTINUOUS
10
203.710692999999992
20
-67.735478999999998
11
203.738915999999989
21
-67.7410929999999922
0
LINE
8
BLACK
6
CONTINUOUS
10
206.0489159999999913
20
-67.7410929999999922
11
206.0728419999999801
21
-67.757080000000002
0
LINE
8
BLACK
6
CONTINUOUS
10
206.0728419999999801
20
-67.757080000000002
11
206.088829000000004
21
-67.7810059999999908
0
LINE
8
BLACK
6
CONTINUOUS
10
206.088829000000004
20
-67.7810059999999908
11
206.0944429999999841
21
-67.809229000000002
0
LINE
8
BLACK
6
CONTINUOUS
10
206.0944429999999841
20
-67.809229000000002
11
206.0944429999999841
21
-68.2517289999999974
0
LINE
8
BLACK
6
CONTINUOUS
10
206.0944429999999841
20
-68.2517289999999974
11
206.088829000000004
21
-68.2799519999999944
0
LINE
8
BLACK
6
CONTINUOUS
10
206.088829000000004
20
-68.2799519999999944
11
206.0728419999999801
21
-68.3038779999999974
0
LINE
8
BLACK
6
CONTINUOUS
10
206.0728419999999801
20
-68.3038779999999974
11
206.0489159999999913
21
-68.319864999999993
0
LINE
8
BLACK
6
CONTINUOUS
10
206.0489159999999913
20
-68.319864999999993
11
206.0206929999999943
21
-68.3254790000000014
0
LINE
8
BLACK
6
CONTINUOUS
10
206.0206929999999943
20
-68.3254790000000014
11
204.7181929999999852
21
-68.3254790000000014
0
LINE
8
BLACK
6
CONTINUOUS
10
204.7181929999999852
20
-68.3254790000000014
11
204.6899699999999882
21
-68.319864999999993
0
LINE
8
BLACK
6
CONTINUOUS
10
204.6899699999999882
20
-68.319864999999993
11
204.6660439999999994
21
-68.3038779999999974
0
LINE
8
BLACK
6
CONTINUOUS
10
204.6660439999999994
20
-68.3038779999999974
11
204.6500570000000039
21
-68.2799519999999944
0
LINE
8
BLACK
6
CONTINUOUS
10
204.6500570000000039
20
-68.2799519999999944
11
204.6444429999999954
21
-68.2517289999999974
0
LINE
8
BLACK
6
CONTINUOUS
10
204.6444429999999954
20
-68.2517289999999974
11
204.6444429999999954
21
-67.809229000000002
0
LINE
8
BLACK
6
CONTINUOUS
10
204.6444429999999954
20
-67.809229000000002
11
204.6500570000000039
21
-67.7810059999999908
0
LINE
8
BLACK
6
CONTINUOUS
10
204.6500570000000039
20
-67.7810059999999908
11
204.6660439999999994
21
-67.757080000000002
0
LINE
8
BLACK
6
CONTINUOUS
10
204.6660439999999994
20
-67.757080000000002
11
204.6899699999999882
21
-67.7410929999999922
0
LINE
8
BLACK
6
CONTINUOUS
10
204.6899699999999882
20
-67.7410929999999922
11
204.7181929999999852
21
-67.735478999999998
0
LINE
8
BLACK
6
CONTINUOUS
10
204.7181929999999852
20
-67.735478999999998
11
206.0206929999999943
21
-67.735478999999998
0
LINE
8
BLACK
6
CONTINUOUS
10
206.0206929999999943
20
-67.735478999999998
11
206.0489159999999913
21
-67.7410929999999922
0
LINE
8
BLACK
6
CONTINUOUS
10
191.4251139999999793
20
-66.8645089999999982
11
191.5062199999999848
21
-66.9187019999999961
0
LINE
8
BLACK
6
CONTINUOUS
10
191.5062199999999848
20
-66.9187019999999961
11
191.5604129999999827
21
-66.9998080000000016
0
LINE
8
BLACK
6
CONTINUOUS
10
191.5604129999999827
20
-66.9998080000000016
11
191.5794429999999977
21
-67.0954789999999974
0
LINE
8
BLACK
6
CONTINUOUS
10
191.5794429999999977
20
-67.0954789999999974
11
191.5794429999999977
21
-67.7954790000000003
0
LINE
8
BLACK
6
CONTINUOUS
10
191.5794429999999977
20
-67.7954790000000003
11
191.5604129999999827
21
-67.8911499999999961
0
LINE
8
BLACK
6
CONTINUOUS
10
191.5604129999999827
20
-67.8911499999999961
11
191.5062199999999848
21
-67.9722560000000016
0
LINE
8
BLACK
6
CONTINUOUS
10
191.5062199999999848
20
-67.9722560000000016
11
191.4251139999999793
21
-68.0264489999999995
0
LINE
8
BLACK
6
CONTINUOUS
10
191.4251139999999793
20
-68.0264489999999995
11
191.3294429999999977
21
-68.0454790000000003
0
LINE
8
BLACK
6
CONTINUOUS
10
191.3294429999999977
20
-68.0454790000000003
11
190.429442999999992
21
-68.0454790000000003
0
LINE
8
BLACK
6
CONTINUOUS
10
190.429442999999992
20
-68.0454790000000003
11
190.333771999999982
21
-68.0264489999999995
0
LINE
8
BLACK
6
CONTINUOUS
10
190.333771999999982
20
-68.0264489999999995
11
190.2526660000000049
21
-67.9722560000000016
0
LINE
8
BLACK
6
CONTINUOUS
10
190.2526660000000049
20
-67.9722560000000016
11
190.1984729999999786
21
-67.8911499999999961
0
LINE
8
BLACK
6
CONTINUOUS
10
190.1984729999999786
20
-67.8911499999999961
11
190.179442999999992
21
-67.7954790000000003
0
LINE
8
BLACK
6
CONTINUOUS
10
190.179442999999992
20
-67.7954790000000003
11
190.179442999999992
21
-67.0954789999999974
0
LINE
8
BLACK
6
CONTINUOUS
10
190.179442999999992
20
-67.0954789999999974
11
190.1984729999999786
21
-66.9998080000000016
0
LINE
8
BLACK
6
CONTINUOUS
10
190.1984729999999786
20
-66.9998080000000016
11
190.2526660000000049
21
-66.9187019999999961
0
LINE
8
BLACK
6
CONTINUOUS
10
190.2526660000000049
20
-66.9187019999999961
11
190.333771999999982
21
-66.8645089999999982
0
LINE
8
BLACK
6
CONTINUOUS
10
190.333771999999982
20
-66.8645089999999982
11
190.429442999999992
21
-66.8454789999999974
0
LINE
8
BLACK
6
CONTINUOUS
10
190.429442999999992
20
-66.8454789999999974
11
191.3294429999999977
21
-66.8454789999999974
0
LINE
8
BLACK
6
CONTINUOUS
10
191.3294429999999977
20
-66.8454789999999974
11
191.4251139999999793
21
-66.8645089999999982
0
LINE
8
BLACK
6
CONTINUOUS
10
200.5151139999999828
20
-66.3195089999999965
11
200.5962199999999882
21
-66.3737019999999944
0
LINE
8
BLACK
6
CONTINUOUS
10
200.5962199999999882
20
-66.3737019999999944
11
200.6504129999999861
21
-66.4548079999999999
0
LINE
8
BLACK
6
CONTINUOUS
10
200.6504129999999861
20
-66.4548079999999999
11
200.6694430000000011
21
-66.5504789999999957
0
LINE
8
BLACK
6
CONTINUOUS
10
200.6694430000000011
20
-66.5504789999999957
11
200.6694430000000011
21
-67.2004790000000014
0
LINE
8
BLACK
6
CONTINUOUS
10
200.6694430000000011
20
-67.2004790000000014
11
200.6504129999999861
21
-67.2961499999999972
0
LINE
8
BLACK
6
CONTINUOUS
10
200.6504129999999861
20
-67.2961499999999972
11
200.5962199999999882
21
-67.3772560000000027
0
LINE
8
BLACK
6
CONTINUOUS
10
200.5962199999999882
20
-67.3772560000000027
11
200.5151139999999828
21
-67.4314490000000006
0
LINE
8
BLACK
6
CONTINUOUS
10
200.5151139999999828
20
-67.4314490000000006
11
200.4194430000000011
21
-67.4504790000000014
0
LINE
8
BLACK
6
CONTINUOUS
10
200.4194430000000011
20
-67.4504790000000014
11
199.1194429999999898
21
-67.4504790000000014
0
LINE
8
BLACK
6
CONTINUOUS
10
199.1194429999999898
20
-67.4504790000000014
11
199.0237719999999797
21
-67.4314490000000006
0
LINE
8
BLACK
6
CONTINUOUS
10
199.0237719999999797
20
-67.4314490000000006
11
198.9426660000000027
21
-67.3772560000000027
0
LINE
8
BLACK
6
CONTINUOUS
10
198.9426660000000027
20
-67.3772560000000027
11
198.8884730000000047
21
-67.2961499999999972
0
LINE
8
BLACK
6
CONTINUOUS
10
198.8884730000000047
20
-67.2961499999999972
11
198.8694429999999898
21
-67.2004790000000014
0
LINE
8
BLACK
6
CONTINUOUS
10
198.8694429999999898
20
-67.2004790000000014
11
198.8694429999999898
21
-66.5504789999999957
0
LINE
8
BLACK
6
CONTINUOUS
10
198.8694429999999898
20
-66.5504789999999957
11
198.8884730000000047
21
-66.4548079999999999
0
LINE
8
BLACK
6
CONTINUOUS
10
198.8884730000000047
20
-66.4548079999999999
11
198.9426660000000027
21
-66.3737019999999944
0
LINE
8
BLACK
6
CONTINUOUS
10
198.9426660000000027
20
-66.3737019999999944
11
199.0237719999999797
21
-66.3195089999999965
0
LINE
8
BLACK
6
CONTINUOUS
10
199.0237719999999797
20
-66.3195089999999965
11
199.1194429999999898
21
-66.3004789999999957
0
LINE
8
BLACK
6
CONTINUOUS
10
199.1194429999999898
20
-66.3004789999999957
11
200.4194430000000011
21
-66.3004789999999957
0
LINE
8
BLACK
6
CONTINUOUS
10
200.4194430000000011
20
-66.3004789999999957
11
200.5151139999999828
21
-66.3195089999999965
0
LINE
8
BLACK
6
CONTINUOUS
10
203.738915999999989
20
-66.7910930000000036
11
203.7628419999999778
21
-66.8070799999999991
0
LINE
8
BLACK
6
CONTINUOUS
10
203.7628419999999778
20
-66.8070799999999991
11
203.7788290000000018
21
-66.8310060000000021
0
LINE
8
BLACK
6
CONTINUOUS
10
203.7788290000000018
20
-66.8310060000000021
11
203.7844429999999818
21
-66.8592289999999991
0
LINE
8
BLACK
6
CONTINUOUS
10
203.7844429999999818
20
-66.8592289999999991
11
203.7844429999999818
21
-67.3017289999999946
0
LINE
8
BLACK
6
CONTINUOUS
10
203.7844429999999818
20
-67.3017289999999946
11
203.7788290000000018
21
-67.3299519999999916
0
LINE
8
BLACK
6
CONTINUOUS
10
203.7788290000000018
20
-67.3299519999999916
11
203.7628419999999778
21
-67.3538779999999946
0
LINE
8
BLACK
6
CONTINUOUS
10
203.7628419999999778
20
-67.3538779999999946
11
203.738915999999989
21
-67.3698649999999901
0
LINE
8
BLACK
6
CONTINUOUS
10
203.738915999999989
20
-67.3698649999999901
11
203.710692999999992
21
-67.3754789999999986
0
LINE
8
BLACK
6
CONTINUOUS
10
203.710692999999992
20
-67.3754789999999986
11
202.4081929999999829
21
-67.3754789999999986
0
LINE
8
BLACK
6
CONTINUOUS
10
202.4081929999999829
20
-67.3754789999999986
11
202.3799699999999859
21
-67.3698649999999901
0
LINE
8
BLACK
6
CONTINUOUS
10
202.3799699999999859
20
-67.3698649999999901
11
202.3560439999999971
21
-67.3538779999999946
0
LINE
8
BLACK
6
CONTINUOUS
10
202.3560439999999971
20
-67.3538779999999946
11
202.3400570000000016
21
-67.3299519999999916
0
LINE
8
BLACK
6
CONTINUOUS
10
202.3400570000000016
20
-67.3299519999999916
11
202.3344429999999932
21
-67.3017289999999946
0
LINE
8
BLACK
6
CONTINUOUS
10
202.3344429999999932
20
-67.3017289999999946
11
202.3344429999999932
21
-66.8592289999999991
0
LINE
8
BLACK
6
CONTINUOUS
10
202.3344429999999932
20
-66.8592289999999991
11
202.3400570000000016
21
-66.8310060000000021
0
LINE
8
BLACK
6
CONTINUOUS
10
202.3400570000000016
20
-66.8310060000000021
11
202.3560439999999971
21
-66.8070799999999991
0
LINE
8
BLACK
6
CONTINUOUS
10
202.3560439999999971
20
-66.8070799999999991
11
202.3799699999999859
21
-66.7910930000000036
0
LINE
8
BLACK
6
CONTINUOUS
10
202.3799699999999859
20
-66.7910930000000036
11
202.4081929999999829
21
-66.7854789999999952
0
LINE
8
BLACK
6
CONTINUOUS
10
202.4081929999999829
20
-66.7854789999999952
11
203.710692999999992
21
-66.7854789999999952
0
LINE
8
BLACK
6
CONTINUOUS
10
203.710692999999992
20
-66.7854789999999952
11
203.738915999999989
21
-66.7910930000000036
0
LINE
8
BLACK
6
CONTINUOUS
10
206.0489159999999913
20
-66.7910930000000036
11
206.0728419999999801
21
-66.8070799999999991
0
LINE
8
BLACK
6
CONTINUOUS
10
206.0728419999999801
20
-66.8070799999999991
11
206.088829000000004
21
-66.8310060000000021
0
LINE
8
BLACK
6
CONTINUOUS
10
206.088829000000004
20
-66.8310060000000021
11
206.0944429999999841
21
-66.8592289999999991
0
LINE
8
BLACK
6
CONTINUOUS
10
206.0944429999999841
20
-66.8592289999999991
11
206.0944429999999841
21
-67.3017289999999946
0
LINE
8
BLACK
6
CONTINUOUS
10
206.0944429999999841
20
-67.3017289999999946
11
206.088829000000004
21
-67.3299519999999916
0
LINE
8
BLACK
6
CONTINUOUS
10
206.088829000000004
20
-67.3299519999999916
11
206.0728419999999801
21
-67.3538779999999946
0
LINE
8
BLACK
6
CONTINUOUS
10
206.0728419999999801
20
-67.3538779999999946
11
206.0489159999999913
21
-67.3698649999999901
0
LINE
8
BLACK
6
CONTINUOUS
10
206.0489159999999913
20
-67.3698649999999901
11
206.0206929999999943
21
-67.3754789999999986
0
LINE
8
BLACK
6
CONTINUOUS
10
206.0206929999999943
20
-67.3754789999999986
11
204.7181929999999852
21
-67.3754789999999986
0
LINE
8
BLACK
6
CONTINUOUS
10
204.7181929999999852
20
-67.3754789999999986
11
204.6899699999999882
21
-67.3698649999999901
0
LINE
8
BLACK
6
CONTINUOUS
10
204.6899699999999882
20
-67.3698649999999901
11
204.6660439999999994
21
-67.3538779999999946
0
LINE
8
BLACK
6
CONTINUOUS
10
204.6660439999999994
20
-67.3538779999999946
11
204.6500570000000039
21
-67.3299519999999916
0
LINE
8
BLACK
6
CONTINUOUS
10
204.6500570000000039
20
-67.3299519999999916
11
204.6444429999999954
21
-67.3017289999999946
0
LINE
8
BLACK
6
CONTINUOUS
10
204.6444429999999954
20
-67.3017289999999946
11
204.6444429999999954
21
-66.8592289999999991
0
LINE
8
BLACK
6
CONTINUOUS
10
204.6444429999999954
20
-66.8592289999999991
11
204.6500570000000039
21
-66.8310060000000021
0
LINE
8
BLACK
6
CONTINUOUS
10
204.6500570000000039
20
-66.8310060000000021
11
204.6660439999999994
21
-66.8070799999999991
0
LINE
8
BLACK
6
CONTINUOUS
10
204.6660439999999994
20
-66.8070799999999991
11
204.6899699999999882
21
-66.7910930000000036
0
LINE
8
BLACK
6
CONTINUOUS
10
204.6899699999999882
20
-66.7910930000000036
11
204.7181929999999852
21
-66.7854789999999952
0
LINE
8
BLACK
6
CONTINUOUS
10
204.7181929999999852
20
-66.7854789999999952
11
206.0206929999999943
21
-66.7854789999999952
0
LINE
8
BLACK
6
CONTINUOUS
10
206.0206929999999943
20
-66.7854789999999952
11
206.0489159999999913
21
-66.7910930000000036
0
LINE
8
BLACK
6
CONTINUOUS
10
196.5776970000000006
20
-65.4616829999999936
11
197.2776969999999892
21
-66.0616830000000022
0
LINE
8
BLACK
6
CONTINUOUS
10
197.2776969999999892
20
-66.0616830000000022
11
197.2794279999999958
21
-66.0650959999999969
0
LINE
8
BLACK
6
CONTINUOUS
10
197.2794279999999958
20
-66.0650959999999969
11
197.2794429999999863
21
-66.0654789999999963
0
LINE
8
BLACK
6
CONTINUOUS
10
197.2794429999999863
20
-66.0654789999999963
11
197.2794429999999863
21
-67.0654789999999963
0
LINE
8
BLACK
6
CONTINUOUS
10
197.2794429999999863
20
-67.0654789999999963
11
197.2779789999999878
21
-67.0690149999999932
0
LINE
8
BLACK
6
CONTINUOUS
10
197.2779789999999878
20
-67.0690149999999932
11
197.2744429999999909
21
-67.0704789999999917
0
LINE
8
BLACK
6
CONTINUOUS
10
197.2744429999999909
20
-67.0704789999999917
11
193.3744429999999852
21
-67.0704789999999917
0
LINE
8
BLACK
6
CONTINUOUS
10
193.3744429999999852
20
-67.0704789999999917
11
193.3709069999999883
21
-67.0690149999999932
0
LINE
8
BLACK
6
CONTINUOUS
10
193.3709069999999883
20
-67.0690149999999932
11
193.3694429999999898
21
-67.0654789999999963
0
LINE
8
BLACK
6
CONTINUOUS
10
193.3694429999999898
20
-67.0654789999999963
11
193.3694429999999898
21
-66.0654789999999963
0
LINE
8
BLACK
6
CONTINUOUS
10
193.3694429999999898
20
-66.0654789999999963
11
193.3709069999999883
21
-66.0619429999999994
0
LINE
8
BLACK
6
CONTINUOUS
10
193.3709069999999883
20
-66.0619429999999994
11
193.3711889999999869
21
-66.0616830000000022
0
LINE
8
BLACK
6
CONTINUOUS
10
193.3711889999999869
20
-66.0616830000000022
11
194.0711890000000039
21
-65.4616829999999936
0
LINE
8
BLACK
6
CONTINUOUS
10
194.0711890000000039
20
-65.4616829999999936
11
194.0744430000000023
21
-65.4604789999999923
0
LINE
8
BLACK
6
CONTINUOUS
10
194.0744430000000023
20
-65.4604789999999923
11
196.5744430000000023
21
-65.4604789999999923
0
LINE
8
BLACK
6
CONTINUOUS
10
196.5744430000000023
20
-65.4604789999999923
11
196.5776970000000006
21
-65.4616829999999936
0
LINE
8
BLACK
6
CONTINUOUS
10
208.7401139999999771
20
-65.1295089999999988
11
208.8212199999999825
21
-65.1837019999999967
0
LINE
8
BLACK
6
CONTINUOUS
10
208.8212199999999825
20
-65.1837019999999967
11
208.8754129999999805
21
-65.2648080000000022
0
LINE
8
BLACK
6
CONTINUOUS
10
208.8754129999999805
20
-65.2648080000000022
11
208.8944429999999954
21
-65.360478999999998
0
LINE
8
BLACK
6
CONTINUOUS
10
208.8944429999999954
20
-65.360478999999998
11
208.8944429999999954
21
-66.2604790000000037
0
LINE
8
BLACK
6
CONTINUOUS
10
208.8944429999999954
20
-66.2604790000000037
11
208.8754129999999805
21
-66.3561499999999995
0
LINE
8
BLACK
6
CONTINUOUS
10
208.8754129999999805
20
-66.3561499999999995
11
208.8212199999999825
21
-66.4372559999999908
0
LINE
8
BLACK
6
CONTINUOUS
10
208.8212199999999825
20
-66.4372559999999908
11
208.7401139999999771
21
-66.4914490000000029
0
LINE
8
BLACK
6
CONTINUOUS
10
208.7401139999999771
20
-66.4914490000000029
11
208.6444429999999954
21
-66.5104790000000037
0
LINE
8
BLACK
6
CONTINUOUS
10
208.6444429999999954
20
-66.5104790000000037
11
207.9444429999999784
21
-66.5104790000000037
0
LINE
8
BLACK
6
CONTINUOUS
10
207.9444429999999784
20
-66.5104790000000037
11
207.8487719999999968
21
-66.4914490000000029
0
LINE
8
BLACK
6
CONTINUOUS
10
207.8487719999999968
20
-66.4914490000000029
11
207.7676659999999913
21
-66.4372559999999908
0
LINE
8
BLACK
6
CONTINUOUS
10
207.7676659999999913
20
-66.4372559999999908
11
207.7134729999999934
21
-66.3561499999999995
0
LINE
8
BLACK
6
CONTINUOUS
10
207.7134729999999934
20
-66.3561499999999995
11
207.6944429999999784
21
-66.2604790000000037
0
LINE
8
BLACK
6
CONTINUOUS
10
207.6944429999999784
20
-66.2604790000000037
11
207.6944429999999784
21
-65.360478999999998
0
LINE
8
BLACK
6
CONTINUOUS
10
207.6944429999999784
20
-65.360478999999998
11
207.7134729999999934
21
-65.2648080000000022
0
LINE
8
BLACK
6
CONTINUOUS
10
207.7134729999999934
20
-65.2648080000000022
11
207.7676659999999913
21
-65.1837019999999967
0
LINE
8
BLACK
6
CONTINUOUS
10
207.7676659999999913
20
-65.1837019999999967
11
207.8487719999999968
21
-65.1295089999999988
0
LINE
8
BLACK
6
CONTINUOUS
10
207.8487719999999968
20
-65.1295089999999988
11
207.9444429999999784
21
-65.110478999999998
0
LINE
8
BLACK
6
CONTINUOUS
10
207.9444429999999784
20
-65.110478999999998
11
208.6444429999999954
21
-65.110478999999998
0
LINE
8
BLACK
6
CONTINUOUS
10
208.6444429999999954
20
-65.110478999999998
11
208.7401139999999771
21
-65.1295089999999988
0
LINE
8
BLACK
6
CONTINUOUS
10
210.7401139999999771
20
-65.1295089999999988
11
210.8212199999999825
21
-65.1837019999999967
0
LINE
8
BLACK
6
CONTINUOUS
10
210.8212199999999825
20
-65.1837019999999967
11
210.8754129999999805
21
-65.2648080000000022
0
LINE
8
BLACK
6
CONTINUOUS
10
210.8754129999999805
20
-65.2648080000000022
11
210.8944429999999954
21
-65.360478999999998
0
LINE
8
BLACK
6
CONTINUOUS
10
210.8944429999999954
20
-65.360478999999998
11
210.8944429999999954
21
-66.2604790000000037
0
LINE
8
BLACK
6
CONTINUOUS
10
210.8944429999999954
20
-66.2604790000000037
11
210.8754129999999805
21
-66.3561499999999995
0
LINE
8
BLACK
6
CONTINUOUS
10
210.8754129999999805
20
-66.3561499999999995
11
210.8212199999999825
21
-66.4372559999999908
0
LINE
8
BLACK
6
CONTINUOUS
10
210.8212199999999825
20
-66.4372559999999908
11
210.7401139999999771
21
-66.4914490000000029
0
LINE
8
BLACK
6
CONTINUOUS
10
210.7401139999999771
20
-66.4914490000000029
11
210.6444429999999954
21
-66.5104790000000037
0
LINE
8
BLACK
6
CONTINUOUS
10
210.6444429999999954
20
-66.5104790000000037
11
209.9444429999999784
21
-66.5104790000000037
0
LINE
8
BLACK
6
CONTINUOUS
10
209.9444429999999784
20
-66.5104790000000037
11
209.8487719999999968
21
-66.4914490000000029
0
LINE
8
BLACK
6
CONTINUOUS
10
209.8487719999999968
20
-66.4914490000000029
11
209.7676659999999913
21
-66.4372559999999908
0
LINE
8
BLACK
6
CONTINUOUS
10
209.7676659999999913
20
-66.4372559999999908
11
209.7134729999999934
21
-66.3561499999999995
0
LINE
8
BLACK
6
CONTINUOUS
10
209.7134729999999934
20
-66.3561499999999995
11
209.6944429999999784
21
-66.2604790000000037
0
LINE
8
BLACK
6
CONTINUOUS
10
209.6944429999999784
20
-66.2604790000000037
11
209.6944429999999784
21
-65.360478999999998
0
LINE
8
BLACK
6
CONTINUOUS
10
209.6944429999999784
20
-65.360478999999998
11
209.7134729999999934
21
-65.2648080000000022
0
LINE
8
BLACK
6
CONTINUOUS
10
209.7134729999999934
20
-65.2648080000000022
11
209.7676659999999913
21
-65.1837019999999967
0
LINE
8
BLACK
6
CONTINUOUS
10
209.7676659999999913
20
-65.1837019999999967
11
209.8487719999999968
21
-65.1295089999999988
0
LINE
8
BLACK
6
CONTINUOUS
10
209.8487719999999968
20
-65.1295089999999988
11
209.9444429999999784
21
-65.110478999999998
0
LINE
8
BLACK
6
CONTINUOUS
10
209.9444429999999784
20
-65.110478999999998
11
210.6444429999999954
21
-65.110478999999998
0
LINE
8
BLACK
6
CONTINUOUS
10
210.6444429999999954
20
-65.110478999999998
11
210.7401139999999771
21
-65.1295089999999988
0
LINE
8
BLACK
6
CONTINUOUS
10
203.738915999999989
20
-65.8410930000000008
11
203.7628419999999778
21
-65.8570799999999963
0
LINE
8
BLACK
6
CONTINUOUS
10
203.7628419999999778
20
-65.8570799999999963
11
203.7788290000000018
21
-65.8810059999999993
0
LINE
8
BLACK
6
CONTINUOUS
10
203.7788290000000018
20
-65.8810059999999993
11
203.7844429999999818
21
-65.9092289999999963
0
LINE
8
BLACK
6
CONTINUOUS
10
203.7844429999999818
20
-65.9092289999999963
11
203.7844429999999818
21
-66.3517289999999917
0
LINE
8
BLACK
6
CONTINUOUS
10
203.7844429999999818
20
-66.3517289999999917
11
203.7788290000000018
21
-66.379952000000003
0
LINE
8
BLACK
6
CONTINUOUS
10
203.7788290000000018
20
-66.379952000000003
11
203.7628419999999778
21
-66.4038779999999917
0
LINE
8
BLACK
6
CONTINUOUS
10
203.7628419999999778
20
-66.4038779999999917
11
203.738915999999989
21
-66.4198650000000015
0
LINE
8
BLACK
6
CONTINUOUS
10
203.738915999999989
20
-66.4198650000000015
11
203.710692999999992
21
-66.4254789999999957
0
LINE
8
BLACK
6
CONTINUOUS
10
203.710692999999992
20
-66.4254789999999957
11
202.4081929999999829
21
-66.4254789999999957
0
LINE
8
BLACK
6
CONTINUOUS
10
202.4081929999999829
20
-66.4254789999999957
11
202.3799699999999859
21
-66.4198650000000015
0
LINE
8
BLACK
6
CONTINUOUS
10
202.3799699999999859
20
-66.4198650000000015
11
202.3560439999999971
21
-66.4038779999999917
0
LINE
8
BLACK
6
CONTINUOUS
10
202.3560439999999971
20
-66.4038779999999917
11
202.3400570000000016
21
-66.379952000000003
0
LINE
8
BLACK
6
CONTINUOUS
10
202.3400570000000016
20
-66.379952000000003
11
202.3344429999999932
21
-66.3517289999999917
0
LINE
8
BLACK
6
CONTINUOUS
10
202.3344429999999932
20
-66.3517289999999917
11
202.3344429999999932
21
-65.9092289999999963
0
LINE
8
BLACK
6
CONTINUOUS
10
202.3344429999999932
20
-65.9092289999999963
11
202.3400570000000016
21
-65.8810059999999993
0
LINE
8
BLACK
6
CONTINUOUS
10
202.3400570000000016
20
-65.8810059999999993
11
202.3560439999999971
21
-65.8570799999999963
0
LINE
8
BLACK
6
CONTINUOUS
10
202.3560439999999971
20
-65.8570799999999963
11
202.3799699999999859
21
-65.8410930000000008
0
LINE
8
BLACK
6
CONTINUOUS
10
202.3799699999999859
20
-65.8410930000000008
11
202.4081929999999829
21
-65.8354789999999923
0
LINE
8
BLACK
6
CONTINUOUS
10
202.4081929999999829
20
-65.8354789999999923
11
203.710692999999992
21
-65.8354789999999923
0
LINE
8
BLACK
6
CONTINUOUS
10
203.710692999999992
20
-65.8354789999999923
11
203.738915999999989
21
-65.8410930000000008
0
LINE
8
BLACK
6
CONTINUOUS
10
206.0489159999999913
20
-65.8410930000000008
11
206.0728419999999801
21
-65.8570799999999963
0
LINE
8
BLACK
6
CONTINUOUS
10
206.0728419999999801
20
-65.8570799999999963
11
206.088829000000004
21
-65.8810059999999993
0
LINE
8
BLACK
6
CONTINUOUS
10
206.088829000000004
20
-65.8810059999999993
11
206.0944429999999841
21
-65.9092289999999963
0
LINE
8
BLACK
6
CONTINUOUS
10
206.0944429999999841
20
-65.9092289999999963
11
206.0944429999999841
21
-66.3517289999999917
0
LINE
8
BLACK
6
CONTINUOUS
10
206.0944429999999841
20
-66.3517289999999917
11
206.088829000000004
21
-66.379952000000003
0
LINE
8
BLACK
6
CONTINUOUS
10
206.088829000000004
20
-66.379952000000003
11
206.0728419999999801
21
-66.4038779999999917
0
LINE
8
BLACK
6
CONTINUOUS
10
206.0728419999999801
20
-66.4038779999999917
11
206.0489159999999913
21
-66.4198650000000015
0
LINE
8
BLACK
6
CONTINUOUS
10
206.0489159999999913
20
-66.4198650000000015
11
206.0206929999999943
21
-66.4254789999999957
0
LINE
8
BLACK
6
CONTINUOUS
10
206.0206929999999943
20
-66.4254789999999957
11
204.7181929999999852
21
-66.4254789999999957
0
LINE
8
BLACK
6
CONTINUOUS
10
204.7181929999999852
20
-66.4254789999999957
11
204.6899699999999882
21
-66.4198650000000015
0
LINE
8
BLACK
6
CONTINUOUS
10
204.6899699999999882
20
-66.4198650000000015
11
204.6660439999999994
21
-66.4038779999999917
0
LINE
8
BLACK
6
CONTINUOUS
10
204.6660439999999994
20
-66.4038779999999917
11
204.6500570000000039
21
-66.379952000000003
0
LINE
8
BLACK
6
CONTINUOUS
10
204.6500570000000039
20
-66.379952000000003
11
204.6444429999999954
21
-66.3517289999999917
0
LINE
8
BLACK
6
CONTINUOUS
10
204.6444429999999954
20
-66.3517289999999917
11
204.6444429999999954
21
-65.9092289999999963
0
LINE
8
BLACK
6
CONTINUOUS
10
204.6444429999999954
20
-65.9092289999999963
11
204.6500570000000039
21
-65.8810059999999993
0
LINE
8
BLACK
6
CONTINUOUS
10
204.6500570000000039
20
-65.8810059999999993
11
204.6660439999999994
21
-65.8570799999999963
0
LINE
8
BLACK
6
CONTINUOUS
10
204.6660439999999994
20
-65.8570799999999963
11
204.6899699999999882
21
-65.8410930000000008
0
LINE
8
BLACK
6
CONTINUOUS
10
204.6899699999999882
20
-65.8410930000000008
11
204.7181929999999852
21
-65.8354789999999923
0
LINE
8
BLACK
6
CONTINUOUS
10
204.7181929999999852
20
-65.8354789999999923
11
206.0206929999999943
21
-65.8354789999999923
0
LINE
8
BLACK
6
CONTINUOUS
10
206.0206929999999943
20
-65.8354789999999923
11
206.0489159999999913
21
-65.8410930000000008
0
LINE
8
BLACK
6
CONTINUOUS
10
191.4251139999999793
20
-64.8645089999999982
11
191.5062199999999848
21
-64.9187019999999961
0
LINE
8
BLACK
6
CONTINUOUS
10
191.5062199999999848
20
-64.9187019999999961
11
191.5604129999999827
21
-64.9998080000000016
0
LINE
8
BLACK
6
CONTINUOUS
10
191.5604129999999827
20
-64.9998080000000016
11
191.5794429999999977
21
-65.0954789999999974
0
LINE
8
BLACK
6
CONTINUOUS
10
191.5794429999999977
20
-65.0954789999999974
11
191.5794429999999977
21
-65.7954790000000003
0
LINE
8
BLACK
6
CONTINUOUS
10
191.5794429999999977
20
-65.7954790000000003
11
191.5604129999999827
21
-65.8911499999999961
0
LINE
8
BLACK
6
CONTINUOUS
10
191.5604129999999827
20
-65.8911499999999961
11
191.5062199999999848
21
-65.9722560000000016
0
LINE
8
BLACK
6
CONTINUOUS
10
191.5062199999999848
20
-65.9722560000000016
11
191.4251139999999793
21
-66.0264489999999995
0
LINE
8
BLACK
6
CONTINUOUS
10
191.4251139999999793
20
-66.0264489999999995
11
191.3294429999999977
21
-66.0454790000000003
0
LINE
8
BLACK
6
CONTINUOUS
10
191.3294429999999977
20
-66.0454790000000003
11
190.429442999999992
21
-66.0454790000000003
0
LINE
8
BLACK
6
CONTINUOUS
10
190.429442999999992
20
-66.0454790000000003
11
190.333771999999982
21
-66.0264489999999995
0
LINE
8
BLACK
6
CONTINUOUS
10
190.333771999999982
20
-66.0264489999999995
11
190.2526660000000049
21
-65.9722560000000016
0
LINE
8
BLACK
6
CONTINUOUS
10
190.2526660000000049
20
-65.9722560000000016
11
190.1984729999999786
21
-65.8911499999999961
0
LINE
8
BLACK
6
CONTINUOUS
10
190.1984729999999786
20
-65.8911499999999961
11
190.179442999999992
21
-65.7954790000000003
0
LINE
8
BLACK
6
CONTINUOUS
10
190.179442999999992
20
-65.7954790000000003
11
190.179442999999992
21
-65.0954789999999974
0
LINE
8
BLACK
6
CONTINUOUS
10
190.179442999999992
20
-65.0954789999999974
11
190.1984729999999786
21
-64.9998080000000016
0
LINE
8
BLACK
6
CONTINUOUS
10
190.1984729999999786
20
-64.9998080000000016
11
190.2526660000000049
21
-64.9187019999999961
0
LINE
8
BLACK
6
CONTINUOUS
10
190.2526660000000049
20
-64.9187019999999961
11
190.333771999999982
21
-64.8645089999999982
0
LINE
8
BLACK
6
CONTINUOUS
10
190.333771999999982
20
-64.8645089999999982
11
190.429442999999992
21
-64.8454789999999974
0
LINE
8
BLACK
6
CONTINUOUS
10
190.429442999999992
20
-64.8454789999999974
11
191.3294429999999977
21
-64.8454789999999974
0
LINE
8
BLACK
6
CONTINUOUS
10
191.3294429999999977
20
-64.8454789999999974
11
191.4251139999999793
21
-64.8645089999999982
0
LINE
8
BLACK
6
CONTINUOUS
10
132.2096579999999904
20
-64.2908199999999965
11
130.0096580000000017
21
-64.2908199999999965
0
LINE
8
BLACK
6
CONTINUOUS
10
130.0096580000000017
20
-64.2908199999999965
11
130.0096580000000017
21
-60.4908199999999994
0
LINE
8
BLACK
6
CONTINUOUS
10
130.0096580000000017
20
-60.4908199999999994
11
132.2096579999999904
21
-60.4908199999999994
0
LINE
8
BLACK
6
CONTINUOUS
10
132.2096579999999904
20
-60.4908199999999994
11
132.2096579999999904
21
-64.2908199999999965
0
LINE
8
BLACK
6
CONTINUOUS
10
134.7496579999999824
20
-64.2908199999999965
11
132.5496579999999938
21
-64.2908199999999965
0
LINE
8
BLACK
6
CONTINUOUS
10
132.5496579999999938
20
-64.2908199999999965
11
132.5496579999999938
21
-60.4908199999999994
0
LINE
8
BLACK
6
CONTINUOUS
10
132.5496579999999938
20
-60.4908199999999994
11
134.7496579999999824
21
-60.4908199999999994
0
LINE
8
BLACK
6
CONTINUOUS
10
134.7496579999999824
20
-60.4908199999999994
11
134.7496579999999824
21
-64.2908199999999965
0
LINE
8
BLACK
6
CONTINUOUS
10
137.2896580000000029
20
-64.2908199999999965
11
135.0896579999999858
21
-64.2908199999999965
0
LINE
8
BLACK
6
CONTINUOUS
10
135.0896579999999858
20
-64.2908199999999965
11
135.0896579999999858
21
-60.4908199999999994
0
LINE
8
BLACK
6
CONTINUOUS
10
135.0896579999999858
20
-60.4908199999999994
11
137.2896580000000029
21
-60.4908199999999994
0
LINE
8
BLACK
6
CONTINUOUS
10
137.2896580000000029
20
-60.4908199999999994
11
137.2896580000000029
21
-64.2908199999999965
0
LINE
8
BLACK
6
CONTINUOUS
10
139.8296579999999949
20
-64.2908199999999965
11
137.6296580000000063
21
-64.2908199999999965
0
LINE
8
BLACK
6
CONTINUOUS
10
137.6296580000000063
20
-64.2908199999999965
11
137.6296580000000063
21
-60.4908199999999994
0
LINE
8
BLACK
6
CONTINUOUS
10
137.6296580000000063
20
-60.4908199999999994
11
139.8296579999999949
21
-60.4908199999999994
0
LINE
8
BLACK
6
CONTINUOUS
10
139.8296579999999949
20
-60.4908199999999994
11
139.8296579999999949
21
-64.2908199999999965
0
LINE
8
BLACK
6
CONTINUOUS
10
142.3696579999999869
20
-64.2908199999999965
11
140.1696579999999983
21
-64.2908199999999965
0
LINE
8
BLACK
6
CONTINUOUS
10
140.1696579999999983
20
-64.2908199999999965
11
140.1696579999999983
21
-60.4908199999999994
0
LINE
8
BLACK
6
CONTINUOUS
10
140.1696579999999983
20
-60.4908199999999994
11
142.3696579999999869
21
-60.4908199999999994
0
LINE
8
BLACK
6
CONTINUOUS
10
142.3696579999999869
20
-60.4908199999999994
11
142.3696579999999869
21
-64.2908199999999965
0
LINE
8
BLACK
6
CONTINUOUS
10
144.9096580000000074
20
-64.2908199999999965
11
142.7096579999999904
21
-64.2908199999999965
0
LINE
8
BLACK
6
CONTINUOUS
10
142.7096579999999904
20
-64.2908199999999965
11
142.7096579999999904
21
-60.4908199999999994
0
LINE
8
BLACK
6
CONTINUOUS
10
142.7096579999999904
20
-60.4908199999999994
11
144.9096580000000074
21
-60.4908199999999994
0
LINE
8
BLACK
6
CONTINUOUS
10
144.9096580000000074
20
-60.4908199999999994
11
144.9096580000000074
21
-64.2908199999999965
0
LINE
8
BLACK
6
CONTINUOUS
10
147.4496579999999994
20
-64.2908199999999965
11
145.2496579999999824
21
-64.2908199999999965
0
LINE
8
BLACK
6
CONTINUOUS
10
145.2496579999999824
20
-64.2908199999999965
11
145.2496579999999824
21
-60.4908199999999994
0
LINE
8
BLACK
6
CONTINUOUS
10
145.2496579999999824
20
-60.4908199999999994
11
147.4496579999999994
21
-60.4908199999999994
0
LINE
8
BLACK
6
CONTINUOUS
10
147.4496579999999994
20
-60.4908199999999994
11
147.4496579999999994
21
-64.2908199999999965
0
LINE
8
BLACK
6
CONTINUOUS
10
149.9896579999999915
20
-64.2908199999999965
11
147.7896580000000029
21
-64.2908199999999965
0
LINE
8
BLACK
6
CONTINUOUS
10
147.7896580000000029
20
-64.2908199999999965
11
147.7896580000000029
21
-60.4908199999999994
0
LINE
8
BLACK
6
CONTINUOUS
10
147.7896580000000029
20
-60.4908199999999994
11
149.9896579999999915
21
-60.4908199999999994
0
LINE
8
BLACK
6
CONTINUOUS
10
149.9896579999999915
20
-60.4908199999999994
11
149.9896579999999915
21
-64.2908199999999965
0
LINE
8
BLACK
6
CONTINUOUS
10
152.5296579999999835
20
-64.2908199999999965
11
150.3296579999999949
21
-64.2908199999999965
0
LINE
8
BLACK
6
CONTINUOUS
10
150.3296579999999949
20
-64.2908199999999965
11
150.3296579999999949
21
-60.4908199999999994
0
LINE
8
BLACK
6
CONTINUOUS
10
150.3296579999999949
20
-60.4908199999999994
11
152.5296579999999835
21
-60.4908199999999994
0
LINE
8
BLACK
6
CONTINUOUS
10
152.5296579999999835
20
-60.4908199999999994
11
152.5296579999999835
21
-64.2908199999999965
0
LINE
8
BLACK
6
CONTINUOUS
10
155.069658000000004
20
-64.2908199999999965
11
152.8696579999999869
21
-64.2908199999999965
0
LINE
8
BLACK
6
CONTINUOUS
10
152.8696579999999869
20
-64.2908199999999965
11
152.8696579999999869
21
-60.4908199999999994
0
LINE
8
BLACK
6
CONTINUOUS
10
152.8696579999999869
20
-60.4908199999999994
11
155.069658000000004
21
-60.4908199999999994
0
LINE
8
BLACK
6
CONTINUOUS
10
155.069658000000004
20
-60.4908199999999994
11
155.069658000000004
21
-64.2908199999999965
0
LINE
8
BLACK
6
CONTINUOUS
10
157.609657999999996
20
-64.2908199999999965
11
155.409657999999979
21
-64.2908199999999965
0
LINE
8
BLACK
6
CONTINUOUS
10
155.409657999999979
20
-64.2908199999999965
11
155.409657999999979
21
-60.4908199999999994
0
LINE
8
BLACK
6
CONTINUOUS
10
155.409657999999979
20
-60.4908199999999994
11
157.609657999999996
21
-60.4908199999999994
0
LINE
8
BLACK
6
CONTINUOUS
10
157.609657999999996
20
-60.4908199999999994
11
157.609657999999996
21
-64.2908199999999965
0
LINE
8
BLACK
6
CONTINUOUS
10
160.1496579999999881
20
-64.2908199999999965
11
157.9496579999999994
21
-64.2908199999999965
0
LINE
8
BLACK
6
CONTINUOUS
10
157.9496579999999994
20
-64.2908199999999965
11
157.9496579999999994
21
-60.4908199999999994
0
LINE
8
BLACK
6
CONTINUOUS
10
157.9496579999999994
20
-60.4908199999999994
11
160.1496579999999881
21
-60.4908199999999994
0
LINE
8
BLACK
6
CONTINUOUS
10
160.1496579999999881
20
-60.4908199999999994
11
160.1496579999999881
21
-64.2908199999999965
0
LINE
8
BLACK
6
CONTINUOUS
10
162.6896579999999801
20
-64.2908199999999965
11
160.4896579999999915
21
-64.2908199999999965
0
LINE
8
BLACK
6
CONTINUOUS
10
160.4896579999999915
20
-64.2908199999999965
11
160.4896579999999915
21
-60.4908199999999994
0
LINE
8
BLACK
6
CONTINUOUS
10
160.4896579999999915
20
-60.4908199999999994
11
162.6896579999999801
21
-60.4908199999999994
0
LINE
8
BLACK
6
CONTINUOUS
10
162.6896579999999801
20
-60.4908199999999994
11
162.6896579999999801
21
-64.2908199999999965
0
LINE
8
BLACK
6
CONTINUOUS
10
165.2296580000000006
20
-64.2908199999999965
11
163.0296579999999835
21
-64.2908199999999965
0
LINE
8
BLACK
6
CONTINUOUS
10
163.0296579999999835
20
-64.2908199999999965
11
163.0296579999999835
21
-60.4908199999999994
0
LINE
8
BLACK
6
CONTINUOUS
10
163.0296579999999835
20
-60.4908199999999994
11
165.2296580000000006
21
-60.4908199999999994
0
LINE
8
BLACK
6
CONTINUOUS
10
165.2296580000000006
20
-60.4908199999999994
11
165.2296580000000006
21
-64.2908199999999965
0
LINE
8
BLACK
6
CONTINUOUS
10
167.7696579999999926
20
-64.2908199999999965
11
165.569658000000004
21
-64.2908199999999965
0
LINE
8
BLACK
6
CONTINUOUS
10
165.569658000000004
20
-64.2908199999999965
11
165.569658000000004
21
-60.4908199999999994
0
LINE
8
BLACK
6
CONTINUOUS
10
165.569658000000004
20
-60.4908199999999994
11
167.7696579999999926
21
-60.4908199999999994
0
LINE
8
BLACK
6
CONTINUOUS
10
167.7696579999999926
20
-60.4908199999999994
11
167.7696579999999926
21
-64.2908199999999965
0
LINE
8
BLACK
6
CONTINUOUS
10
170.3096579999999847
20
-64.2908199999999965
11
168.109657999999996
21
-64.2908199999999965
0
LINE
8
BLACK
6
CONTINUOUS
10
168.109657999999996
20
-64.2908199999999965
11
168.109657999999996
21
-60.4908199999999994
0
LINE
8
BLACK
6
CONTINUOUS
10
168.109657999999996
20
-60.4908199999999994
11
170.3096579999999847
21
-60.4908199999999994
0
LINE
8
BLACK
6
CONTINUOUS
10
170.3096579999999847
20
-60.4908199999999994
11
170.3096579999999847
21
-64.2908199999999965
0
LINE
8
BLACK
6
CONTINUOUS
10
172.8496580000000051
20
-64.2908199999999965
11
170.6496579999999881
21
-64.2908199999999965
0
LINE
8
BLACK
6
CONTINUOUS
10
170.6496579999999881
20
-64.2908199999999965
11
170.6496579999999881
21
-60.4908199999999994
0
LINE
8
BLACK
6
CONTINUOUS
10
170.6496579999999881
20
-60.4908199999999994
11
172.8496580000000051
21
-60.4908199999999994
0
LINE
8
BLACK
6
CONTINUOUS
10
172.8496580000000051
20
-60.4908199999999994
11
172.8496580000000051
21
-64.2908199999999965
0
LINE
8
BLACK
6
CONTINUOUS
10
175.3896579999999972
20
-64.2908199999999965
11
173.1896579999999801
21
-64.2908199999999965
0
LINE
8
BLACK
6
CONTINUOUS
10
173.1896579999999801
20
-64.2908199999999965
11
173.1896579999999801
21
-60.4908199999999994
0
LINE
8
BLACK
6
CONTINUOUS
10
173.1896579999999801
20
-60.4908199999999994
11
175.3896579999999972
21
-60.4908199999999994
0
LINE
8
BLACK
6
CONTINUOUS
10
175.3896579999999972
20
-60.4908199999999994
11
175.3896579999999972
21
-64.2908199999999965
0
LINE
8
BLACK
6
CONTINUOUS
10
177.9296579999999892
20
-64.2908199999999965
11
175.7296580000000006
21
-64.2908199999999965
0
LINE
8
BLACK
6
CONTINUOUS
10
175.7296580000000006
20
-64.2908199999999965
11
175.7296580000000006
21
-60.4908199999999994
0
LINE
8
BLACK
6
CONTINUOUS
10
175.7296580000000006
20
-60.4908199999999994
11
177.9296579999999892
21
-60.4908199999999994
0
LINE
8
BLACK
6
CONTINUOUS
10
177.9296579999999892
20
-60.4908199999999994
11
177.9296579999999892
21
-64.2908199999999965
0
LINE
8
BLACK
6
CONTINUOUS
10
180.4696579999999813
20
-64.2908199999999965
11
178.2696579999999926
21
-64.2908199999999965
0
LINE
8
BLACK
6
CONTINUOUS
10
178.2696579999999926
20
-64.2908199999999965
11
178.2696579999999926
21
-60.4908199999999994
0
LINE
8
BLACK
6
CONTINUOUS
10
178.2696579999999926
20
-60.4908199999999994
11
180.4696579999999813
21
-60.4908199999999994
0
LINE
8
BLACK
6
CONTINUOUS
10
180.4696579999999813
20
-60.4908199999999994
11
180.4696579999999813
21
-64.2908199999999965
0
LINE
8
BLACK
6
CONTINUOUS
10
208.7401139999999771
20
-62.5895089999999996
11
208.8212199999999825
21
-62.6437019999999976
0
LINE
8
BLACK
6
CONTINUOUS
10
208.8212199999999825
20
-62.6437019999999976
11
208.8407959999999832
21
-62.6729999999999947
0
LINE
8
BLACK
6
CONTINUOUS
10
208.8407959999999832
20
-62.6729999999999947
11
209.2809999999999775
21
-62.6729999999999947
0
LINE
8
BLACK
6
CONTINUOUS
10
209.2809999999999775
20
-62.6729999999999947
11
209.3766709999999875
21
-62.6920299999999955
0
LINE
8
BLACK
6
CONTINUOUS
10
209.3766709999999875
20
-62.6920299999999955
11
209.457776999999993
21
-62.7462230000000005
0
LINE
8
BLACK
6
CONTINUOUS
10
209.457776999999993
20
-62.7462230000000005
11
209.5119699999999909
21
-62.8273289999999989
0
LINE
8
BLACK
6
CONTINUOUS
10
209.5119699999999909
20
-62.8273289999999989
11
209.5309999999999775
21
-62.9229999999999947
0
LINE
8
BLACK
6
CONTINUOUS
10
209.5309999999999775
20
-62.9229999999999947
11
209.5309999999999775
21
-63.8230000000000004
0
LINE
8
BLACK
6
CONTINUOUS
10
209.5309999999999775
20
-63.8230000000000004
11
209.5119699999999909
21
-63.9186709999999962
0
LINE
8
BLACK
6
CONTINUOUS
10
209.5119699999999909
20
-63.9186709999999962
11
209.457776999999993
21
-63.9997769999999946
0
LINE
8
BLACK
6
CONTINUOUS
10
209.457776999999993
20
-63.9997769999999946
11
209.3766709999999875
21
-64.0539699999999925
0
LINE
8
BLACK
6
CONTINUOUS
10
209.3766709999999875
20
-64.0539699999999925
11
209.2809999999999775
21
-64.0729999999999933
0
LINE
8
BLACK
6
CONTINUOUS
10
209.2809999999999775
20
-64.0729999999999933
11
208.5809999999999889
21
-64.0729999999999933
0
LINE
8
BLACK
6
CONTINUOUS
10
208.5809999999999889
20
-64.0729999999999933
11
208.4853289999999788
21
-64.0539699999999925
0
LINE
8
BLACK
6
CONTINUOUS
10
208.4853289999999788
20
-64.0539699999999925
11
208.4042230000000018
21
-63.9997769999999946
0
LINE
8
BLACK
6
CONTINUOUS
10
208.4042230000000018
20
-63.9997769999999946
11
208.3846470000000011
21
-63.9704789999999974
0
LINE
8
BLACK
6
CONTINUOUS
10
208.3846470000000011
20
-63.9704789999999974
11
207.9444429999999784
21
-63.9704789999999974
0
LINE
8
BLACK
6
CONTINUOUS
10
207.9444429999999784
20
-63.9704789999999974
11
207.8487719999999968
21
-63.9514489999999967
0
LINE
8
BLACK
6
CONTINUOUS
10
207.8487719999999968
20
-63.9514489999999967
11
207.7676659999999913
21
-63.8972559999999987
0
LINE
8
BLACK
6
CONTINUOUS
10
207.7676659999999913
20
-63.8972559999999987
11
207.7134729999999934
21
-63.8161500000000004
0
LINE
8
BLACK
6
CONTINUOUS
10
207.7134729999999934
20
-63.8161500000000004
11
207.6944429999999784
21
-63.7204789999999974
0
LINE
8
BLACK
6
CONTINUOUS
10
207.6944429999999784
20
-63.7204789999999974
11
207.6944429999999784
21
-62.8204789999999988
0
LINE
8
BLACK
6
CONTINUOUS
10
207.6944429999999784
20
-62.8204789999999988
11
207.7134729999999934
21
-62.7248079999999959
0
LINE
8
BLACK
6
CONTINUOUS
10
207.7134729999999934
20
-62.7248079999999959
11
207.7676659999999913
21
-62.6437019999999976
0
LINE
8
BLACK
6
CONTINUOUS
10
207.7676659999999913
20
-62.6437019999999976
11
207.8487719999999968
21
-62.5895089999999996
0
LINE
8
BLACK
6
CONTINUOUS
10
207.8487719999999968
20
-62.5895089999999996
11
207.9444429999999784
21
-62.5704789999999988
0
LINE
8
BLACK
6
CONTINUOUS
10
207.9444429999999784
20
-62.5704789999999988
11
208.6444429999999954
21
-62.5704789999999988
0
LINE
8
BLACK
6
CONTINUOUS
10
208.6444429999999954
20
-62.5704789999999988
11
208.7401139999999771
21
-62.5895089999999996
0
LINE
8
BLACK
6
CONTINUOUS
10
210.7401139999999771
20
-62.5895089999999996
11
210.8212199999999825
21
-62.6437019999999976
0
LINE
8
BLACK
6
CONTINUOUS
10
210.8212199999999825
20
-62.6437019999999976
11
210.8407959999999832
21
-62.6729999999999947
0
LINE
8
BLACK
6
CONTINUOUS
10
210.8407959999999832
20
-62.6729999999999947
11
211.2809999999999775
21
-62.6729999999999947
0
LINE
8
BLACK
6
CONTINUOUS
10
211.2809999999999775
20
-62.6729999999999947
11
211.3766709999999875
21
-62.6920299999999955
0
LINE
8
BLACK
6
CONTINUOUS
10
211.3766709999999875
20
-62.6920299999999955
11
211.457776999999993
21
-62.7462230000000005
0
LINE
8
BLACK
6
CONTINUOUS
10
211.457776999999993
20
-62.7462230000000005
11
211.5119699999999909
21
-62.8273289999999989
0
LINE
8
BLACK
6
CONTINUOUS
10
211.5119699999999909
20
-62.8273289999999989
11
211.5309999999999775
21
-62.9229999999999947
0
LINE
8
BLACK
6
CONTINUOUS
10
211.5309999999999775
20
-62.9229999999999947
11
211.5309999999999775
21
-63.8230000000000004
0
LINE
8
BLACK
6
CONTINUOUS
10
211.5309999999999775
20
-63.8230000000000004
11
211.5119699999999909
21
-63.9186709999999962
0
LINE
8
BLACK
6
CONTINUOUS
10
211.5119699999999909
20
-63.9186709999999962
11
211.457776999999993
21
-63.9997769999999946
0
LINE
8
BLACK
6
CONTINUOUS
10
211.457776999999993
20
-63.9997769999999946
11
211.3766709999999875
21
-64.0539699999999925
0
LINE
8
BLACK
6
CONTINUOUS
10
211.3766709999999875
20
-64.0539699999999925
11
211.2809999999999775
21
-64.0729999999999933
0
LINE
8
BLACK
6
CONTINUOUS
10
211.2809999999999775
20
-64.0729999999999933
11
210.5809999999999889
21
-64.0729999999999933
0
LINE
8
BLACK
6
CONTINUOUS
10
210.5809999999999889
20
-64.0729999999999933
11
210.4853289999999788
21
-64.0539699999999925
0
LINE
8
BLACK
6
CONTINUOUS
10
210.4853289999999788
20
-64.0539699999999925
11
210.4042230000000018
21
-63.9997769999999946
0
LINE
8
BLACK
6
CONTINUOUS
10
210.4042230000000018
20
-63.9997769999999946
11
210.3846470000000011
21
-63.9704789999999974
0
LINE
8
BLACK
6
CONTINUOUS
10
210.3846470000000011
20
-63.9704789999999974
11
209.9444429999999784
21
-63.9704789999999974
0
LINE
8
BLACK
6
CONTINUOUS
10
209.9444429999999784
20
-63.9704789999999974
11
209.8487719999999968
21
-63.9514489999999967
0
LINE
8
BLACK
6
CONTINUOUS
10
209.8487719999999968
20
-63.9514489999999967
11
209.7676659999999913
21
-63.8972559999999987
0
LINE
8
BLACK
6
CONTINUOUS
10
209.7676659999999913
20
-63.8972559999999987
11
209.7134729999999934
21
-63.8161500000000004
0
LINE
8
BLACK
6
CONTINUOUS
10
209.7134729999999934
20
-63.8161500000000004
11
209.6944429999999784
21
-63.7204789999999974
0
LINE
8
BLACK
6
CONTINUOUS
10
209.6944429999999784
20
-63.7204789999999974
11
209.6944429999999784
21
-62.8204789999999988
0
LINE
8
BLACK
6
CONTINUOUS
10
209.6944429999999784
20
-62.8204789999999988
11
209.7134729999999934
21
-62.7248079999999959
0
LINE
8
BLACK
6
CONTINUOUS
10
209.7134729999999934
20
-62.7248079999999959
11
209.7676659999999913
21
-62.6437019999999976
0
LINE
8
BLACK
6
CONTINUOUS
10
209.7676659999999913
20
-62.6437019999999976
11
209.8487719999999968
21
-62.5895089999999996
0
LINE
8
BLACK
6
CONTINUOUS
10
209.8487719999999968
20
-62.5895089999999996
11
209.9444429999999784
21
-62.5704789999999988
0
LINE
8
BLACK
6
CONTINUOUS
10
209.9444429999999784
20
-62.5704789999999988
11
210.6444429999999954
21
-62.5704789999999988
0
LINE
8
BLACK
6
CONTINUOUS
10
210.6444429999999954
20
-62.5704789999999988
11
210.7401139999999771
21
-62.5895089999999996
0
LINE
8
BLACK
6
CONTINUOUS
10
197.3301139999999805
20
-61.3045089999999959
11
197.4112199999999859
21
-61.3587019999999939
0
LINE
8
BLACK
6
CONTINUOUS
10
197.4112199999999859
20
-61.3587019999999939
11
197.4654129999999839
21
-61.4398079999999993
0
LINE
8
BLACK
6
CONTINUOUS
10
197.4654129999999839
20
-61.4398079999999993
11
197.4844429999999988
21
-61.5354789999999952
0
LINE
8
BLACK
6
CONTINUOUS
10
197.4844429999999988
20
-61.5354789999999952
11
197.4844429999999988
21
-63.735478999999998
0
LINE
8
BLACK
6
CONTINUOUS
10
197.4844429999999988
20
-63.735478999999998
11
197.4654129999999839
21
-63.8311499999999938
0
LINE
8
BLACK
6
CONTINUOUS
10
197.4654129999999839
20
-63.8311499999999938
11
197.4112199999999859
21
-63.9122559999999993
0
LINE
8
BLACK
6
CONTINUOUS
10
197.4112199999999859
20
-63.9122559999999993
11
197.3301139999999805
21
-63.9664489999999972
0
LINE
8
BLACK
6
CONTINUOUS
10
197.3301139999999805
20
-63.9664489999999972
11
197.2344429999999988
21
-63.985478999999998
0
LINE
8
BLACK
6
CONTINUOUS
10
197.2344429999999988
20
-63.985478999999998
11
196.4094429999999818
21
-63.985478999999998
0
LINE
8
BLACK
6
CONTINUOUS
10
196.4094429999999818
20
-63.985478999999998
11
196.3137720000000002
21
-63.9664489999999972
0
LINE
8
BLACK
6
CONTINUOUS
10
196.3137720000000002
20
-63.9664489999999972
11
196.2326659999999947
21
-63.9122559999999993
0
LINE
8
BLACK
6
CONTINUOUS
10
196.2326659999999947
20
-63.9122559999999993
11
196.1784729999999968
21
-63.8311499999999938
0
LINE
8
BLACK
6
CONTINUOUS
10
196.1784729999999968
20
-63.8311499999999938
11
196.1594429999999818
21
-63.735478999999998
0
LINE
8
BLACK
6
CONTINUOUS
10
196.1594429999999818
20
-63.735478999999998
11
196.1594429999999818
21
-61.5354789999999952
0
LINE
8
BLACK
6
CONTINUOUS
10
196.1594429999999818
20
-61.5354789999999952
11
196.1784729999999968
21
-61.4398079999999993
0
LINE
8
BLACK
6
CONTINUOUS
10
196.1784729999999968
20
-61.4398079999999993
11
196.2326659999999947
21
-61.3587019999999939
0
LINE
8
BLACK
6
CONTINUOUS
10
196.2326659999999947
20
-61.3587019999999939
11
196.3137720000000002
21
-61.3045089999999959
0
LINE
8
BLACK
6
CONTINUOUS
10
196.3137720000000002
20
-61.3045089999999959
11
196.4094429999999818
21
-61.2854789999999952
0
LINE
8
BLACK
6
CONTINUOUS
10
196.4094429999999818
20
-61.2854789999999952
11
197.2344429999999988
21
-61.2854789999999952
0
LINE
8
BLACK
6
CONTINUOUS
10
197.2344429999999988
20
-61.2854789999999952
11
197.3301139999999805
21
-61.3045089999999959
0
LINE
8
BLACK
6
CONTINUOUS
10
200.4551139999999805
20
-61.3045089999999959
11
200.5362199999999859
21
-61.3587019999999939
0
LINE
8
BLACK
6
CONTINUOUS
10
200.5362199999999859
20
-61.3587019999999939
11
200.5904129999999839
21
-61.4398079999999993
0
LINE
8
BLACK
6
CONTINUOUS
10
200.5904129999999839
20
-61.4398079999999993
11
200.6094429999999988
21
-61.5354789999999952
0
LINE
8
BLACK
6
CONTINUOUS
10
200.6094429999999988
20
-61.5354789999999952
11
200.6094429999999988
21
-63.735478999999998
0
LINE
8
BLACK
6
CONTINUOUS
10
200.6094429999999988
20
-63.735478999999998
11
200.5904129999999839
21
-63.8311499999999938
0
LINE
8
BLACK
6
CONTINUOUS
10
200.5904129999999839
20
-63.8311499999999938
11
200.5362199999999859
21
-63.9122559999999993
0
LINE
8
BLACK
6
CONTINUOUS
10
200.5362199999999859
20
-63.9122559999999993
11
200.4551139999999805
21
-63.9664489999999972
0
LINE
8
BLACK
6
CONTINUOUS
10
200.4551139999999805
20
-63.9664489999999972
11
200.3594429999999988
21
-63.985478999999998
0
LINE
8
BLACK
6
CONTINUOUS
10
200.3594429999999988
20
-63.985478999999998
11
199.5344429999999818
21
-63.985478999999998
0
LINE
8
BLACK
6
CONTINUOUS
10
199.5344429999999818
20
-63.985478999999998
11
199.4387720000000002
21
-63.9664489999999972
0
LINE
8
BLACK
6
CONTINUOUS
10
199.4387720000000002
20
-63.9664489999999972
11
199.3576659999999947
21
-63.9122559999999993
0
LINE
8
BLACK
6
CONTINUOUS
10
199.3576659999999947
20
-63.9122559999999993
11
199.3034729999999968
21
-63.8311499999999938
0
LINE
8
BLACK
6
CONTINUOUS
10
199.3034729999999968
20
-63.8311499999999938
11
199.2844429999999818
21
-63.735478999999998
0
LINE
8
BLACK
6
CONTINUOUS
10
199.2844429999999818
20
-63.735478999999998
11
199.2844429999999818
21
-61.5354789999999952
0
LINE
8
BLACK
6
CONTINUOUS
10
199.2844429999999818
20
-61.5354789999999952
11
199.3034729999999968
21
-61.4398079999999993
0
LINE
8
BLACK
6
CONTINUOUS
10
199.3034729999999968
20
-61.4398079999999993
11
199.3576659999999947
21
-61.3587019999999939
0
LINE
8
BLACK
6
CONTINUOUS
10
199.3576659999999947
20
-61.3587019999999939
11
199.4387720000000002
21
-61.3045089999999959
0
LINE
8
BLACK
6
CONTINUOUS
10
199.4387720000000002
20
-61.3045089999999959
11
199.5344429999999818
21
-61.2854789999999952
0
LINE
8
BLACK
6
CONTINUOUS
10
199.5344429999999818
20
-61.2854789999999952
11
200.3594429999999988
21
-61.2854789999999952
0
LINE
8
BLACK
6
CONTINUOUS
10
200.3594429999999988
20
-61.2854789999999952
11
200.4551139999999805
21
-61.3045089999999959
0
LINE
8
BLACK
6
CONTINUOUS
10
191.0301139999999975
20
-62.7395089999999982
11
191.111220000000003
21
-62.7937019999999961
0
LINE
8
BLACK
6
CONTINUOUS
10
191.111220000000003
20
-62.7937019999999961
11
191.1654130000000009
21
-62.8748079999999945
0
LINE
8
BLACK
6
CONTINUOUS
10
191.1654130000000009
20
-62.8748079999999945
11
191.1844429999999875
21
-62.9704789999999974
0
LINE
8
BLACK
6
CONTINUOUS
10
191.1844429999999875
20
-62.9704789999999974
11
191.1844429999999875
21
-63.5704789999999988
0
LINE
8
BLACK
6
CONTINUOUS
10
191.1844429999999875
20
-63.5704789999999988
11
191.1654130000000009
21
-63.6661499999999947
0
LINE
8
BLACK
6
CONTINUOUS
10
191.1654130000000009
20
-63.6661499999999947
11
191.111220000000003
21
-63.7472560000000001
0
LINE
8
BLACK
6
CONTINUOUS
10
191.111220000000003
20
-63.7472560000000001
11
191.0301139999999975
21
-63.8014489999999981
0
LINE
8
BLACK
6
CONTINUOUS
10
191.0301139999999975
20
-63.8014489999999981
11
190.9344429999999875
21
-63.8204789999999988
0
LINE
8
BLACK
6
CONTINUOUS
10
190.9344429999999875
20
-63.8204789999999988
11
190.3344429999999932
21
-63.8204789999999988
0
LINE
8
BLACK
6
CONTINUOUS
10
190.3344429999999932
20
-63.8204789999999988
11
190.2387719999999831
21
-63.8014489999999981
0
LINE
8
BLACK
6
CONTINUOUS
10
190.2387719999999831
20
-63.8014489999999981
11
190.1576659999999777
21
-63.7472560000000001
0
LINE
8
BLACK
6
CONTINUOUS
10
190.1576659999999777
20
-63.7472560000000001
11
190.1034729999999797
21
-63.6661499999999947
0
LINE
8
BLACK
6
CONTINUOUS
10
190.1034729999999797
20
-63.6661499999999947
11
190.0844429999999932
21
-63.5704789999999988
0
LINE
8
BLACK
6
CONTINUOUS
10
190.0844429999999932
20
-63.5704789999999988
11
190.0844429999999932
21
-62.9704789999999974
0
LINE
8
BLACK
6
CONTINUOUS
10
190.0844429999999932
20
-62.9704789999999974
11
190.1034729999999797
21
-62.8748079999999945
0
LINE
8
BLACK
6
CONTINUOUS
10
190.1034729999999797
20
-62.8748079999999945
11
190.1576659999999777
21
-62.7937019999999961
0
LINE
8
BLACK
6
CONTINUOUS
10
190.1576659999999777
20
-62.7937019999999961
11
190.2387719999999831
21
-62.7395089999999982
0
LINE
8
BLACK
6
CONTINUOUS
10
190.2387719999999831
20
-62.7395089999999982
11
190.3344429999999932
21
-62.7204789999999974
0
LINE
8
BLACK
6
CONTINUOUS
10
190.3344429999999932
20
-62.7204789999999974
11
190.9344429999999875
21
-62.7204789999999974
0
LINE
8
BLACK
6
CONTINUOUS
10
190.9344429999999875
20
-62.7204789999999974
11
191.0301139999999975
21
-62.7395089999999982
0
LINE
8
BLACK
6
CONTINUOUS
10
193.8301139999999805
20
-62.7395089999999982
11
193.9112199999999859
21
-62.7937019999999961
0
LINE
8
BLACK
6
CONTINUOUS
10
193.9112199999999859
20
-62.7937019999999961
11
193.9654129999999839
21
-62.8748079999999945
0
LINE
8
BLACK
6
CONTINUOUS
10
193.9654129999999839
20
-62.8748079999999945
11
193.9844429999999988
21
-62.9704789999999974
0
LINE
8
BLACK
6
CONTINUOUS
10
193.9844429999999988
20
-62.9704789999999974
11
193.9844429999999988
21
-63.5704789999999988
0
LINE
8
BLACK
6
CONTINUOUS
10
193.9844429999999988
20
-63.5704789999999988
11
193.9654129999999839
21
-63.6661499999999947
0
LINE
8
BLACK
6
CONTINUOUS
10
193.9654129999999839
20
-63.6661499999999947
11
193.9112199999999859
21
-63.7472560000000001
0
LINE
8
BLACK
6
CONTINUOUS
10
193.9112199999999859
20
-63.7472560000000001
11
193.8301139999999805
21
-63.8014489999999981
0
LINE
8
BLACK
6
CONTINUOUS
10
193.8301139999999805
20
-63.8014489999999981
11
193.7344429999999988
21
-63.8204789999999988
0
LINE
8
BLACK
6
CONTINUOUS
10
193.7344429999999988
20
-63.8204789999999988
11
193.1344430000000045
21
-63.8204789999999988
0
LINE
8
BLACK
6
CONTINUOUS
10
193.1344430000000045
20
-63.8204789999999988
11
193.0387719999999945
21
-63.8014489999999981
0
LINE
8
BLACK
6
CONTINUOUS
10
193.0387719999999945
20
-63.8014489999999981
11
192.957665999999989
21
-63.7472560000000001
0
LINE
8
BLACK
6
CONTINUOUS
10
192.957665999999989
20
-63.7472560000000001
11
192.9034729999999911
21
-63.6661499999999947
0
LINE
8
BLACK
6
CONTINUOUS
10
192.9034729999999911
20
-63.6661499999999947
11
192.8844430000000045
21
-63.5704789999999988
0
LINE
8
BLACK
6
CONTINUOUS
10
192.8844430000000045
20
-63.5704789999999988
11
192.8844430000000045
21
-62.9704789999999974
0
LINE
8
BLACK
6
CONTINUOUS
10
192.8844430000000045
20
-62.9704789999999974
11
192.9034729999999911
21
-62.8748079999999945
0
LINE
8
BLACK
6
CONTINUOUS
10
192.9034729999999911
20
-62.8748079999999945
11
192.957665999999989
21
-62.7937019999999961
0
LINE
8
BLACK
6
CONTINUOUS
10
192.957665999999989
20
-62.7937019999999961
11
193.0387719999999945
21
-62.7395089999999982
0
LINE
8
BLACK
6
CONTINUOUS
10
193.0387719999999945
20
-62.7395089999999982
11
193.1344430000000045
21
-62.7204789999999974
0
LINE
8
BLACK
6
CONTINUOUS
10
193.1344430000000045
20
-62.7204789999999974
11
193.7344429999999988
21
-62.7204789999999974
0
LINE
8
BLACK
6
CONTINUOUS
10
193.7344429999999988
20
-62.7204789999999974
11
193.8301139999999805
21
-62.7395089999999982
0
LINE
8
BLACK
6
CONTINUOUS
10
204.3778299999999888
20
-62.8135580000000004
11
204.4548810000000003
21
-62.865040999999998
0
LINE
8
BLACK
6
CONTINUOUS
10
204.4548810000000003
20
-62.865040999999998
11
204.5063639999999907
21
-62.9420919999999953
0
LINE
8
BLACK
6
CONTINUOUS
10
204.5063639999999907
20
-62.9420919999999953
11
204.5244429999999909
21
-63.0329789999999974
0
LINE
8
BLACK
6
CONTINUOUS
10
204.5244429999999909
20
-63.0329789999999974
11
204.5244429999999909
21
-63.5079789999999988
0
LINE
8
BLACK
6
CONTINUOUS
10
204.5244429999999909
20
-63.5079789999999988
11
204.5063639999999907
21
-63.5988659999999939
0
LINE
8
BLACK
6
CONTINUOUS
10
204.5063639999999907
20
-63.5988659999999939
11
204.4548810000000003
21
-63.6759169999999983
0
LINE
8
BLACK
6
CONTINUOUS
10
204.4548810000000003
20
-63.6759169999999983
11
204.3778299999999888
21
-63.7273999999999958
0
LINE
8
BLACK
6
CONTINUOUS
10
204.3778299999999888
20
-63.7273999999999958
11
204.2869429999999795
21
-63.745478999999996
0
LINE
8
BLACK
6
CONTINUOUS
10
204.2869429999999795
20
-63.745478999999996
11
203.6869429999999852
21
-63.745478999999996
0
LINE
8
BLACK
6
CONTINUOUS
10
203.6869429999999852
20
-63.745478999999996
11
203.5960560000000044
21
-63.7273999999999958
0
LINE
8
BLACK
6
CONTINUOUS
10
203.5960560000000044
20
-63.7273999999999958
11
203.5190049999999928
21
-63.6759169999999983
0
LINE
8
BLACK
6
CONTINUOUS
10
203.5190049999999928
20
-63.6759169999999983
11
203.4675220000000024
21
-63.5988659999999939
0
LINE
8
BLACK
6
CONTINUOUS
10
203.4675220000000024
20
-63.5988659999999939
11
203.4494430000000023
21
-63.5079789999999988
0
LINE
8
BLACK
6
CONTINUOUS
10
203.4494430000000023
20
-63.5079789999999988
11
203.4494430000000023
21
-63.0329789999999974
0
LINE
8
BLACK
6
CONTINUOUS
10
203.4494430000000023
20
-63.0329789999999974
11
203.4675220000000024
21
-62.9420919999999953
0
LINE
8
BLACK
6
CONTINUOUS
10
203.4675220000000024
20
-62.9420919999999953
11
203.5190049999999928
21
-62.865040999999998
0
LINE
8
BLACK
6
CONTINUOUS
10
203.5190049999999928
20
-62.865040999999998
11
203.5960560000000044
21
-62.8135580000000004
0
LINE
8
BLACK
6
CONTINUOUS
10
203.5960560000000044
20
-62.8135580000000004
11
203.6869429999999852
21
-62.7954790000000003
0
LINE
8
BLACK
6
CONTINUOUS
10
203.6869429999999852
20
-62.7954790000000003
11
204.2869429999999795
21
-62.7954790000000003
0
LINE
8
BLACK
6
CONTINUOUS
10
204.2869429999999795
20
-62.7954790000000003
11
204.3778299999999888
21
-62.8135580000000004
0
LINE
8
BLACK
6
CONTINUOUS
10
206.1028299999999831
20
-62.8135580000000004
11
206.1798809999999946
21
-62.865040999999998
0
LINE
8
BLACK
6
CONTINUOUS
10
206.1798809999999946
20
-62.865040999999998
11
206.231363999999985
21
-62.9420919999999953
0
LINE
8
BLACK
6
CONTINUOUS
10
206.231363999999985
20
-62.9420919999999953
11
206.2494429999999852
21
-63.0329789999999974
0
LINE
8
BLACK
6
CONTINUOUS
10
206.2494429999999852
20
-63.0329789999999974
11
206.2494429999999852
21
-63.5079789999999988
0
LINE
8
BLACK
6
CONTINUOUS
10
206.2494429999999852
20
-63.5079789999999988
11
206.231363999999985
21
-63.5988659999999939
0
LINE
8
BLACK
6
CONTINUOUS
10
206.231363999999985
20
-63.5988659999999939
11
206.1798809999999946
21
-63.6759169999999983
0
LINE
8
BLACK
6
CONTINUOUS
10
206.1798809999999946
20
-63.6759169999999983
11
206.1028299999999831
21
-63.7273999999999958
0
LINE
8
BLACK
6
CONTINUOUS
10
206.1028299999999831
20
-63.7273999999999958
11
206.0119430000000023
21
-63.745478999999996
0
LINE
8
BLACK
6
CONTINUOUS
10
206.0119430000000023
20
-63.745478999999996
11
205.4119429999999795
21
-63.745478999999996
0
LINE
8
BLACK
6
CONTINUOUS
10
205.4119429999999795
20
-63.745478999999996
11
205.3210559999999987
21
-63.7273999999999958
0
LINE
8
BLACK
6
CONTINUOUS
10
205.3210559999999987
20
-63.7273999999999958
11
205.2440049999999871
21
-63.6759169999999983
0
LINE
8
BLACK
6
CONTINUOUS
10
205.2440049999999871
20
-63.6759169999999983
11
205.1925219999999968
21
-63.5988659999999939
0
LINE
8
BLACK
6
CONTINUOUS
10
205.1925219999999968
20
-63.5988659999999939
11
205.1744429999999966
21
-63.5079789999999988
0
LINE
8
BLACK
6
CONTINUOUS
10
205.1744429999999966
20
-63.5079789999999988
11
205.1744429999999966
21
-63.0329789999999974
0
LINE
8
BLACK
6
CONTINUOUS
10
205.1744429999999966
20
-63.0329789999999974
11
205.1925219999999968
21
-62.9420919999999953
0
LINE
8
BLACK
6
CONTINUOUS
10
205.1925219999999968
20
-62.9420919999999953
11
205.2440049999999871
21
-62.865040999999998
0
LINE
8
BLACK
6
CONTINUOUS
10
205.2440049999999871
20
-62.865040999999998
11
205.3210559999999987
21
-62.8135580000000004
0
LINE
8
BLACK
6
CONTINUOUS
10
205.3210559999999987
20
-62.8135580000000004
11
205.4119429999999795
21
-62.7954790000000003
0
LINE
8
BLACK
6
CONTINUOUS
10
205.4119429999999795
20
-62.7954790000000003
11
206.0119430000000023
21
-62.7954790000000003
0
LINE
8
BLACK
6
CONTINUOUS
10
206.0119430000000023
20
-62.7954790000000003
11
206.1028299999999831
21
-62.8135580000000004
0
LINE
8
BLACK
6
CONTINUOUS
10
207.3889679999999771
20
-58.3628499999999946
11
207.0333679999999958
21
-58.3628499999999946
0
LINE
8
BLACK
6
CONTINUOUS
10
207.0333679999999958
20
-58.3628499999999946
11
207.0333679999999958
21
-56.9531500000000008
0
LINE
8
BLACK
6
CONTINUOUS
10
207.0333679999999958
20
-56.9531500000000008
11
207.3889679999999771
21
-56.9531500000000008
0
LINE
8
BLACK
6
CONTINUOUS
10
207.3889679999999771
20
-56.9531500000000008
11
207.3889679999999771
21
-58.3628499999999946
0
LINE
8
BLACK
6
CONTINUOUS
10
208.0389539999999897
20
-58.3628499999999946
11
207.68335399999998
21
-58.3628499999999946
0
LINE
8
BLACK
6
CONTINUOUS
10
207.68335399999998
20
-58.3628499999999946
11
207.68335399999998
21
-56.9531500000000008
0
LINE
8
BLACK
6
CONTINUOUS
10
207.68335399999998
20
-56.9531500000000008
11
208.0389539999999897
21
-56.9531500000000008
0
LINE
8
BLACK
6
CONTINUOUS
10
208.0389539999999897
20
-56.9531500000000008
11
208.0389539999999897
21
-58.3628499999999946
0
LINE
8
BLACK
6
CONTINUOUS
10
208.6889400000000023
20
-58.3628499999999946
11
208.3333399999999926
21
-58.3628499999999946
0
LINE
8
BLACK
6
CONTINUOUS
10
208.3333399999999926
20
-58.3628499999999946
11
208.3333399999999926
21
-56.9531500000000008
0
LINE
8
BLACK
6
CONTINUOUS
10
208.3333399999999926
20
-56.9531500000000008
11
208.6889400000000023
21
-56.9531500000000008
0
LINE
8
BLACK
6
CONTINUOUS
10
208.6889400000000023
20
-56.9531500000000008
11
208.6889400000000023
21
-58.3628499999999946
0
LINE
8
BLACK
6
CONTINUOUS
10
209.3389259999999865
20
-58.3628499999999946
11
208.9833259999999768
21
-58.3628499999999946
0
LINE
8
BLACK
6
CONTINUOUS
10
208.9833259999999768
20
-58.3628499999999946
11
208.9833259999999768
21
-56.9531500000000008
0
LINE
8
BLACK
6
CONTINUOUS
10
208.9833259999999768
20
-56.9531500000000008
11
209.3389259999999865
21
-56.9531500000000008
0
LINE
8
BLACK
6
CONTINUOUS
10
209.3389259999999865
20
-56.9531500000000008
11
209.3389259999999865
21
-58.3628499999999946
0
LINE
8
BLACK
6
CONTINUOUS
10
209.9889119999999991
20
-58.3628499999999946
11
209.6333119999999894
21
-58.3628499999999946
0
LINE
8
BLACK
6
CONTINUOUS
10
209.6333119999999894
20
-58.3628499999999946
11
209.6333119999999894
21
-56.9531500000000008
0
LINE
8
BLACK
6
CONTINUOUS
10
209.6333119999999894
20
-56.9531500000000008
11
209.9889119999999991
21
-56.9531500000000008
0
LINE
8
BLACK
6
CONTINUOUS
10
209.9889119999999991
20
-56.9531500000000008
11
209.9889119999999991
21
-58.3628499999999946
0
LINE
8
BLACK
6
CONTINUOUS
10
210.6388979999999833
20
-58.3628499999999946
11
210.283298000000002
21
-58.3628499999999946
0
LINE
8
BLACK
6
CONTINUOUS
10
210.283298000000002
20
-58.3628499999999946
11
210.283298000000002
21
-56.9531500000000008
0
LINE
8
BLACK
6
CONTINUOUS
10
210.283298000000002
20
-56.9531500000000008
11
210.6388979999999833
21
-56.9531500000000008
0
LINE
8
BLACK
6
CONTINUOUS
10
210.6388979999999833
20
-56.9531500000000008
11
210.6388979999999833
21
-58.3628499999999946
0
LINE
8
BLACK
6
CONTINUOUS
10
211.2888839999999959
20
-58.3628499999999946
11
210.9332839999999862
21
-58.3628499999999946
0
LINE
8
BLACK
6
CONTINUOUS
10
210.9332839999999862
20
-58.3628499999999946
11
210.9332839999999862
21
-56.9531500000000008
0
LINE
8
BLACK
6
CONTINUOUS
10
210.9332839999999862
20
-56.9531500000000008
11
211.2888839999999959
21
-56.9531500000000008
0
LINE
8
BLACK
6
CONTINUOUS
10
211.2888839999999959
20
-56.9531500000000008
11
211.2888839999999959
21
-58.3628499999999946
0
LINE
8
BLACK
6
CONTINUOUS
10
211.9388699999999801
20
-58.3628499999999946
11
211.5832699999999988
21
-58.3628499999999946
0
LINE
8
BLACK
6
CONTINUOUS
10
211.5832699999999988
20
-58.3628499999999946
11
211.5832699999999988
21
-56.9531500000000008
0
LINE
8
BLACK
6
CONTINUOUS
10
211.5832699999999988
20
-56.9531500000000008
11
211.9388699999999801
21
-56.9531500000000008
0
LINE
8
BLACK
6
CONTINUOUS
10
211.9388699999999801
20
-56.9531500000000008
11
211.9388699999999801
21
-58.3628499999999946
0
LINE
8
BLACK
6
CONTINUOUS
10
212.5888559999999927
20
-58.3628499999999946
11
212.233255999999983
21
-58.3628499999999946
0
LINE
8
BLACK
6
CONTINUOUS
10
212.233255999999983
20
-58.3628499999999946
11
212.233255999999983
21
-56.9531500000000008
0
LINE
8
BLACK
6
CONTINUOUS
10
212.233255999999983
20
-56.9531500000000008
11
212.5888559999999927
21
-56.9531500000000008
0
LINE
8
BLACK
6
CONTINUOUS
10
212.5888559999999927
20
-56.9531500000000008
11
212.5888559999999927
21
-58.3628499999999946
0
LINE
8
BLACK
6
CONTINUOUS
10
213.2388419999999769
20
-58.3628499999999946
11
212.8832419999999956
21
-58.3628499999999946
0
LINE
8
BLACK
6
CONTINUOUS
10
212.8832419999999956
20
-58.3628499999999946
11
212.8832419999999956
21
-56.9531500000000008
0
LINE
8
BLACK
6
CONTINUOUS
10
212.8832419999999956
20
-56.9531500000000008
11
213.2388419999999769
21
-56.9531500000000008
0
LINE
8
BLACK
6
CONTINUOUS
10
213.2388419999999769
20
-56.9531500000000008
11
213.2388419999999769
21
-58.3628499999999946
0
LINE
8
BLACK
6
CONTINUOUS
10
213.8888279999999895
20
-58.3628499999999946
11
213.5332279999999798
21
-58.3628499999999946
0
LINE
8
BLACK
6
CONTINUOUS
10
213.5332279999999798
20
-58.3628499999999946
11
213.5332279999999798
21
-56.9531500000000008
0
LINE
8
BLACK
6
CONTINUOUS
10
213.5332279999999798
20
-56.9531500000000008
11
213.8888279999999895
21
-56.9531500000000008
0
LINE
8
BLACK
6
CONTINUOUS
10
213.8888279999999895
20
-56.9531500000000008
11
213.8888279999999895
21
-58.3628499999999946
0
LINE
8
BLACK
6
CONTINUOUS
10
214.5388140000000021
20
-58.3628499999999946
11
214.1832139999999924
21
-58.3628499999999946
0
LINE
8
BLACK
6
CONTINUOUS
10
214.1832139999999924
20
-58.3628499999999946
11
214.1832139999999924
21
-56.9531500000000008
0
LINE
8
BLACK
6
CONTINUOUS
10
214.1832139999999924
20
-56.9531500000000008
11
214.5388140000000021
21
-56.9531500000000008
0
LINE
8
BLACK
6
CONTINUOUS
10
214.5388140000000021
20
-56.9531500000000008
11
214.5388140000000021
21
-58.3628499999999946
0
LINE
8
BLACK
6
CONTINUOUS
10
215.1887999999999863
20
-58.3628499999999946
11
214.8331999999999766
21
-58.3628499999999946
0
LINE
8
BLACK
6
CONTINUOUS
10
214.8331999999999766
20
-58.3628499999999946
11
214.8331999999999766
21
-56.9531500000000008
0
LINE
8
BLACK
6
CONTINUOUS
10
214.8331999999999766
20
-56.9531500000000008
11
215.1887999999999863
21
-56.9531500000000008
0
LINE
8
BLACK
6
CONTINUOUS
10
215.1887999999999863
20
-56.9531500000000008
11
215.1887999999999863
21
-58.3628499999999946
0
LINE
8
BLACK
6
CONTINUOUS
10
215.8387859999999989
20
-58.3628499999999946
11
215.4831859999999892
21
-58.3628499999999946
0
LINE
8
BLACK
6
CONTINUOUS
10
215.4831859999999892
20
-58.3628499999999946
11
215.4831859999999892
21
-56.9531500000000008
0
LINE
8
BLACK
6
CONTINUOUS
10
215.4831859999999892
20
-56.9531500000000008
11
215.8387859999999989
21
-56.9531500000000008
0
LINE
8
BLACK
6
CONTINUOUS
10
215.8387859999999989
20
-56.9531500000000008
11
215.8387859999999989
21
-58.3628499999999946
0
LINE
8
BLACK
6
CONTINUOUS
10
159.341670999999991
20
-56.9770299999999992
11
159.4227769999999964
21
-57.0312229999999971
0
LINE
8
BLACK
6
CONTINUOUS
10
159.4227769999999964
20
-57.0312229999999971
11
159.4769699999999943
21
-57.1123289999999955
0
LINE
8
BLACK
6
CONTINUOUS
10
159.4769699999999943
20
-57.1123289999999955
11
159.4959999999999809
21
-57.2079999999999984
0
LINE
8
BLACK
6
CONTINUOUS
10
159.4959999999999809
20
-57.2079999999999984
11
159.4959999999999809
21
-58.107999999999997
0
LINE
8
BLACK
6
CONTINUOUS
10
159.4959999999999809
20
-58.107999999999997
11
159.4769699999999943
21
-58.2036709999999999
0
LINE
8
BLACK
6
CONTINUOUS
10
159.4769699999999943
20
-58.2036709999999999
11
159.4227769999999964
21
-58.2847769999999983
0
LINE
8
BLACK
6
CONTINUOUS
10
159.4227769999999964
20
-58.2847769999999983
11
159.341670999999991
21
-58.3389699999999962
0
LINE
8
BLACK
6
CONTINUOUS
10
159.341670999999991
20
-58.3389699999999962
11
159.2459999999999809
21
-58.357999999999997
0
LINE
8
BLACK
6
CONTINUOUS
10
159.2459999999999809
20
-58.357999999999997
11
158.5459999999999923
21
-58.357999999999997
0
LINE
8
BLACK
6
CONTINUOUS
10
158.5459999999999923
20
-58.357999999999997
11
158.4503289999999822
21
-58.3389699999999962
0
LINE
8
BLACK
6
CONTINUOUS
10
158.4503289999999822
20
-58.3389699999999962
11
158.3692230000000052
21
-58.2847769999999983
0
LINE
8
BLACK
6
CONTINUOUS
10
158.3692230000000052
20
-58.2847769999999983
11
158.3150299999999788
21
-58.2036709999999999
0
LINE
8
BLACK
6
CONTINUOUS
10
158.3150299999999788
20
-58.2036709999999999
11
158.2959999999999923
21
-58.107999999999997
0
LINE
8
BLACK
6
CONTINUOUS
10
158.2959999999999923
20
-58.107999999999997
11
158.2959999999999923
21
-57.2079999999999984
0
LINE
8
BLACK
6
CONTINUOUS
10
158.2959999999999923
20
-57.2079999999999984
11
158.3150299999999788
21
-57.1123289999999955
0
LINE
8
BLACK
6
CONTINUOUS
10
158.3150299999999788
20
-57.1123289999999955
11
158.3692230000000052
21
-57.0312229999999971
0
LINE
8
BLACK
6
CONTINUOUS
10
158.3692230000000052
20
-57.0312229999999971
11
158.4503289999999822
21
-56.9770299999999992
0
LINE
8
BLACK
6
CONTINUOUS
10
158.4503289999999822
20
-56.9770299999999992
11
158.5459999999999923
21
-56.9579999999999984
0
LINE
8
BLACK
6
CONTINUOUS
10
158.5459999999999923
20
-56.9579999999999984
11
159.2459999999999809
21
-56.9579999999999984
0
LINE
8
BLACK
6
CONTINUOUS
10
159.2459999999999809
20
-56.9579999999999984
11
159.341670999999991
21
-56.9770299999999992
0
LINE
8
BLACK
6
CONTINUOUS
10
161.341670999999991
20
-56.9770299999999992
11
161.4227769999999964
21
-57.0312229999999971
0
LINE
8
BLACK
6
CONTINUOUS
10
161.4227769999999964
20
-57.0312229999999971
11
161.4769699999999943
21
-57.1123289999999955
0
LINE
8
BLACK
6
CONTINUOUS
10
161.4769699999999943
20
-57.1123289999999955
11
161.4959999999999809
21
-57.2079999999999984
0
LINE
8
BLACK
6
CONTINUOUS
10
161.4959999999999809
20
-57.2079999999999984
11
161.4959999999999809
21
-58.107999999999997
0
LINE
8
BLACK
6
CONTINUOUS
10
161.4959999999999809
20
-58.107999999999997
11
161.4769699999999943
21
-58.2036709999999999
0
LINE
8
BLACK
6
CONTINUOUS
10
161.4769699999999943
20
-58.2036709999999999
11
161.4227769999999964
21
-58.2847769999999983
0
LINE
8
BLACK
6
CONTINUOUS
10
161.4227769999999964
20
-58.2847769999999983
11
161.341670999999991
21
-58.3389699999999962
0
LINE
8
BLACK
6
CONTINUOUS
10
161.341670999999991
20
-58.3389699999999962
11
161.2459999999999809
21
-58.357999999999997
0
LINE
8
BLACK
6
CONTINUOUS
10
161.2459999999999809
20
-58.357999999999997
11
160.5459999999999923
21
-58.357999999999997
0
LINE
8
BLACK
6
CONTINUOUS
10
160.5459999999999923
20
-58.357999999999997
11
160.4503289999999822
21
-58.3389699999999962
0
LINE
8
BLACK
6
CONTINUOUS
10
160.4503289999999822
20
-58.3389699999999962
11
160.3692230000000052
21
-58.2847769999999983
0
LINE
8
BLACK
6
CONTINUOUS
10
160.3692230000000052
20
-58.2847769999999983
11
160.3150299999999788
21
-58.2036709999999999
0
LINE
8
BLACK
6
CONTINUOUS
10
160.3150299999999788
20
-58.2036709999999999
11
160.2959999999999923
21
-58.107999999999997
0
LINE
8
BLACK
6
CONTINUOUS
10
160.2959999999999923
20
-58.107999999999997
11
160.2959999999999923
21
-57.2079999999999984
0
LINE
8
BLACK
6
CONTINUOUS
10
160.2959999999999923
20
-57.2079999999999984
11
160.3150299999999788
21
-57.1123289999999955
0
LINE
8
BLACK
6
CONTINUOUS
10
160.3150299999999788
20
-57.1123289999999955
11
160.3692230000000052
21
-57.0312229999999971
0
LINE
8
BLACK
6
CONTINUOUS
10
160.3692230000000052
20
-57.0312229999999971
11
160.4503289999999822
21
-56.9770299999999992
0
LINE
8
BLACK
6
CONTINUOUS
10
160.4503289999999822
20
-56.9770299999999992
11
160.5459999999999923
21
-56.9579999999999984
0
LINE
8
BLACK
6
CONTINUOUS
10
160.5459999999999923
20
-56.9579999999999984
11
161.2459999999999809
21
-56.9579999999999984
0
LINE
8
BLACK
6
CONTINUOUS
10
161.2459999999999809
20
-56.9579999999999984
11
161.341670999999991
21
-56.9770299999999992
0
LINE
8
BLACK
6
CONTINUOUS
10
178.553403000000003
20
-57.3744179999999986
11
178.6020659999999793
21
-57.4069339999999997
0
LINE
8
BLACK
6
CONTINUOUS
10
178.6020659999999793
20
-57.4069339999999997
11
178.6345819999999947
21
-57.4555969999999974
0
LINE
8
BLACK
6
CONTINUOUS
10
178.6345819999999947
20
-57.4555969999999974
11
178.6459999999999866
21
-57.5129999999999981
0
LINE
8
BLACK
6
CONTINUOUS
10
178.6459999999999866
20
-57.5129999999999981
11
178.6459999999999866
21
-57.8129999999999953
0
LINE
8
BLACK
6
CONTINUOUS
10
178.6459999999999866
20
-57.8129999999999953
11
178.6345819999999947
21
-57.870402999999996
0
LINE
8
BLACK
6
CONTINUOUS
10
178.6345819999999947
20
-57.870402999999996
11
178.6020659999999793
21
-57.9190660000000008
0
LINE
8
BLACK
6
CONTINUOUS
10
178.6020659999999793
20
-57.9190660000000008
11
178.553403000000003
21
-57.9515819999999948
0
LINE
8
BLACK
6
CONTINUOUS
10
178.553403000000003
20
-57.9515819999999948
11
178.4959999999999809
21
-57.9629999999999939
0
LINE
8
BLACK
6
CONTINUOUS
10
178.4959999999999809
20
-57.9629999999999939
11
177.7459999999999809
21
-57.9629999999999939
0
LINE
8
BLACK
6
CONTINUOUS
10
177.7459999999999809
20
-57.9629999999999939
11
177.6885969999999872
21
-57.9515819999999948
0
LINE
8
BLACK
6
CONTINUOUS
10
177.6885969999999872
20
-57.9515819999999948
11
177.6399339999999825
21
-57.9190660000000008
0
LINE
8
BLACK
6
CONTINUOUS
10
177.6399339999999825
20
-57.9190660000000008
11
177.6074179999999956
21
-57.870402999999996
0
LINE
8
BLACK
6
CONTINUOUS
10
177.6074179999999956
20
-57.870402999999996
11
177.5960000000000036
21
-57.8129999999999953
0
LINE
8
BLACK
6
CONTINUOUS
10
177.5960000000000036
20
-57.8129999999999953
11
177.5960000000000036
21
-57.5129999999999981
0
LINE
8
BLACK
6
CONTINUOUS
10
177.5960000000000036
20
-57.5129999999999981
11
177.6074179999999956
21
-57.4555969999999974
0
LINE
8
BLACK
6
CONTINUOUS
10
177.6074179999999956
20
-57.4555969999999974
11
177.6399339999999825
21
-57.4069339999999997
0
LINE
8
BLACK
6
CONTINUOUS
10
177.6399339999999825
20
-57.4069339999999997
11
177.6885969999999872
21
-57.3744179999999986
0
LINE
8
BLACK
6
CONTINUOUS
10
177.6885969999999872
20
-57.3744179999999986
11
177.7459999999999809
21
-57.3629999999999995
0
LINE
8
BLACK
6
CONTINUOUS
10
177.7459999999999809
20
-57.3629999999999995
11
178.4959999999999809
21
-57.3629999999999995
0
LINE
8
BLACK
6
CONTINUOUS
10
178.4959999999999809
20
-57.3629999999999995
11
178.553403000000003
21
-57.3744179999999986
0
LINE
8
BLACK
6
CONTINUOUS
10
184.1984029999999848
20
-57.3444179999999974
11
184.2470659999999896
21
-57.3769339999999985
0
LINE
8
BLACK
6
CONTINUOUS
10
184.2470659999999896
20
-57.3769339999999985
11
184.2795820000000049
21
-57.4255969999999962
0
LINE
8
BLACK
6
CONTINUOUS
10
184.2795820000000049
20
-57.4255969999999962
11
184.2909999999999968
21
-57.482999999999997
0
LINE
8
BLACK
6
CONTINUOUS
10
184.2909999999999968
20
-57.482999999999997
11
184.2909999999999968
21
-57.7829999999999941
0
LINE
8
BLACK
6
CONTINUOUS
10
184.2909999999999968
20
-57.7829999999999941
11
184.2795820000000049
21
-57.8404029999999949
0
LINE
8
BLACK
6
CONTINUOUS
10
184.2795820000000049
20
-57.8404029999999949
11
184.2470659999999896
21
-57.8890659999999997
0
LINE
8
BLACK
6
CONTINUOUS
10
184.2470659999999896
20
-57.8890659999999997
11
184.1984029999999848
21
-57.9215820000000008
0
LINE
8
BLACK
6
CONTINUOUS
10
184.1984029999999848
20
-57.9215820000000008
11
184.1409999999999911
21
-57.9329999999999998
0
LINE
8
BLACK
6
CONTINUOUS
10
184.1409999999999911
20
-57.9329999999999998
11
183.5409999999999968
21
-57.9329999999999998
0
LINE
8
BLACK
6
CONTINUOUS
10
183.5409999999999968
20
-57.9329999999999998
11
183.4835970000000032
21
-57.9215820000000008
0
LINE
8
BLACK
6
CONTINUOUS
10
183.4835970000000032
20
-57.9215820000000008
11
183.4349339999999984
21
-57.8890659999999997
0
LINE
8
BLACK
6
CONTINUOUS
10
183.4349339999999984
20
-57.8890659999999997
11
183.4024179999999831
21
-57.8404029999999949
0
LINE
8
BLACK
6
CONTINUOUS
10
183.4024179999999831
20
-57.8404029999999949
11
183.3909999999999911
21
-57.7829999999999941
0
LINE
8
BLACK
6
CONTINUOUS
10
183.3909999999999911
20
-57.7829999999999941
11
183.3909999999999911
21
-57.482999999999997
0
LINE
8
BLACK
6
CONTINUOUS
10
183.3909999999999911
20
-57.482999999999997
11
183.4024179999999831
21
-57.4255969999999962
0
LINE
8
BLACK
6
CONTINUOUS
10
183.4024179999999831
20
-57.4255969999999962
11
183.4349339999999984
21
-57.3769339999999985
0
LINE
8
BLACK
6
CONTINUOUS
10
183.4349339999999984
20
-57.3769339999999985
11
183.4835970000000032
21
-57.3444179999999974
0
LINE
8
BLACK
6
CONTINUOUS
10
183.4835970000000032
20
-57.3444179999999974
11
183.5409999999999968
21
-57.3329999999999984
0
LINE
8
BLACK
6
CONTINUOUS
10
183.5409999999999968
20
-57.3329999999999984
11
184.1409999999999911
21
-57.3329999999999984
0
LINE
8
BLACK
6
CONTINUOUS
10
184.1409999999999911
20
-57.3329999999999984
11
184.1984029999999848
21
-57.3444179999999974
0
LINE
8
BLACK
6
CONTINUOUS
10
180.4984029999999962
20
-56.4644179999999949
11
180.5470660000000009
21
-56.496933999999996
0
LINE
8
BLACK
6
CONTINUOUS
10
180.5470660000000009
20
-56.496933999999996
11
180.5795819999999878
21
-56.5455970000000008
0
LINE
8
BLACK
6
CONTINUOUS
10
180.5795819999999878
20
-56.5455970000000008
11
180.5909999999999798
21
-56.6029999999999944
0
LINE
8
BLACK
6
CONTINUOUS
10
180.5909999999999798
20
-56.6029999999999944
11
180.5909999999999798
21
-57.2029999999999959
0
LINE
8
BLACK
6
CONTINUOUS
10
180.5909999999999798
20
-57.2029999999999959
11
180.5795819999999878
21
-57.2604029999999966
0
LINE
8
BLACK
6
CONTINUOUS
10
180.5795819999999878
20
-57.2604029999999966
11
180.5470660000000009
21
-57.3090659999999943
0
LINE
8
BLACK
6
CONTINUOUS
10
180.5470660000000009
20
-57.3090659999999943
11
180.4984029999999962
21
-57.3415819999999954
0
LINE
8
BLACK
6
CONTINUOUS
10
180.4984029999999962
20
-57.3415819999999954
11
180.4410000000000025
21
-57.3529999999999944
0
LINE
8
BLACK
6
CONTINUOUS
10
180.4410000000000025
20
-57.3529999999999944
11
180.1409999999999911
21
-57.3529999999999944
0
LINE
8
BLACK
6
CONTINUOUS
10
180.1409999999999911
20
-57.3529999999999944
11
180.0835969999999975
21
-57.3415819999999954
0
LINE
8
BLACK
6
CONTINUOUS
10
180.0835969999999975
20
-57.3415819999999954
11
180.0349339999999927
21
-57.3090659999999943
0
LINE
8
BLACK
6
CONTINUOUS
10
180.0349339999999927
20
-57.3090659999999943
11
180.0024180000000058
21
-57.2604029999999966
0
LINE
8
BLACK
6
CONTINUOUS
10
180.0024180000000058
20
-57.2604029999999966
11
179.9909999999999854
21
-57.2029999999999959
0
LINE
8
BLACK
6
CONTINUOUS
10
179.9909999999999854
20
-57.2029999999999959
11
179.9909999999999854
21
-56.6029999999999944
0
LINE
8
BLACK
6
CONTINUOUS
10
179.9909999999999854
20
-56.6029999999999944
11
180.0024180000000058
21
-56.5455970000000008
0
LINE
8
BLACK
6
CONTINUOUS
10
180.0024180000000058
20
-56.5455970000000008
11
180.0349339999999927
21
-56.496933999999996
0
LINE
8
BLACK
6
CONTINUOUS
10
180.0349339999999927
20
-56.496933999999996
11
180.0835969999999975
21
-56.4644179999999949
0
LINE
8
BLACK
6
CONTINUOUS
10
180.0835969999999975
20
-56.4644179999999949
11
180.1409999999999911
21
-56.4529999999999959
0
LINE
8
BLACK
6
CONTINUOUS
10
180.1409999999999911
20
-56.4529999999999959
11
180.4410000000000025
21
-56.4529999999999959
0
LINE
8
BLACK
6
CONTINUOUS
10
180.4410000000000025
20
-56.4529999999999959
11
180.4984029999999962
21
-56.4644179999999949
0
LINE
8
BLACK
6
CONTINUOUS
10
181.3484029999999905
20
-56.4644179999999949
11
181.3970659999999953
21
-56.496933999999996
0
LINE
8
BLACK
6
CONTINUOUS
10
181.3970659999999953
20
-56.496933999999996
11
181.4295819999999821
21
-56.5455970000000008
0
LINE
8
BLACK
6
CONTINUOUS
10
181.4295819999999821
20
-56.5455970000000008
11
181.4410000000000025
21
-56.6029999999999944
0
LINE
8
BLACK
6
CONTINUOUS
10
181.4410000000000025
20
-56.6029999999999944
11
181.4410000000000025
21
-57.2029999999999959
0
LINE
8
BLACK
6
CONTINUOUS
10
181.4410000000000025
20
-57.2029999999999959
11
181.4295819999999821
21
-57.2604029999999966
0
LINE
8
BLACK
6
CONTINUOUS
10
181.4295819999999821
20
-57.2604029999999966
11
181.3970659999999953
21
-57.3090659999999943
0
LINE
8
BLACK
6
CONTINUOUS
10
181.3970659999999953
20
-57.3090659999999943
11
181.3484029999999905
21
-57.3415819999999954
0
LINE
8
BLACK
6
CONTINUOUS
10
181.3484029999999905
20
-57.3415819999999954
11
181.2909999999999968
21
-57.3529999999999944
0
LINE
8
BLACK
6
CONTINUOUS
10
181.2909999999999968
20
-57.3529999999999944
11
180.9909999999999854
21
-57.3529999999999944
0
LINE
8
BLACK
6
CONTINUOUS
10
180.9909999999999854
20
-57.3529999999999944
11
180.9335969999999918
21
-57.3415819999999954
0
LINE
8
BLACK
6
CONTINUOUS
10
180.9335969999999918
20
-57.3415819999999954
11
180.884933999999987
21
-57.3090659999999943
0
LINE
8
BLACK
6
CONTINUOUS
10
180.884933999999987
20
-57.3090659999999943
11
180.8524180000000001
21
-57.2604029999999966
0
LINE
8
BLACK
6
CONTINUOUS
10
180.8524180000000001
20
-57.2604029999999966
11
180.8409999999999798
21
-57.2029999999999959
0
LINE
8
BLACK
6
CONTINUOUS
10
180.8409999999999798
20
-57.2029999999999959
11
180.8409999999999798
21
-56.6029999999999944
0
LINE
8
BLACK
6
CONTINUOUS
10
180.8409999999999798
20
-56.6029999999999944
11
180.8524180000000001
21
-56.5455970000000008
0
LINE
8
BLACK
6
CONTINUOUS
10
180.8524180000000001
20
-56.5455970000000008
11
180.884933999999987
21
-56.496933999999996
0
LINE
8
BLACK
6
CONTINUOUS
10
180.884933999999987
20
-56.496933999999996
11
180.9335969999999918
21
-56.4644179999999949
0
LINE
8
BLACK
6
CONTINUOUS
10
180.9335969999999918
20
-56.4644179999999949
11
180.9909999999999854
21
-56.4529999999999959
0
LINE
8
BLACK
6
CONTINUOUS
10
180.9909999999999854
20
-56.4529999999999959
11
181.2909999999999968
21
-56.4529999999999959
0
LINE
8
BLACK
6
CONTINUOUS
10
181.2909999999999968
20
-56.4529999999999959
11
181.3484029999999905
21
-56.4644179999999949
0
LINE
8
BLACK
6
CONTINUOUS
10
182.1984029999999848
20
-56.4644179999999949
11
182.2470659999999896
21
-56.496933999999996
0
LINE
8
BLACK
6
CONTINUOUS
10
182.2470659999999896
20
-56.496933999999996
11
182.2795820000000049
21
-56.5455970000000008
0
LINE
8
BLACK
6
CONTINUOUS
10
182.2795820000000049
20
-56.5455970000000008
11
182.2909999999999968
21
-56.6029999999999944
0
LINE
8
BLACK
6
CONTINUOUS
10
182.2909999999999968
20
-56.6029999999999944
11
182.2909999999999968
21
-57.2029999999999959
0
LINE
8
BLACK
6
CONTINUOUS
10
182.2909999999999968
20
-57.2029999999999959
11
182.2795820000000049
21
-57.2604029999999966
0
LINE
8
BLACK
6
CONTINUOUS
10
182.2795820000000049
20
-57.2604029999999966
11
182.2470659999999896
21
-57.3090659999999943
0
LINE
8
BLACK
6
CONTINUOUS
10
182.2470659999999896
20
-57.3090659999999943
11
182.1984029999999848
21
-57.3415819999999954
0
LINE
8
BLACK
6
CONTINUOUS
10
182.1984029999999848
20
-57.3415819999999954
11
182.1409999999999911
21
-57.3529999999999944
0
LINE
8
BLACK
6
CONTINUOUS
10
182.1409999999999911
20
-57.3529999999999944
11
181.8409999999999798
21
-57.3529999999999944
0
LINE
8
BLACK
6
CONTINUOUS
10
181.8409999999999798
20
-57.3529999999999944
11
181.7835969999999861
21
-57.3415819999999954
0
LINE
8
BLACK
6
CONTINUOUS
10
181.7835969999999861
20
-57.3415819999999954
11
181.7349339999999813
21
-57.3090659999999943
0
LINE
8
BLACK
6
CONTINUOUS
10
181.7349339999999813
20
-57.3090659999999943
11
181.7024179999999944
21
-57.2604029999999966
0
LINE
8
BLACK
6
CONTINUOUS
10
181.7024179999999944
20
-57.2604029999999966
11
181.6910000000000025
21
-57.2029999999999959
0
LINE
8
BLACK
6
CONTINUOUS
10
181.6910000000000025
20
-57.2029999999999959
11
181.6910000000000025
21
-56.6029999999999944
0
LINE
8
BLACK
6
CONTINUOUS
10
181.6910000000000025
20
-56.6029999999999944
11
181.7024179999999944
21
-56.5455970000000008
0
LINE
8
BLACK
6
CONTINUOUS
10
181.7024179999999944
20
-56.5455970000000008
11
181.7349339999999813
21
-56.496933999999996
0
LINE
8
BLACK
6
CONTINUOUS
10
181.7349339999999813
20
-56.496933999999996
11
181.7835969999999861
21
-56.4644179999999949
0
LINE
8
BLACK
6
CONTINUOUS
10
181.7835969999999861
20
-56.4644179999999949
11
181.8409999999999798
21
-56.4529999999999959
0
LINE
8
BLACK
6
CONTINUOUS
10
181.8409999999999798
20
-56.4529999999999959
11
182.1409999999999911
21
-56.4529999999999959
0
LINE
8
BLACK
6
CONTINUOUS
10
182.1409999999999911
20
-56.4529999999999959
11
182.1984029999999848
21
-56.4644179999999949
0
LINE
8
BLACK
6
CONTINUOUS
10
220.4193870000000004
20
-56.096078999999996
11
220.4964379999999835
21
-56.1475620000000006
0
LINE
8
BLACK
6
CONTINUOUS
10
220.4964379999999835
20
-56.1475620000000006
11
220.5479210000000023
21
-56.224612999999998
0
LINE
8
BLACK
6
CONTINUOUS
10
220.5479210000000023
20
-56.224612999999998
11
220.5660000000000025
21
-56.3155000000000001
0
LINE
8
BLACK
6
CONTINUOUS
10
220.5660000000000025
20
-56.3155000000000001
11
220.5660000000000025
21
-56.9154999999999944
0
LINE
8
BLACK
6
CONTINUOUS
10
220.5660000000000025
20
-56.9154999999999944
11
220.5479210000000023
21
-57.0063869999999966
0
LINE
8
BLACK
6
CONTINUOUS
10
220.5479210000000023
20
-57.0063869999999966
11
220.4964379999999835
21
-57.0834379999999939
0
LINE
8
BLACK
6
CONTINUOUS
10
220.4964379999999835
20
-57.0834379999999939
11
220.4193870000000004
21
-57.1349209999999985
0
LINE
8
BLACK
6
CONTINUOUS
10
220.4193870000000004
20
-57.1349209999999985
11
220.3284999999999911
21
-57.1529999999999987
0
LINE
8
BLACK
6
CONTINUOUS
10
220.3284999999999911
20
-57.1529999999999987
11
219.8534999999999968
21
-57.1529999999999987
0
LINE
8
BLACK
6
CONTINUOUS
10
219.8534999999999968
20
-57.1529999999999987
11
219.7626129999999876
21
-57.1349209999999985
0
LINE
8
BLACK
6
CONTINUOUS
10
219.7626129999999876
20
-57.1349209999999985
11
219.685561999999976
21
-57.0834379999999939
0
LINE
8
BLACK
6
CONTINUOUS
10
219.685561999999976
20
-57.0834379999999939
11
219.6340789999999856
21
-57.0063869999999966
0
LINE
8
BLACK
6
CONTINUOUS
10
219.6340789999999856
20
-57.0063869999999966
11
219.6159999999999854
21
-56.9154999999999944
0
LINE
8
BLACK
6
CONTINUOUS
10
219.6159999999999854
20
-56.9154999999999944
11
219.6159999999999854
21
-56.3155000000000001
0
LINE
8
BLACK
6
CONTINUOUS
10
219.6159999999999854
20
-56.3155000000000001
11
219.6340789999999856
21
-56.224612999999998
0
LINE
8
BLACK
6
CONTINUOUS
10
219.6340789999999856
20
-56.224612999999998
11
219.685561999999976
21
-56.1475620000000006
0
LINE
8
BLACK
6
CONTINUOUS
10
219.685561999999976
20
-56.1475620000000006
11
219.7626129999999876
21
-56.096078999999996
0
LINE
8
BLACK
6
CONTINUOUS
10
219.7626129999999876
20
-56.096078999999996
11
219.8534999999999968
21
-56.0779999999999959
0
LINE
8
BLACK
6
CONTINUOUS
10
219.8534999999999968
20
-56.0779999999999959
11
220.3284999999999911
21
-56.0779999999999959
0
LINE
8
BLACK
6
CONTINUOUS
10
220.3284999999999911
20
-56.0779999999999959
11
220.4193870000000004
21
-56.096078999999996
0
LINE
8
BLACK
6
CONTINUOUS
10
178.553403000000003
20
-56.1044179999999955
11
178.6020659999999793
21
-56.1369339999999966
0
LINE
8
BLACK
6
CONTINUOUS
10
178.6020659999999793
20
-56.1369339999999966
11
178.6345819999999947
21
-56.1855969999999942
0
LINE
8
BLACK
6
CONTINUOUS
10
178.6345819999999947
20
-56.1855969999999942
11
178.6459999999999866
21
-56.242999999999995
0
LINE
8
BLACK
6
CONTINUOUS
10
178.6459999999999866
20
-56.242999999999995
11
178.6459999999999866
21
-56.5429999999999993
0
LINE
8
BLACK
6
CONTINUOUS
10
178.6459999999999866
20
-56.5429999999999993
11
178.6345819999999947
21
-56.600403
0
LINE
8
BLACK
6
CONTINUOUS
10
178.6345819999999947
20
-56.600403
11
178.6020659999999793
21
-56.6490659999999977
0
LINE
8
BLACK
6
CONTINUOUS
10
178.6020659999999793
20
-56.6490659999999977
11
178.553403000000003
21
-56.6815819999999988
0
LINE
8
BLACK
6
CONTINUOUS
10
178.553403000000003
20
-56.6815819999999988
11
178.4959999999999809
21
-56.6929999999999978
0
LINE
8
BLACK
6
CONTINUOUS
10
178.4959999999999809
20
-56.6929999999999978
11
177.7459999999999809
21
-56.6929999999999978
0
LINE
8
BLACK
6
CONTINUOUS
10
177.7459999999999809
20
-56.6929999999999978
11
177.6885969999999872
21
-56.6815819999999988
0
LINE
8
BLACK
6
CONTINUOUS
10
177.6885969999999872
20
-56.6815819999999988
11
177.6399339999999825
21
-56.6490659999999977
0
LINE
8
BLACK
6
CONTINUOUS
10
177.6399339999999825
20
-56.6490659999999977
11
177.6074179999999956
21
-56.600403
0
LINE
8
BLACK
6
CONTINUOUS
10
177.6074179999999956
20
-56.600403
11
177.5960000000000036
21
-56.5429999999999993
0
LINE
8
BLACK
6
CONTINUOUS
10
177.5960000000000036
20
-56.5429999999999993
11
177.5960000000000036
21
-56.242999999999995
0
LINE
8
BLACK
6
CONTINUOUS
10
177.5960000000000036
20
-56.242999999999995
11
177.6074179999999956
21
-56.1855969999999942
0
LINE
8
BLACK
6
CONTINUOUS
10
177.6074179999999956
20
-56.1855969999999942
11
177.6399339999999825
21
-56.1369339999999966
0
LINE
8
BLACK
6
CONTINUOUS
10
177.6399339999999825
20
-56.1369339999999966
11
177.6885969999999872
21
-56.1044179999999955
0
LINE
8
BLACK
6
CONTINUOUS
10
177.6885969999999872
20
-56.1044179999999955
11
177.7459999999999809
21
-56.0929999999999964
0
LINE
8
BLACK
6
CONTINUOUS
10
177.7459999999999809
20
-56.0929999999999964
11
178.4959999999999809
21
-56.0929999999999964
0
LINE
8
BLACK
6
CONTINUOUS
10
178.4959999999999809
20
-56.0929999999999964
11
178.553403000000003
21
-56.1044179999999955
0
LINE
8
BLACK
6
CONTINUOUS
10
184.1984029999999848
20
-56.0644179999999963
11
184.2470659999999896
21
-56.0969339999999974
0
LINE
8
BLACK
6
CONTINUOUS
10
184.2470659999999896
20
-56.0969339999999974
11
184.2795820000000049
21
-56.1455969999999951
0
LINE
8
BLACK
6
CONTINUOUS
10
184.2795820000000049
20
-56.1455969999999951
11
184.2909999999999968
21
-56.2029999999999959
0
LINE
8
BLACK
6
CONTINUOUS
10
184.2909999999999968
20
-56.2029999999999959
11
184.2909999999999968
21
-56.5030000000000001
0
LINE
8
BLACK
6
CONTINUOUS
10
184.2909999999999968
20
-56.5030000000000001
11
184.2795820000000049
21
-56.5604030000000009
0
LINE
8
BLACK
6
CONTINUOUS
10
184.2795820000000049
20
-56.5604030000000009
11
184.2470659999999896
21
-56.6090659999999986
0
LINE
8
BLACK
6
CONTINUOUS
10
184.2470659999999896
20
-56.6090659999999986
11
184.1984029999999848
21
-56.6415819999999997
0
LINE
8
BLACK
6
CONTINUOUS
10
184.1984029999999848
20
-56.6415819999999997
11
184.1409999999999911
21
-56.6529999999999987
0
LINE
8
BLACK
6
CONTINUOUS
10
184.1409999999999911
20
-56.6529999999999987
11
183.5409999999999968
21
-56.6529999999999987
0
LINE
8
BLACK
6
CONTINUOUS
10
183.5409999999999968
20
-56.6529999999999987
11
183.4835970000000032
21
-56.6415819999999997
0
LINE
8
BLACK
6
CONTINUOUS
10
183.4835970000000032
20
-56.6415819999999997
11
183.4349339999999984
21
-56.6090659999999986
0
LINE
8
BLACK
6
CONTINUOUS
10
183.4349339999999984
20
-56.6090659999999986
11
183.4024179999999831
21
-56.5604030000000009
0
LINE
8
BLACK
6
CONTINUOUS
10
183.4024179999999831
20
-56.5604030000000009
11
183.3909999999999911
21
-56.5030000000000001
0
LINE
8
BLACK
6
CONTINUOUS
10
183.3909999999999911
20
-56.5030000000000001
11
183.3909999999999911
21
-56.2029999999999959
0
LINE
8
BLACK
6
CONTINUOUS
10
183.3909999999999911
20
-56.2029999999999959
11
183.4024179999999831
21
-56.1455969999999951
0
LINE
8
BLACK
6
CONTINUOUS
10
183.4024179999999831
20
-56.1455969999999951
11
183.4349339999999984
21
-56.0969339999999974
0
LINE
8
BLACK
6
CONTINUOUS
10
183.4349339999999984
20
-56.0969339999999974
11
183.4835970000000032
21
-56.0644179999999963
0
LINE
8
BLACK
6
CONTINUOUS
10
183.4835970000000032
20
-56.0644179999999963
11
183.5409999999999968
21
-56.0529999999999973
0
LINE
8
BLACK
6
CONTINUOUS
10
183.5409999999999968
20
-56.0529999999999973
11
184.1409999999999911
21
-56.0529999999999973
0
LINE
8
BLACK
6
CONTINUOUS
10
184.1409999999999911
20
-56.0529999999999973
11
184.1984029999999848
21
-56.0644179999999963
0
LINE
8
BLACK
6
CONTINUOUS
10
175.2734030000000018
20
-55.984417999999998
11
175.3220659999999782
21
-56.0169339999999991
0
LINE
8
BLACK
6
CONTINUOUS
10
175.3220659999999782
20
-56.0169339999999991
11
175.3545819999999935
21
-56.0655969999999968
0
LINE
8
BLACK
6
CONTINUOUS
10
175.3545819999999935
20
-56.0655969999999968
11
175.3659999999999854
21
-56.1229999999999976
0
LINE
8
BLACK
6
CONTINUOUS
10
175.3659999999999854
20
-56.1229999999999976
11
175.3659999999999854
21
-56.4229999999999947
0
LINE
8
BLACK
6
CONTINUOUS
10
175.3659999999999854
20
-56.4229999999999947
11
175.3545819999999935
21
-56.4804029999999955
0
LINE
8
BLACK
6
CONTINUOUS
10
175.3545819999999935
20
-56.4804029999999955
11
175.3220659999999782
21
-56.5290660000000003
0
LINE
8
BLACK
6
CONTINUOUS
10
175.3220659999999782
20
-56.5290660000000003
11
175.2734030000000018
21
-56.5615819999999943
0
LINE
8
BLACK
6
CONTINUOUS
10
175.2734030000000018
20
-56.5615819999999943
11
175.2159999999999798
21
-56.5730000000000004
0
LINE
8
BLACK
6
CONTINUOUS
10
175.2159999999999798
20
-56.5730000000000004
11
174.4659999999999798
21
-56.5730000000000004
0
LINE
8
BLACK
6
CONTINUOUS
10
174.4659999999999798
20
-56.5730000000000004
11
174.4085969999999861
21
-56.5615819999999943
0
LINE
8
BLACK
6
CONTINUOUS
10
174.4085969999999861
20
-56.5615819999999943
11
174.3599339999999813
21
-56.5290660000000003
0
LINE
8
BLACK
6
CONTINUOUS
10
174.3599339999999813
20
-56.5290660000000003
11
174.3274179999999944
21
-56.4804029999999955
0
LINE
8
BLACK
6
CONTINUOUS
10
174.3274179999999944
20
-56.4804029999999955
11
174.3160000000000025
21
-56.4229999999999947
0
LINE
8
BLACK
6
CONTINUOUS
10
174.3160000000000025
20
-56.4229999999999947
11
174.3160000000000025
21
-56.1229999999999976
0
LINE
8
BLACK
6
CONTINUOUS
10
174.3160000000000025
20
-56.1229999999999976
11
174.3274179999999944
21
-56.0655969999999968
0
LINE
8
BLACK
6
CONTINUOUS
10
174.3274179999999944
20
-56.0655969999999968
11
174.3599339999999813
21
-56.0169339999999991
0
LINE
8
BLACK
6
CONTINUOUS
10
174.3599339999999813
20
-56.0169339999999991
11
174.4085969999999861
21
-55.984417999999998
0
LINE
8
BLACK
6
CONTINUOUS
10
174.4085969999999861
20
-55.984417999999998
11
174.4659999999999798
21
-55.972999999999999
0
LINE
8
BLACK
6
CONTINUOUS
10
174.4659999999999798
20
-55.972999999999999
11
175.2159999999999798
21
-55.972999999999999
0
LINE
8
BLACK
6
CONTINUOUS
10
175.2159999999999798
20
-55.972999999999999
11
175.2734030000000018
21
-55.984417999999998
0
LINE
8
BLACK
6
CONTINUOUS
10
169.4784029999999859
20
-55.9544179999999969
11
169.5270659999999907
21
-55.986933999999998
0
LINE
8
BLACK
6
CONTINUOUS
10
169.5270659999999907
20
-55.986933999999998
11
169.559582000000006
21
-56.0355969999999957
0
LINE
8
BLACK
6
CONTINUOUS
10
169.559582000000006
20
-56.0355969999999957
11
169.570999999999998
21
-56.0929999999999964
0
LINE
8
BLACK
6
CONTINUOUS
10
169.570999999999998
20
-56.0929999999999964
11
169.570999999999998
21
-56.3930000000000007
0
LINE
8
BLACK
6
CONTINUOUS
10
169.570999999999998
20
-56.3930000000000007
11
169.559582000000006
21
-56.4504029999999943
0
LINE
8
BLACK
6
CONTINUOUS
10
169.559582000000006
20
-56.4504029999999943
11
169.5270659999999907
21
-56.4990659999999991
0
LINE
8
BLACK
6
CONTINUOUS
10
169.5270659999999907
20
-56.4990659999999991
11
169.4784029999999859
21
-56.5315820000000002
0
LINE
8
BLACK
6
CONTINUOUS
10
169.4784029999999859
20
-56.5315820000000002
11
169.4209999999999923
21
-56.5429999999999993
0
LINE
8
BLACK
6
CONTINUOUS
10
169.4209999999999923
20
-56.5429999999999993
11
168.820999999999998
21
-56.5429999999999993
0
LINE
8
BLACK
6
CONTINUOUS
10
168.820999999999998
20
-56.5429999999999993
11
168.7635970000000043
21
-56.5315820000000002
0
LINE
8
BLACK
6
CONTINUOUS
10
168.7635970000000043
20
-56.5315820000000002
11
168.7149339999999995
21
-56.4990659999999991
0
LINE
8
BLACK
6
CONTINUOUS
10
168.7149339999999995
20
-56.4990659999999991
11
168.6824179999999842
21
-56.4504029999999943
0
LINE
8
BLACK
6
CONTINUOUS
10
168.6824179999999842
20
-56.4504029999999943
11
168.6709999999999923
21
-56.3930000000000007
0
LINE
8
BLACK
6
CONTINUOUS
10
168.6709999999999923
20
-56.3930000000000007
11
168.6709999999999923
21
-56.0929999999999964
0
LINE
8
BLACK
6
CONTINUOUS
10
168.6709999999999923
20
-56.0929999999999964
11
168.6824179999999842
21
-56.0355969999999957
0
LINE
8
BLACK
6
CONTINUOUS
10
168.6824179999999842
20
-56.0355969999999957
11
168.7149339999999995
21
-55.986933999999998
0
LINE
8
BLACK
6
CONTINUOUS
10
168.7149339999999995
20
-55.986933999999998
11
168.7635970000000043
21
-55.9544179999999969
0
LINE
8
BLACK
6
CONTINUOUS
10
168.7635970000000043
20
-55.9544179999999969
11
168.820999999999998
21
-55.9429999999999978
0
LINE
8
BLACK
6
CONTINUOUS
10
168.820999999999998
20
-55.9429999999999978
11
169.4209999999999923
21
-55.9429999999999978
0
LINE
8
BLACK
6
CONTINUOUS
10
169.4209999999999923
20
-55.9429999999999978
11
169.4784029999999859
21
-55.9544179999999969
0
LINE
8
BLACK
6
CONTINUOUS
10
180.4984029999999962
20
-55.3144179999999963
11
180.5470660000000009
21
-55.3469339999999974
0
LINE
8
BLACK
6
CONTINUOUS
10
180.5470660000000009
20
-55.3469339999999974
11
180.5795819999999878
21
-55.3955969999999951
0
LINE
8
BLACK
6
CONTINUOUS
10
180.5795819999999878
20
-55.3955969999999951
11
180.5909999999999798
21
-55.4529999999999959
0
LINE
8
BLACK
6
CONTINUOUS
10
180.5909999999999798
20
-55.4529999999999959
11
180.5909999999999798
21
-56.0529999999999973
0
LINE
8
BLACK
6
CONTINUOUS
10
180.5909999999999798
20
-56.0529999999999973
11
180.5795819999999878
21
-56.110402999999998
0
LINE
8
BLACK
6
CONTINUOUS
10
180.5795819999999878
20
-56.110402999999998
11
180.5470660000000009
21
-56.1590659999999957
0
LINE
8
BLACK
6
CONTINUOUS
10
180.5470660000000009
20
-56.1590659999999957
11
180.4984029999999962
21
-56.1915819999999968
0
LINE
8
BLACK
6
CONTINUOUS
10
180.4984029999999962
20
-56.1915819999999968
11
180.4410000000000025
21
-56.2029999999999959
0
LINE
8
BLACK
6
CONTINUOUS
10
180.4410000000000025
20
-56.2029999999999959
11
180.1409999999999911
21
-56.2029999999999959
0
LINE
8
BLACK
6
CONTINUOUS
10
180.1409999999999911
20
-56.2029999999999959
11
180.0835969999999975
21
-56.1915819999999968
0
LINE
8
BLACK
6
CONTINUOUS
10
180.0835969999999975
20
-56.1915819999999968
11
180.0349339999999927
21
-56.1590659999999957
0
LINE
8
BLACK
6
CONTINUOUS
10
180.0349339999999927
20
-56.1590659999999957
11
180.0024180000000058
21
-56.110402999999998
0
LINE
8
BLACK
6
CONTINUOUS
10
180.0024180000000058
20
-56.110402999999998
11
179.9909999999999854
21
-56.0529999999999973
0
LINE
8
BLACK
6
CONTINUOUS
10
179.9909999999999854
20
-56.0529999999999973
11
179.9909999999999854
21
-55.4529999999999959
0
LINE
8
BLACK
6
CONTINUOUS
10
179.9909999999999854
20
-55.4529999999999959
11
180.0024180000000058
21
-55.3955969999999951
0
LINE
8
BLACK
6
CONTINUOUS
10
180.0024180000000058
20
-55.3955969999999951
11
180.0349339999999927
21
-55.3469339999999974
0
LINE
8
BLACK
6
CONTINUOUS
10
180.0349339999999927
20
-55.3469339999999974
11
180.0835969999999975
21
-55.3144179999999963
0
LINE
8
BLACK
6
CONTINUOUS
10
180.0835969999999975
20
-55.3144179999999963
11
180.1409999999999911
21
-55.3029999999999973
0
LINE
8
BLACK
6
CONTINUOUS
10
180.1409999999999911
20
-55.3029999999999973
11
180.4410000000000025
21
-55.3029999999999973
0
LINE
8
BLACK
6
CONTINUOUS
10
180.4410000000000025
20
-55.3029999999999973
11
180.4984029999999962
21
-55.3144179999999963
0
LINE
8
BLACK
6
CONTINUOUS
10
181.3484029999999905
20
-55.3144179999999963
11
181.3970659999999953
21
-55.3469339999999974
0
LINE
8
BLACK
6
CONTINUOUS
10
181.3970659999999953
20
-55.3469339999999974
11
181.4295819999999821
21
-55.3955969999999951
0
LINE
8
BLACK
6
CONTINUOUS
10
181.4295819999999821
20
-55.3955969999999951
11
181.4410000000000025
21
-55.4529999999999959
0
LINE
8
BLACK
6
CONTINUOUS
10
181.4410000000000025
20
-55.4529999999999959
11
181.4410000000000025
21
-56.0529999999999973
0
LINE
8
BLACK
6
CONTINUOUS
10
181.4410000000000025
20
-56.0529999999999973
11
181.4295819999999821
21
-56.110402999999998
0
LINE
8
BLACK
6
CONTINUOUS
10
181.4295819999999821
20
-56.110402999999998
11
181.3970659999999953
21
-56.1590659999999957
0
LINE
8
BLACK
6
CONTINUOUS
10
181.3970659999999953
20
-56.1590659999999957
11
181.3484029999999905
21
-56.1915819999999968
0
LINE
8
BLACK
6
CONTINUOUS
10
181.3484029999999905
20
-56.1915819999999968
11
181.2909999999999968
21
-56.2029999999999959
0
LINE
8
BLACK
6
CONTINUOUS
10
181.2909999999999968
20
-56.2029999999999959
11
180.9909999999999854
21
-56.2029999999999959
0
LINE
8
BLACK
6
CONTINUOUS
10
180.9909999999999854
20
-56.2029999999999959
11
180.9335969999999918
21
-56.1915819999999968
0
LINE
8
BLACK
6
CONTINUOUS
10
180.9335969999999918
20
-56.1915819999999968
11
180.884933999999987
21
-56.1590659999999957
0
LINE
8
BLACK
6
CONTINUOUS
10
180.884933999999987
20
-56.1590659999999957
11
180.8524180000000001
21
-56.110402999999998
0
LINE
8
BLACK
6
CONTINUOUS
10
180.8524180000000001
20
-56.110402999999998
11
180.8409999999999798
21
-56.0529999999999973
0
LINE
8
BLACK
6
CONTINUOUS
10
180.8409999999999798
20
-56.0529999999999973
11
180.8409999999999798
21
-55.4529999999999959
0
LINE
8
BLACK
6
CONTINUOUS
10
180.8409999999999798
20
-55.4529999999999959
11
180.8524180000000001
21
-55.3955969999999951
0
LINE
8
BLACK
6
CONTINUOUS
10
180.8524180000000001
20
-55.3955969999999951
11
180.884933999999987
21
-55.3469339999999974
0
LINE
8
BLACK
6
CONTINUOUS
10
180.884933999999987
20
-55.3469339999999974
11
180.9335969999999918
21
-55.3144179999999963
0
LINE
8
BLACK
6
CONTINUOUS
10
180.9335969999999918
20
-55.3144179999999963
11
180.9909999999999854
21
-55.3029999999999973
0
LINE
8
BLACK
6
CONTINUOUS
10
180.9909999999999854
20
-55.3029999999999973
11
181.2909999999999968
21
-55.3029999999999973
0
LINE
8
BLACK
6
CONTINUOUS
10
181.2909999999999968
20
-55.3029999999999973
11
181.3484029999999905
21
-55.3144179999999963
0
LINE
8
BLACK
6
CONTINUOUS
10
182.1984029999999848
20
-55.3144179999999963
11
182.2470659999999896
21
-55.3469339999999974
0
LINE
8
BLACK
6
CONTINUOUS
10
182.2470659999999896
20
-55.3469339999999974
11
182.2795820000000049
21
-55.3955969999999951
0
LINE
8
BLACK
6
CONTINUOUS
10
182.2795820000000049
20
-55.3955969999999951
11
182.2909999999999968
21
-55.4529999999999959
0
LINE
8
BLACK
6
CONTINUOUS
10
182.2909999999999968
20
-55.4529999999999959
11
182.2909999999999968
21
-56.0529999999999973
0
LINE
8
BLACK
6
CONTINUOUS
10
182.2909999999999968
20
-56.0529999999999973
11
182.2795820000000049
21
-56.110402999999998
0
LINE
8
BLACK
6
CONTINUOUS
10
182.2795820000000049
20
-56.110402999999998
11
182.2470659999999896
21
-56.1590659999999957
0
LINE
8
BLACK
6
CONTINUOUS
10
182.2470659999999896
20
-56.1590659999999957
11
182.1984029999999848
21
-56.1915819999999968
0
LINE
8
BLACK
6
CONTINUOUS
10
182.1984029999999848
20
-56.1915819999999968
11
182.1409999999999911
21
-56.2029999999999959
0
LINE
8
BLACK
6
CONTINUOUS
10
182.1409999999999911
20
-56.2029999999999959
11
181.8409999999999798
21
-56.2029999999999959
0
LINE
8
BLACK
6
CONTINUOUS
10
181.8409999999999798
20
-56.2029999999999959
11
181.7835969999999861
21
-56.1915819999999968
0
LINE
8
BLACK
6
CONTINUOUS
10
181.7835969999999861
20
-56.1915819999999968
11
181.7349339999999813
21
-56.1590659999999957
0
LINE
8
BLACK
6
CONTINUOUS
10
181.7349339999999813
20
-56.1590659999999957
11
181.7024179999999944
21
-56.110402999999998
0
LINE
8
BLACK
6
CONTINUOUS
10
181.7024179999999944
20
-56.110402999999998
11
181.6910000000000025
21
-56.0529999999999973
0
LINE
8
BLACK
6
CONTINUOUS
10
181.6910000000000025
20
-56.0529999999999973
11
181.6910000000000025
21
-55.4529999999999959
0
LINE
8
BLACK
6
CONTINUOUS
10
181.6910000000000025
20
-55.4529999999999959
11
181.7024179999999944
21
-55.3955969999999951
0
LINE
8
BLACK
6
CONTINUOUS
10
181.7024179999999944
20
-55.3955969999999951
11
181.7349339999999813
21
-55.3469339999999974
0
LINE
8
BLACK
6
CONTINUOUS
10
181.7349339999999813
20
-55.3469339999999974
11
181.7835969999999861
21
-55.3144179999999963
0
LINE
8
BLACK
6
CONTINUOUS
10
181.7835969999999861
20
-55.3144179999999963
11
181.8409999999999798
21
-55.3029999999999973
0
LINE
8
BLACK
6
CONTINUOUS
10
181.8409999999999798
20
-55.3029999999999973
11
182.1409999999999911
21
-55.3029999999999973
0
LINE
8
BLACK
6
CONTINUOUS
10
182.1409999999999911
20
-55.3029999999999973
11
182.1984029999999848
21
-55.3144179999999963
0
LINE
8
BLACK
6
CONTINUOUS
10
209.9263770000000022
20
-56.1800499999999943
11
208.7166770000000042
21
-56.1800499999999943
0
LINE
8
BLACK
6
CONTINUOUS
10
208.7166770000000042
20
-56.1800499999999943
11
208.7166770000000042
21
-54.8052500000000009
0
LINE
8
BLACK
6
CONTINUOUS
10
208.7166770000000042
20
-54.8052500000000009
11
209.9263770000000022
21
-54.8052500000000009
0
LINE
8
BLACK
6
CONTINUOUS
10
209.9263770000000022
20
-54.8052500000000009
11
209.9263770000000022
21
-56.1800499999999943
0
LINE
8
BLACK
6
CONTINUOUS
10
211.3360769999999889
20
-56.1800499999999943
11
210.1263769999999909
21
-56.1800499999999943
0
LINE
8
BLACK
6
CONTINUOUS
10
210.1263769999999909
20
-56.1800499999999943
11
210.1263769999999909
21
-54.8052500000000009
0
LINE
8
BLACK
6
CONTINUOUS
10
210.1263769999999909
20
-54.8052500000000009
11
211.3360769999999889
21
-54.8052500000000009
0
LINE
8
BLACK
6
CONTINUOUS
10
211.3360769999999889
20
-54.8052500000000009
11
211.3360769999999889
21
-56.1800499999999943
0
LINE
8
BLACK
6
CONTINUOUS
10
212.7457770000000039
20
-56.1800499999999943
11
211.5360769999999775
21
-56.1800499999999943
0
LINE
8
BLACK
6
CONTINUOUS
10
211.5360769999999775
20
-56.1800499999999943
11
211.5360769999999775
21
-54.8052500000000009
0
LINE
8
BLACK
6
CONTINUOUS
10
211.5360769999999775
20
-54.8052500000000009
11
212.7457770000000039
21
-54.8052500000000009
0
LINE
8
BLACK
6
CONTINUOUS
10
212.7457770000000039
20
-54.8052500000000009
11
212.7457770000000039
21
-56.1800499999999943
0
LINE
8
BLACK
6
CONTINUOUS
10
214.1554769999999905
20
-56.1800499999999943
11
212.9457769999999925
21
-56.1800499999999943
0
LINE
8
BLACK
6
CONTINUOUS
10
212.9457769999999925
20
-56.1800499999999943
11
212.9457769999999925
21
-54.8052500000000009
0
LINE
8
BLACK
6
CONTINUOUS
10
212.9457769999999925
20
-54.8052500000000009
11
214.1554769999999905
21
-54.8052500000000009
0
LINE
8
BLACK
6
CONTINUOUS
10
214.1554769999999905
20
-54.8052500000000009
11
214.1554769999999905
21
-56.1800499999999943
0
LINE
8
BLACK
6
CONTINUOUS
10
171.178403000000003
20
-55.0744179999999943
11
171.2270659999999793
21
-55.1069339999999954
0
LINE
8
BLACK
6
CONTINUOUS
10
171.2270659999999793
20
-55.1069339999999954
11
171.2595819999999947
21
-55.1555970000000002
0
LINE
8
BLACK
6
CONTINUOUS
10
171.2595819999999947
20
-55.1555970000000002
11
171.2709999999999866
21
-55.213000000000001
0
LINE
8
BLACK
6
CONTINUOUS
10
171.2709999999999866
20
-55.213000000000001
11
171.2709999999999866
21
-55.8129999999999953
0
LINE
8
BLACK
6
CONTINUOUS
10
171.2709999999999866
20
-55.8129999999999953
11
171.2595819999999947
21
-55.870402999999996
0
LINE
8
BLACK
6
CONTINUOUS
10
171.2595819999999947
20
-55.870402999999996
11
171.2270659999999793
21
-55.9190660000000008
0
LINE
8
BLACK
6
CONTINUOUS
10
171.2270659999999793
20
-55.9190660000000008
11
171.178403000000003
21
-55.9515819999999948
0
LINE
8
BLACK
6
CONTINUOUS
10
171.178403000000003
20
-55.9515819999999948
11
171.1209999999999809
21
-55.963000000000001
0
LINE
8
BLACK
6
CONTINUOUS
10
171.1209999999999809
20
-55.963000000000001
11
170.820999999999998
21
-55.963000000000001
0
LINE
8
BLACK
6
CONTINUOUS
10
170.820999999999998
20
-55.963000000000001
11
170.7635970000000043
21
-55.9515819999999948
0
LINE
8
BLACK
6
CONTINUOUS
10
170.7635970000000043
20
-55.9515819999999948
11
170.7149339999999995
21
-55.9190660000000008
0
LINE
8
BLACK
6
CONTINUOUS
10
170.7149339999999995
20
-55.9190660000000008
11
170.6824179999999842
21
-55.870402999999996
0
LINE
8
BLACK
6
CONTINUOUS
10
170.6824179999999842
20
-55.870402999999996
11
170.6709999999999923
21
-55.8129999999999953
0
LINE
8
BLACK
6
CONTINUOUS
10
170.6709999999999923
20
-55.8129999999999953
11
170.6709999999999923
21
-55.213000000000001
0
LINE
8
BLACK
6
CONTINUOUS
10
170.6709999999999923
20
-55.213000000000001
11
170.6824179999999842
21
-55.1555970000000002
0
LINE
8
BLACK
6
CONTINUOUS
10
170.6824179999999842
20
-55.1555970000000002
11
170.7149339999999995
21
-55.1069339999999954
0
LINE
8
BLACK
6
CONTINUOUS
10
170.7149339999999995
20
-55.1069339999999954
11
170.7635970000000043
21
-55.0744179999999943
0
LINE
8
BLACK
6
CONTINUOUS
10
170.7635970000000043
20
-55.0744179999999943
11
170.820999999999998
21
-55.0629999999999953
0
LINE
8
BLACK
6
CONTINUOUS
10
170.820999999999998
20
-55.0629999999999953
11
171.1209999999999809
21
-55.0629999999999953
0
LINE
8
BLACK
6
CONTINUOUS
10
171.1209999999999809
20
-55.0629999999999953
11
171.178403000000003
21
-55.0744179999999943
0
LINE
8
BLACK
6
CONTINUOUS
10
172.0284029999999973
20
-55.0744179999999943
11
172.0770660000000021
21
-55.1069339999999954
0
LINE
8
BLACK
6
CONTINUOUS
10
172.0770660000000021
20
-55.1069339999999954
11
172.109581999999989
21
-55.1555970000000002
0
LINE
8
BLACK
6
CONTINUOUS
10
172.109581999999989
20
-55.1555970000000002
11
172.1209999999999809
21
-55.213000000000001
0
LINE
8
BLACK
6
CONTINUOUS
10
172.1209999999999809
20
-55.213000000000001
11
172.1209999999999809
21
-55.8129999999999953
0
LINE
8
BLACK
6
CONTINUOUS
10
172.1209999999999809
20
-55.8129999999999953
11
172.109581999999989
21
-55.870402999999996
0
LINE
8
BLACK
6
CONTINUOUS
10
172.109581999999989
20
-55.870402999999996
11
172.0770660000000021
21
-55.9190660000000008
0
LINE
8
BLACK
6
CONTINUOUS
10
172.0770660000000021
20
-55.9190660000000008
11
172.0284029999999973
21
-55.9515819999999948
0
LINE
8
BLACK
6
CONTINUOUS
10
172.0284029999999973
20
-55.9515819999999948
11
171.9710000000000036
21
-55.963000000000001
0
LINE
8
BLACK
6
CONTINUOUS
10
171.9710000000000036
20
-55.963000000000001
11
171.6709999999999923
21
-55.963000000000001
0
LINE
8
BLACK
6
CONTINUOUS
10
171.6709999999999923
20
-55.963000000000001
11
171.6135969999999986
21
-55.9515819999999948
0
LINE
8
BLACK
6
CONTINUOUS
10
171.6135969999999986
20
-55.9515819999999948
11
171.5649339999999938
21
-55.9190660000000008
0
LINE
8
BLACK
6
CONTINUOUS
10
171.5649339999999938
20
-55.9190660000000008
11
171.5324179999999785
21
-55.870402999999996
0
LINE
8
BLACK
6
CONTINUOUS
10
171.5324179999999785
20
-55.870402999999996
11
171.5209999999999866
21
-55.8129999999999953
0
LINE
8
BLACK
6
CONTINUOUS
10
171.5209999999999866
20
-55.8129999999999953
11
171.5209999999999866
21
-55.213000000000001
0
LINE
8
BLACK
6
CONTINUOUS
10
171.5209999999999866
20
-55.213000000000001
11
171.5324179999999785
21
-55.1555970000000002
0
LINE
8
BLACK
6
CONTINUOUS
10
171.5324179999999785
20
-55.1555970000000002
11
171.5649339999999938
21
-55.1069339999999954
0
LINE
8
BLACK
6
CONTINUOUS
10
171.5649339999999938
20
-55.1069339999999954
11
171.6135969999999986
21
-55.0744179999999943
0
LINE
8
BLACK
6
CONTINUOUS
10
171.6135969999999986
20
-55.0744179999999943
11
171.6709999999999923
21
-55.0629999999999953
0
LINE
8
BLACK
6
CONTINUOUS
10
171.6709999999999923
20
-55.0629999999999953
11
171.9710000000000036
21
-55.0629999999999953
0
LINE
8
BLACK
6
CONTINUOUS
10
171.9710000000000036
20
-55.0629999999999953
11
172.0284029999999973
21
-55.0744179999999943
0
LINE
8
BLACK
6
CONTINUOUS
10
172.8784029999999916
20
-55.0744179999999943
11
172.9270659999999964
21
-55.1069339999999954
0
LINE
8
BLACK
6
CONTINUOUS
10
172.9270659999999964
20
-55.1069339999999954
11
172.9595819999999833
21
-55.1555970000000002
0
LINE
8
BLACK
6
CONTINUOUS
10
172.9595819999999833
20
-55.1555970000000002
11
172.9710000000000036
21
-55.213000000000001
0
LINE
8
BLACK
6
CONTINUOUS
10
172.9710000000000036
20
-55.213000000000001
11
172.9710000000000036
21
-55.8129999999999953
0
LINE
8
BLACK
6
CONTINUOUS
10
172.9710000000000036
20
-55.8129999999999953
11
172.9595819999999833
21
-55.870402999999996
0
LINE
8
BLACK
6
CONTINUOUS
10
172.9595819999999833
20
-55.870402999999996
11
172.9270659999999964
21
-55.9190660000000008
0
LINE
8
BLACK
6
CONTINUOUS
10
172.9270659999999964
20
-55.9190660000000008
11
172.8784029999999916
21
-55.9515819999999948
0
LINE
8
BLACK
6
CONTINUOUS
10
172.8784029999999916
20
-55.9515819999999948
11
172.820999999999998
21
-55.963000000000001
0
LINE
8
BLACK
6
CONTINUOUS
10
172.820999999999998
20
-55.963000000000001
11
172.5209999999999866
21
-55.963000000000001
0
LINE
8
BLACK
6
CONTINUOUS
10
172.5209999999999866
20
-55.963000000000001
11
172.4635969999999929
21
-55.9515819999999948
0
LINE
8
BLACK
6
CONTINUOUS
10
172.4635969999999929
20
-55.9515819999999948
11
172.4149339999999881
21
-55.9190660000000008
0
LINE
8
BLACK
6
CONTINUOUS
10
172.4149339999999881
20
-55.9190660000000008
11
172.3824180000000013
21
-55.870402999999996
0
LINE
8
BLACK
6
CONTINUOUS
10
172.3824180000000013
20
-55.870402999999996
11
172.3709999999999809
21
-55.8129999999999953
0
LINE
8
BLACK
6
CONTINUOUS
10
172.3709999999999809
20
-55.8129999999999953
11
172.3709999999999809
21
-55.213000000000001
0
LINE
8
BLACK
6
CONTINUOUS
10
172.3709999999999809
20
-55.213000000000001
11
172.3824180000000013
21
-55.1555970000000002
0
LINE
8
BLACK
6
CONTINUOUS
10
172.3824180000000013
20
-55.1555970000000002
11
172.4149339999999881
21
-55.1069339999999954
0
LINE
8
BLACK
6
CONTINUOUS
10
172.4149339999999881
20
-55.1069339999999954
11
172.4635969999999929
21
-55.0744179999999943
0
LINE
8
BLACK
6
CONTINUOUS
10
172.4635969999999929
20
-55.0744179999999943
11
172.5209999999999866
21
-55.0629999999999953
0
LINE
8
BLACK
6
CONTINUOUS
10
172.5209999999999866
20
-55.0629999999999953
11
172.820999999999998
21
-55.0629999999999953
0
LINE
8
BLACK
6
CONTINUOUS
10
172.820999999999998
20
-55.0629999999999953
11
172.8784029999999916
21
-55.0744179999999943
0
LINE
8
BLACK
6
CONTINUOUS
10
163.9716709999999864
20
-54.5870299999999986
11
164.0527769999999919
21
-54.6412229999999965
0
LINE
8
BLACK
6
CONTINUOUS
10
164.0527769999999919
20
-54.6412229999999965
11
164.1069699999999898
21
-54.7223289999999949
0
LINE
8
BLACK
6
CONTINUOUS
10
164.1069699999999898
20
-54.7223289999999949
11
164.1260000000000048
21
-54.8179999999999978
0
LINE
8
BLACK
6
CONTINUOUS
10
164.1260000000000048
20
-54.8179999999999978
11
164.1260000000000048
21
-55.4179999999999993
0
LINE
8
BLACK
6
CONTINUOUS
10
164.1260000000000048
20
-55.4179999999999993
11
164.1069699999999898
21
-55.5136709999999951
0
LINE
8
BLACK
6
CONTINUOUS
10
164.1069699999999898
20
-55.5136709999999951
11
164.0527769999999919
21
-55.5947770000000006
0
LINE
8
BLACK
6
CONTINUOUS
10
164.0527769999999919
20
-55.5947770000000006
11
163.9716709999999864
21
-55.6489699999999985
0
LINE
8
BLACK
6
CONTINUOUS
10
163.9716709999999864
20
-55.6489699999999985
11
163.8760000000000048
21
-55.6679999999999993
0
LINE
8
BLACK
6
CONTINUOUS
10
163.8760000000000048
20
-55.6679999999999993
11
163.275999999999982
21
-55.6679999999999993
0
LINE
8
BLACK
6
CONTINUOUS
10
163.275999999999982
20
-55.6679999999999993
11
163.1803290000000004
21
-55.6489699999999985
0
LINE
8
BLACK
6
CONTINUOUS
10
163.1803290000000004
20
-55.6489699999999985
11
163.099222999999995
21
-55.5947770000000006
0
LINE
8
BLACK
6
CONTINUOUS
10
163.099222999999995
20
-55.5947770000000006
11
163.045029999999997
21
-55.5136709999999951
0
LINE
8
BLACK
6
CONTINUOUS
10
163.045029999999997
20
-55.5136709999999951
11
163.025999999999982
21
-55.4179999999999993
0
LINE
8
BLACK
6
CONTINUOUS
10
163.025999999999982
20
-55.4179999999999993
11
163.025999999999982
21
-54.8179999999999978
0
LINE
8
BLACK
6
CONTINUOUS
10
163.025999999999982
20
-54.8179999999999978
11
163.045029999999997
21
-54.7223289999999949
0
LINE
8
BLACK
6
CONTINUOUS
10
163.045029999999997
20
-54.7223289999999949
11
163.099222999999995
21
-54.6412229999999965
0
LINE
8
BLACK
6
CONTINUOUS
10
163.099222999999995
20
-54.6412229999999965
11
163.1803290000000004
21
-54.5870299999999986
0
LINE
8
BLACK
6
CONTINUOUS
10
163.1803290000000004
20
-54.5870299999999986
11
163.275999999999982
21
-54.5679999999999978
0
LINE
8
BLACK
6
CONTINUOUS
10
163.275999999999982
20
-54.5679999999999978
11
163.8760000000000048
21
-54.5679999999999978
0
LINE
8
BLACK
6
CONTINUOUS
10
163.8760000000000048
20
-54.5679999999999978
11
163.9716709999999864
21
-54.5870299999999986
0
LINE
8
BLACK
6
CONTINUOUS
10
166.7716709999999978
20
-54.5870299999999986
11
166.8527770000000032
21
-54.6412229999999965
0
LINE
8
BLACK
6
CONTINUOUS
10
166.8527770000000032
20
-54.6412229999999965
11
166.9069700000000012
21
-54.7223289999999949
0
LINE
8
BLACK
6
CONTINUOUS
10
166.9069700000000012
20
-54.7223289999999949
11
166.9259999999999877
21
-54.8179999999999978
0
LINE
8
BLACK
6
CONTINUOUS
10
166.9259999999999877
20
-54.8179999999999978
11
166.9259999999999877
21
-55.4179999999999993
0
LINE
8
BLACK
6
CONTINUOUS
10
166.9259999999999877
20
-55.4179999999999993
11
166.9069700000000012
21
-55.5136709999999951
0
LINE
8
BLACK
6
CONTINUOUS
10
166.9069700000000012
20
-55.5136709999999951
11
166.8527770000000032
21
-55.5947770000000006
0
LINE
8
BLACK
6
CONTINUOUS
10
166.8527770000000032
20
-55.5947770000000006
11
166.7716709999999978
21
-55.6489699999999985
0
LINE
8
BLACK
6
CONTINUOUS
10
166.7716709999999978
20
-55.6489699999999985
11
166.6759999999999877
21
-55.6679999999999993
0
LINE
8
BLACK
6
CONTINUOUS
10
166.6759999999999877
20
-55.6679999999999993
11
166.0759999999999934
21
-55.6679999999999993
0
LINE
8
BLACK
6
CONTINUOUS
10
166.0759999999999934
20
-55.6679999999999993
11
165.9803289999999834
21
-55.6489699999999985
0
LINE
8
BLACK
6
CONTINUOUS
10
165.9803289999999834
20
-55.6489699999999985
11
165.8992230000000063
21
-55.5947770000000006
0
LINE
8
BLACK
6
CONTINUOUS
10
165.8992230000000063
20
-55.5947770000000006
11
165.84502999999998
21
-55.5136709999999951
0
LINE
8
BLACK
6
CONTINUOUS
10
165.84502999999998
20
-55.5136709999999951
11
165.8259999999999934
21
-55.4179999999999993
0
LINE
8
BLACK
6
CONTINUOUS
10
165.8259999999999934
20
-55.4179999999999993
11
165.8259999999999934
21
-54.8179999999999978
0
LINE
8
BLACK
6
CONTINUOUS
10
165.8259999999999934
20
-54.8179999999999978
11
165.84502999999998
21
-54.7223289999999949
0
LINE
8
BLACK
6
CONTINUOUS
10
165.84502999999998
20
-54.7223289999999949
11
165.8992230000000063
21
-54.6412229999999965
0
LINE
8
BLACK
6
CONTINUOUS
10
165.8992230000000063
20
-54.6412229999999965
11
165.9803289999999834
21
-54.5870299999999986
0
LINE
8
BLACK
6
CONTINUOUS
10
165.9803289999999834
20
-54.5870299999999986
11
166.0759999999999934
21
-54.5679999999999978
0
LINE
8
BLACK
6
CONTINUOUS
10
166.0759999999999934
20
-54.5679999999999978
11
166.6759999999999877
21
-54.5679999999999978
0
LINE
8
BLACK
6
CONTINUOUS
10
166.6759999999999877
20
-54.5679999999999978
11
166.7716709999999978
21
-54.5870299999999986
0
LINE
8
BLACK
6
CONTINUOUS
10
184.1984029999999848
20
-54.8644180000000006
11
184.2470659999999896
21
-54.8969339999999946
0
LINE
8
BLACK
6
CONTINUOUS
10
184.2470659999999896
20
-54.8969339999999946
11
184.2795820000000049
21
-54.9455969999999994
0
LINE
8
BLACK
6
CONTINUOUS
10
184.2795820000000049
20
-54.9455969999999994
11
184.2909999999999968
21
-55.0030000000000001
0
LINE
8
BLACK
6
CONTINUOUS
10
184.2909999999999968
20
-55.0030000000000001
11
184.2909999999999968
21
-55.3029999999999973
0
LINE
8
BLACK
6
CONTINUOUS
10
184.2909999999999968
20
-55.3029999999999973
11
184.2795820000000049
21
-55.360402999999998
0
LINE
8
BLACK
6
CONTINUOUS
10
184.2795820000000049
20
-55.360402999999998
11
184.2470659999999896
21
-55.4090659999999957
0
LINE
8
BLACK
6
CONTINUOUS
10
184.2470659999999896
20
-55.4090659999999957
11
184.1984029999999848
21
-55.4415819999999968
0
LINE
8
BLACK
6
CONTINUOUS
10
184.1984029999999848
20
-55.4415819999999968
11
184.1409999999999911
21
-55.4529999999999959
0
LINE
8
BLACK
6
CONTINUOUS
10
184.1409999999999911
20
-55.4529999999999959
11
183.5409999999999968
21
-55.4529999999999959
0
LINE
8
BLACK
6
CONTINUOUS
10
183.5409999999999968
20
-55.4529999999999959
11
183.4835970000000032
21
-55.4415819999999968
0
LINE
8
BLACK
6
CONTINUOUS
10
183.4835970000000032
20
-55.4415819999999968
11
183.4349339999999984
21
-55.4090659999999957
0
LINE
8
BLACK
6
CONTINUOUS
10
183.4349339999999984
20
-55.4090659999999957
11
183.4024179999999831
21
-55.360402999999998
0
LINE
8
BLACK
6
CONTINUOUS
10
183.4024179999999831
20
-55.360402999999998
11
183.3909999999999911
21
-55.3029999999999973
0
LINE
8
BLACK
6
CONTINUOUS
10
183.3909999999999911
20
-55.3029999999999973
11
183.3909999999999911
21
-55.0030000000000001
0
LINE
8
BLACK
6
CONTINUOUS
10
183.3909999999999911
20
-55.0030000000000001
11
183.4024179999999831
21
-54.9455969999999994
0
LINE
8
BLACK
6
CONTINUOUS
10
183.4024179999999831
20
-54.9455969999999994
11
183.4349339999999984
21
-54.8969339999999946
0
LINE
8
BLACK
6
CONTINUOUS
10
183.4349339999999984
20
-54.8969339999999946
11
183.4835970000000032
21
-54.8644180000000006
0
LINE
8
BLACK
6
CONTINUOUS
10
183.4835970000000032
20
-54.8644180000000006
11
183.5409999999999968
21
-54.8529999999999944
0
LINE
8
BLACK
6
CONTINUOUS
10
183.5409999999999968
20
-54.8529999999999944
11
184.1409999999999911
21
-54.8529999999999944
0
LINE
8
BLACK
6
CONTINUOUS
10
184.1409999999999911
20
-54.8529999999999944
11
184.1984029999999848
21
-54.8644180000000006
0
LINE
8
BLACK
6
CONTINUOUS
10
220.4193870000000004
20
-54.3710789999999946
11
220.4964379999999835
21
-54.4225619999999992
0
LINE
8
BLACK
6
CONTINUOUS
10
220.4964379999999835
20
-54.4225619999999992
11
220.5479210000000023
21
-54.4996129999999965
0
LINE
8
BLACK
6
CONTINUOUS
10
220.5479210000000023
20
-54.4996129999999965
11
220.5660000000000025
21
-54.5904999999999987
0
LINE
8
BLACK
6
CONTINUOUS
10
220.5660000000000025
20
-54.5904999999999987
11
220.5660000000000025
21
-55.1905000000000001
0
LINE
8
BLACK
6
CONTINUOUS
10
220.5660000000000025
20
-55.1905000000000001
11
220.5479210000000023
21
-55.2813869999999952
0
LINE
8
BLACK
6
CONTINUOUS
10
220.5479210000000023
20
-55.2813869999999952
11
220.4964379999999835
21
-55.3584379999999996
0
LINE
8
BLACK
6
CONTINUOUS
10
220.4964379999999835
20
-55.3584379999999996
11
220.4193870000000004
21
-55.4099209999999971
0
LINE
8
BLACK
6
CONTINUOUS
10
220.4193870000000004
20
-55.4099209999999971
11
220.3284999999999911
21
-55.4279999999999973
0
LINE
8
BLACK
6
CONTINUOUS
10
220.3284999999999911
20
-55.4279999999999973
11
219.8534999999999968
21
-55.4279999999999973
0
LINE
8
BLACK
6
CONTINUOUS
10
219.8534999999999968
20
-55.4279999999999973
11
219.7626129999999876
21
-55.4099209999999971
0
LINE
8
BLACK
6
CONTINUOUS
10
219.7626129999999876
20
-55.4099209999999971
11
219.685561999999976
21
-55.3584379999999996
0
LINE
8
BLACK
6
CONTINUOUS
10
219.685561999999976
20
-55.3584379999999996
11
219.6340789999999856
21
-55.2813869999999952
0
LINE
8
BLACK
6
CONTINUOUS
10
219.6340789999999856
20
-55.2813869999999952
11
219.6159999999999854
21
-55.1905000000000001
0
LINE
8
BLACK
6
CONTINUOUS
10
219.6159999999999854
20
-55.1905000000000001
11
219.6159999999999854
21
-54.5904999999999987
0
LINE
8
BLACK
6
CONTINUOUS
10
219.6159999999999854
20
-54.5904999999999987
11
219.6340789999999856
21
-54.4996129999999965
0
LINE
8
BLACK
6
CONTINUOUS
10
219.6340789999999856
20
-54.4996129999999965
11
219.685561999999976
21
-54.4225619999999992
0
LINE
8
BLACK
6
CONTINUOUS
10
219.685561999999976
20
-54.4225619999999992
11
219.7626129999999876
21
-54.3710789999999946
0
LINE
8
BLACK
6
CONTINUOUS
10
219.7626129999999876
20
-54.3710789999999946
11
219.8534999999999968
21
-54.3529999999999944
0
LINE
8
BLACK
6
CONTINUOUS
10
219.8534999999999968
20
-54.3529999999999944
11
220.3284999999999911
21
-54.3529999999999944
0
LINE
8
BLACK
6
CONTINUOUS
10
220.3284999999999911
20
-54.3529999999999944
11
220.4193870000000004
21
-54.3710789999999946
0
LINE
8
BLACK
6
CONTINUOUS
10
178.553403000000003
20
-54.8244179999999943
11
178.6020659999999793
21
-54.8569339999999954
0
LINE
8
BLACK
6
CONTINUOUS
10
178.6020659999999793
20
-54.8569339999999954
11
178.6345819999999947
21
-54.9055970000000002
0
LINE
8
BLACK
6
CONTINUOUS
10
178.6345819999999947
20
-54.9055970000000002
11
178.6459999999999866
21
-54.963000000000001
0
LINE
8
BLACK
6
CONTINUOUS
10
178.6459999999999866
20
-54.963000000000001
11
178.6459999999999866
21
-55.2629999999999981
0
LINE
8
BLACK
6
CONTINUOUS
10
178.6459999999999866
20
-55.2629999999999981
11
178.6345819999999947
21
-55.3204029999999989
0
LINE
8
BLACK
6
CONTINUOUS
10
178.6345819999999947
20
-55.3204029999999989
11
178.6020659999999793
21
-55.3690659999999966
0
LINE
8
BLACK
6
CONTINUOUS
10
178.6020659999999793
20
-55.3690659999999966
11
178.553403000000003
21
-55.4015819999999977
0
LINE
8
BLACK
6
CONTINUOUS
10
178.553403000000003
20
-55.4015819999999977
11
178.4959999999999809
21
-55.4129999999999967
0
LINE
8
BLACK
6
CONTINUOUS
10
178.4959999999999809
20
-55.4129999999999967
11
177.7459999999999809
21
-55.4129999999999967
0
LINE
8
BLACK
6
CONTINUOUS
10
177.7459999999999809
20
-55.4129999999999967
11
177.6885969999999872
21
-55.4015819999999977
0
LINE
8
BLACK
6
CONTINUOUS
10
177.6885969999999872
20
-55.4015819999999977
11
177.6399339999999825
21
-55.3690659999999966
0
LINE
8
BLACK
6
CONTINUOUS
10
177.6399339999999825
20
-55.3690659999999966
11
177.6074179999999956
21
-55.3204029999999989
0
LINE
8
BLACK
6
CONTINUOUS
10
177.6074179999999956
20
-55.3204029999999989
11
177.5960000000000036
21
-55.2629999999999981
0
LINE
8
BLACK
6
CONTINUOUS
10
177.5960000000000036
20
-55.2629999999999981
11
177.5960000000000036
21
-54.963000000000001
0
LINE
8
BLACK
6
CONTINUOUS
10
177.5960000000000036
20
-54.963000000000001
11
177.6074179999999956
21
-54.9055970000000002
0
LINE
8
BLACK
6
CONTINUOUS
10
177.6074179999999956
20
-54.9055970000000002
11
177.6399339999999825
21
-54.8569339999999954
0
LINE
8
BLACK
6
CONTINUOUS
10
177.6399339999999825
20
-54.8569339999999954
11
177.6885969999999872
21
-54.8244179999999943
0
LINE
8
BLACK
6
CONTINUOUS
10
177.6885969999999872
20
-54.8244179999999943
11
177.7459999999999809
21
-54.8129999999999953
0
LINE
8
BLACK
6
CONTINUOUS
10
177.7459999999999809
20
-54.8129999999999953
11
178.4959999999999809
21
-54.8129999999999953
0
LINE
8
BLACK
6
CONTINUOUS
10
178.4959999999999809
20
-54.8129999999999953
11
178.553403000000003
21
-54.8244179999999943
0
LINE
8
BLACK
6
CONTINUOUS
10
159.341670999999991
20
-54.0270299999999963
11
159.4227769999999964
21
-54.0812229999999943
0
LINE
8
BLACK
6
CONTINUOUS
10
159.4227769999999964
20
-54.0812229999999943
11
159.4769699999999943
21
-54.1623289999999997
0
LINE
8
BLACK
6
CONTINUOUS
10
159.4769699999999943
20
-54.1623289999999997
11
159.4959999999999809
21
-54.2579999999999956
0
LINE
8
BLACK
6
CONTINUOUS
10
159.4959999999999809
20
-54.2579999999999956
11
159.4959999999999809
21
-55.1579999999999941
0
LINE
8
BLACK
6
CONTINUOUS
10
159.4959999999999809
20
-55.1579999999999941
11
159.4769699999999943
21
-55.2536709999999971
0
LINE
8
BLACK
6
CONTINUOUS
10
159.4769699999999943
20
-55.2536709999999971
11
159.4227769999999964
21
-55.3347769999999954
0
LINE
8
BLACK
6
CONTINUOUS
10
159.4227769999999964
20
-55.3347769999999954
11
159.341670999999991
21
-55.3889700000000005
0
LINE
8
BLACK
6
CONTINUOUS
10
159.341670999999991
20
-55.3889700000000005
11
159.2459999999999809
21
-55.4079999999999941
0
LINE
8
BLACK
6
CONTINUOUS
10
159.2459999999999809
20
-55.4079999999999941
11
158.5459999999999923
21
-55.4079999999999941
0
LINE
8
BLACK
6
CONTINUOUS
10
158.5459999999999923
20
-55.4079999999999941
11
158.4503289999999822
21
-55.3889700000000005
0
LINE
8
BLACK
6
CONTINUOUS
10
158.4503289999999822
20
-55.3889700000000005
11
158.3692230000000052
21
-55.3347769999999954
0
LINE
8
BLACK
6
CONTINUOUS
10
158.3692230000000052
20
-55.3347769999999954
11
158.3150299999999788
21
-55.2536709999999971
0
LINE
8
BLACK
6
CONTINUOUS
10
158.3150299999999788
20
-55.2536709999999971
11
158.2959999999999923
21
-55.1579999999999941
0
LINE
8
BLACK
6
CONTINUOUS
10
158.2959999999999923
20
-55.1579999999999941
11
158.2959999999999923
21
-54.2579999999999956
0
LINE
8
BLACK
6
CONTINUOUS
10
158.2959999999999923
20
-54.2579999999999956
11
158.3150299999999788
21
-54.1623289999999997
0
LINE
8
BLACK
6
CONTINUOUS
10
158.3150299999999788
20
-54.1623289999999997
11
158.3692230000000052
21
-54.0812229999999943
0
LINE
8
BLACK
6
CONTINUOUS
10
158.3692230000000052
20
-54.0812229999999943
11
158.4503289999999822
21
-54.0270299999999963
0
LINE
8
BLACK
6
CONTINUOUS
10
158.4503289999999822
20
-54.0270299999999963
11
158.5459999999999923
21
-54.0079999999999956
0
LINE
8
BLACK
6
CONTINUOUS
10
158.5459999999999923
20
-54.0079999999999956
11
159.2459999999999809
21
-54.0079999999999956
0
LINE
8
BLACK
6
CONTINUOUS
10
159.2459999999999809
20
-54.0079999999999956
11
159.341670999999991
21
-54.0270299999999963
0
LINE
8
BLACK
6
CONTINUOUS
10
161.341670999999991
20
-54.0270299999999963
11
161.4227769999999964
21
-54.0812229999999943
0
LINE
8
BLACK
6
CONTINUOUS
10
161.4227769999999964
20
-54.0812229999999943
11
161.4769699999999943
21
-54.1623289999999997
0
LINE
8
BLACK
6
CONTINUOUS
10
161.4769699999999943
20
-54.1623289999999997
11
161.4959999999999809
21
-54.2579999999999956
0
LINE
8
BLACK
6
CONTINUOUS
10
161.4959999999999809
20
-54.2579999999999956
11
161.4959999999999809
21
-55.1579999999999941
0
LINE
8
BLACK
6
CONTINUOUS
10
161.4959999999999809
20
-55.1579999999999941
11
161.4769699999999943
21
-55.2536709999999971
0
LINE
8
BLACK
6
CONTINUOUS
10
161.4769699999999943
20
-55.2536709999999971
11
161.4227769999999964
21
-55.3347769999999954
0
LINE
8
BLACK
6
CONTINUOUS
10
161.4227769999999964
20
-55.3347769999999954
11
161.341670999999991
21
-55.3889700000000005
0
LINE
8
BLACK
6
CONTINUOUS
10
161.341670999999991
20
-55.3889700000000005
11
161.2459999999999809
21
-55.4079999999999941
0
LINE
8
BLACK
6
CONTINUOUS
10
161.2459999999999809
20
-55.4079999999999941
11
160.5459999999999923
21
-55.4079999999999941
0
LINE
8
BLACK
6
CONTINUOUS
10
160.5459999999999923
20
-55.4079999999999941
11
160.4503289999999822
21
-55.3889700000000005
0
LINE
8
BLACK
6
CONTINUOUS
10
160.4503289999999822
20
-55.3889700000000005
11
160.3692230000000052
21
-55.3347769999999954
0
LINE
8
BLACK
6
CONTINUOUS
10
160.3692230000000052
20
-55.3347769999999954
11
160.3150299999999788
21
-55.2536709999999971
0
LINE
8
BLACK
6
CONTINUOUS
10
160.3150299999999788
20
-55.2536709999999971
11
160.2959999999999923
21
-55.1579999999999941
0
LINE
8
BLACK
6
CONTINUOUS
10
160.2959999999999923
20
-55.1579999999999941
11
160.2959999999999923
21
-54.2579999999999956
0
LINE
8
BLACK
6
CONTINUOUS
10
160.2959999999999923
20
-54.2579999999999956
11
160.3150299999999788
21
-54.1623289999999997
0
LINE
8
BLACK
6
CONTINUOUS
10
160.3150299999999788
20
-54.1623289999999997
11
160.3692230000000052
21
-54.0812229999999943
0
LINE
8
BLACK
6
CONTINUOUS
10
160.3692230000000052
20
-54.0812229999999943
11
160.4503289999999822
21
-54.0270299999999963
0
LINE
8
BLACK
6
CONTINUOUS
10
160.4503289999999822
20
-54.0270299999999963
11
160.5459999999999923
21
-54.0079999999999956
0
LINE
8
BLACK
6
CONTINUOUS
10
160.5459999999999923
20
-54.0079999999999956
11
161.2459999999999809
21
-54.0079999999999956
0
LINE
8
BLACK
6
CONTINUOUS
10
161.2459999999999809
20
-54.0079999999999956
11
161.341670999999991
21
-54.0270299999999963
0
LINE
8
BLACK
6
CONTINUOUS
10
175.2734030000000018
20
-54.7144179999999949
11
175.3220659999999782
21
-54.746933999999996
0
LINE
8
BLACK
6
CONTINUOUS
10
175.3220659999999782
20
-54.746933999999996
11
175.3545819999999935
21
-54.7955970000000008
0
LINE
8
BLACK
6
CONTINUOUS
10
175.3545819999999935
20
-54.7955970000000008
11
175.3659999999999854
21
-54.8529999999999944
0
LINE
8
BLACK
6
CONTINUOUS
10
175.3659999999999854
20
-54.8529999999999944
11
175.3659999999999854
21
-55.1529999999999987
0
LINE
8
BLACK
6
CONTINUOUS
10
175.3659999999999854
20
-55.1529999999999987
11
175.3545819999999935
21
-55.2104029999999995
0
LINE
8
BLACK
6
CONTINUOUS
10
175.3545819999999935
20
-55.2104029999999995
11
175.3220659999999782
21
-55.2590659999999971
0
LINE
8
BLACK
6
CONTINUOUS
10
175.3220659999999782
20
-55.2590659999999971
11
175.2734030000000018
21
-55.2915819999999982
0
LINE
8
BLACK
6
CONTINUOUS
10
175.2734030000000018
20
-55.2915819999999982
11
175.2159999999999798
21
-55.3029999999999973
0
LINE
8
BLACK
6
CONTINUOUS
10
175.2159999999999798
20
-55.3029999999999973
11
174.4659999999999798
21
-55.3029999999999973
0
LINE
8
BLACK
6
CONTINUOUS
10
174.4659999999999798
20
-55.3029999999999973
11
174.4085969999999861
21
-55.2915819999999982
0
LINE
8
BLACK
6
CONTINUOUS
10
174.4085969999999861
20
-55.2915819999999982
11
174.3599339999999813
21
-55.2590659999999971
0
LINE
8
BLACK
6
CONTINUOUS
10
174.3599339999999813
20
-55.2590659999999971
11
174.3274179999999944
21
-55.2104029999999995
0
LINE
8
BLACK
6
CONTINUOUS
10
174.3274179999999944
20
-55.2104029999999995
11
174.3160000000000025
21
-55.1529999999999987
0
LINE
8
BLACK
6
CONTINUOUS
10
174.3160000000000025
20
-55.1529999999999987
11
174.3160000000000025
21
-54.8529999999999944
0
LINE
8
BLACK
6
CONTINUOUS
10
174.3160000000000025
20
-54.8529999999999944
11
174.3274179999999944
21
-54.7955970000000008
0
LINE
8
BLACK
6
CONTINUOUS
10
174.3274179999999944
20
-54.7955970000000008
11
174.3599339999999813
21
-54.746933999999996
0
LINE
8
BLACK
6
CONTINUOUS
10
174.3599339999999813
20
-54.746933999999996
11
174.4085969999999861
21
-54.7144179999999949
0
LINE
8
BLACK
6
CONTINUOUS
10
174.4085969999999861
20
-54.7144179999999949
11
174.4659999999999798
21
-54.7029999999999959
0
LINE
8
BLACK
6
CONTINUOUS
10
174.4659999999999798
20
-54.7029999999999959
11
175.2159999999999798
21
-54.7029999999999959
0
LINE
8
BLACK
6
CONTINUOUS
10
175.2159999999999798
20
-54.7029999999999959
11
175.2734030000000018
21
-54.7144179999999949
0
LINE
8
BLACK
6
CONTINUOUS
10
169.4784029999999859
20
-54.6744179999999957
11
169.5270659999999907
21
-54.7069339999999968
0
LINE
8
BLACK
6
CONTINUOUS
10
169.5270659999999907
20
-54.7069339999999968
11
169.559582000000006
21
-54.7555969999999945
0
LINE
8
BLACK
6
CONTINUOUS
10
169.559582000000006
20
-54.7555969999999945
11
169.570999999999998
21
-54.8129999999999953
0
LINE
8
BLACK
6
CONTINUOUS
10
169.570999999999998
20
-54.8129999999999953
11
169.570999999999998
21
-55.1129999999999995
0
LINE
8
BLACK
6
CONTINUOUS
10
169.570999999999998
20
-55.1129999999999995
11
169.559582000000006
21
-55.1704030000000003
0
LINE
8
BLACK
6
CONTINUOUS
10
169.559582000000006
20
-55.1704030000000003
11
169.5270659999999907
21
-55.219065999999998
0
LINE
8
BLACK
6
CONTINUOUS
10
169.5270659999999907
20
-55.219065999999998
11
169.4784029999999859
21
-55.2515819999999991
0
LINE
8
BLACK
6
CONTINUOUS
10
169.4784029999999859
20
-55.2515819999999991
11
169.4209999999999923
21
-55.2629999999999981
0
LINE
8
BLACK
6
CONTINUOUS
10
169.4209999999999923
20
-55.2629999999999981
11
168.820999999999998
21
-55.2629999999999981
0
LINE
8
BLACK
6
CONTINUOUS
10
168.820999999999998
20
-55.2629999999999981
11
168.7635970000000043
21
-55.2515819999999991
0
LINE
8
BLACK
6
CONTINUOUS
10
168.7635970000000043
20
-55.2515819999999991
11
168.7149339999999995
21
-55.219065999999998
0
LINE
8
BLACK
6
CONTINUOUS
10
168.7149339999999995
20
-55.219065999999998
11
168.6824179999999842
21
-55.1704030000000003
0
LINE
8
BLACK
6
CONTINUOUS
10
168.6824179999999842
20
-55.1704030000000003
11
168.6709999999999923
21
-55.1129999999999995
0
LINE
8
BLACK
6
CONTINUOUS
10
168.6709999999999923
20
-55.1129999999999995
11
168.6709999999999923
21
-54.8129999999999953
0
LINE
8
BLACK
6
CONTINUOUS
10
168.6709999999999923
20
-54.8129999999999953
11
168.6824179999999842
21
-54.7555969999999945
0
LINE
8
BLACK
6
CONTINUOUS
10
168.6824179999999842
20
-54.7555969999999945
11
168.7149339999999995
21
-54.7069339999999968
0
LINE
8
BLACK
6
CONTINUOUS
10
168.7149339999999995
20
-54.7069339999999968
11
168.7635970000000043
21
-54.6744179999999957
0
LINE
8
BLACK
6
CONTINUOUS
10
168.7635970000000043
20
-54.6744179999999957
11
168.820999999999998
21
-54.6629999999999967
0
LINE
8
BLACK
6
CONTINUOUS
10
168.820999999999998
20
-54.6629999999999967
11
169.4209999999999923
21
-54.6629999999999967
0
LINE
8
BLACK
6
CONTINUOUS
10
169.4209999999999923
20
-54.6629999999999967
11
169.4784029999999859
21
-54.6744179999999957
0
LINE
8
BLACK
6
CONTINUOUS
10
180.4984029999999962
20
-54.1644179999999977
11
180.5470660000000009
21
-54.1969339999999988
0
LINE
8
BLACK
6
CONTINUOUS
10
180.5470660000000009
20
-54.1969339999999988
11
180.5795819999999878
21
-54.2455969999999965
0
LINE
8
BLACK
6
CONTINUOUS
10
180.5795819999999878
20
-54.2455969999999965
11
180.5909999999999798
21
-54.3029999999999973
0
LINE
8
BLACK
6
CONTINUOUS
10
180.5909999999999798
20
-54.3029999999999973
11
180.5909999999999798
21
-54.9029999999999987
0
LINE
8
BLACK
6
CONTINUOUS
10
180.5909999999999798
20
-54.9029999999999987
11
180.5795819999999878
21
-54.9604029999999995
0
LINE
8
BLACK
6
CONTINUOUS
10
180.5795819999999878
20
-54.9604029999999995
11
180.5470660000000009
21
-55.0090659999999971
0
LINE
8
BLACK
6
CONTINUOUS
10
180.5470660000000009
20
-55.0090659999999971
11
180.4984029999999962
21
-55.0415819999999982
0
LINE
8
BLACK
6
CONTINUOUS
10
180.4984029999999962
20
-55.0415819999999982
11
180.4410000000000025
21
-55.0529999999999973
0
LINE
8
BLACK
6
CONTINUOUS
10
180.4410000000000025
20
-55.0529999999999973
11
180.1409999999999911
21
-55.0529999999999973
0
LINE
8
BLACK
6
CONTINUOUS
10
180.1409999999999911
20
-55.0529999999999973
11
180.0835969999999975
21
-55.0415819999999982
0
LINE
8
BLACK
6
CONTINUOUS
10
180.0835969999999975
20
-55.0415819999999982
11
180.0349339999999927
21
-55.0090659999999971
0
LINE
8
BLACK
6
CONTINUOUS
10
180.0349339999999927
20
-55.0090659999999971
11
180.0024180000000058
21
-54.9604029999999995
0
LINE
8
BLACK
6
CONTINUOUS
10
180.0024180000000058
20
-54.9604029999999995
11
179.9909999999999854
21
-54.9029999999999987
0
LINE
8
BLACK
6
CONTINUOUS
10
179.9909999999999854
20
-54.9029999999999987
11
179.9909999999999854
21
-54.3029999999999973
0
LINE
8
BLACK
6
CONTINUOUS
10
179.9909999999999854
20
-54.3029999999999973
11
180.0024180000000058
21
-54.2455969999999965
0
LINE
8
BLACK
6
CONTINUOUS
10
180.0024180000000058
20
-54.2455969999999965
11
180.0349339999999927
21
-54.1969339999999988
0
LINE
8
BLACK
6
CONTINUOUS
10
180.0349339999999927
20
-54.1969339999999988
11
180.0835969999999975
21
-54.1644179999999977
0
LINE
8
BLACK
6
CONTINUOUS
10
180.0835969999999975
20
-54.1644179999999977
11
180.1409999999999911
21
-54.1529999999999987
0
LINE
8
BLACK
6
CONTINUOUS
10
180.1409999999999911
20
-54.1529999999999987
11
180.4410000000000025
21
-54.1529999999999987
0
LINE
8
BLACK
6
CONTINUOUS
10
180.4410000000000025
20
-54.1529999999999987
11
180.4984029999999962
21
-54.1644179999999977
0
LINE
8
BLACK
6
CONTINUOUS
10
181.3484029999999905
20
-54.1644179999999977
11
181.3970659999999953
21
-54.1969339999999988
0
LINE
8
BLACK
6
CONTINUOUS
10
181.3970659999999953
20
-54.1969339999999988
11
181.4295819999999821
21
-54.2455969999999965
0
LINE
8
BLACK
6
CONTINUOUS
10
181.4295819999999821
20
-54.2455969999999965
11
181.4410000000000025
21
-54.3029999999999973
0
LINE
8
BLACK
6
CONTINUOUS
10
181.4410000000000025
20
-54.3029999999999973
11
181.4410000000000025
21
-54.9029999999999987
0
LINE
8
BLACK
6
CONTINUOUS
10
181.4410000000000025
20
-54.9029999999999987
11
181.4295819999999821
21
-54.9604029999999995
0
LINE
8
BLACK
6
CONTINUOUS
10
181.4295819999999821
20
-54.9604029999999995
11
181.3970659999999953
21
-55.0090659999999971
0
LINE
8
BLACK
6
CONTINUOUS
10
181.3970659999999953
20
-55.0090659999999971
11
181.3484029999999905
21
-55.0415819999999982
0
LINE
8
BLACK
6
CONTINUOUS
10
181.3484029999999905
20
-55.0415819999999982
11
181.2909999999999968
21
-55.0529999999999973
0
LINE
8
BLACK
6
CONTINUOUS
10
181.2909999999999968
20
-55.0529999999999973
11
180.9909999999999854
21
-55.0529999999999973
0
LINE
8
BLACK
6
CONTINUOUS
10
180.9909999999999854
20
-55.0529999999999973
11
180.9335969999999918
21
-55.0415819999999982
0
LINE
8
BLACK
6
CONTINUOUS
10
180.9335969999999918
20
-55.0415819999999982
11
180.884933999999987
21
-55.0090659999999971
0
LINE
8
BLACK
6
CONTINUOUS
10
180.884933999999987
20
-55.0090659999999971
11
180.8524180000000001
21
-54.9604029999999995
0
LINE
8
BLACK
6
CONTINUOUS
10
180.8524180000000001
20
-54.9604029999999995
11
180.8409999999999798
21
-54.9029999999999987
0
LINE
8
BLACK
6
CONTINUOUS
10
180.8409999999999798
20
-54.9029999999999987
11
180.8409999999999798
21
-54.3029999999999973
0
LINE
8
BLACK
6
CONTINUOUS
10
180.8409999999999798
20
-54.3029999999999973
11
180.8524180000000001
21
-54.2455969999999965
0
LINE
8
BLACK
6
CONTINUOUS
10
180.8524180000000001
20
-54.2455969999999965
11
180.884933999999987
21
-54.1969339999999988
0
LINE
8
BLACK
6
CONTINUOUS
10
180.884933999999987
20
-54.1969339999999988
11
180.9335969999999918
21
-54.1644179999999977
0
LINE
8
BLACK
6
CONTINUOUS
10
180.9335969999999918
20
-54.1644179999999977
11
180.9909999999999854
21
-54.1529999999999987
0
LINE
8
BLACK
6
CONTINUOUS
10
180.9909999999999854
20
-54.1529999999999987
11
181.2909999999999968
21
-54.1529999999999987
0
LINE
8
BLACK
6
CONTINUOUS
10
181.2909999999999968
20
-54.1529999999999987
11
181.3484029999999905
21
-54.1644179999999977
0
LINE
8
BLACK
6
CONTINUOUS
10
182.1984029999999848
20
-54.1644179999999977
11
182.2470659999999896
21
-54.1969339999999988
0
LINE
8
BLACK
6
CONTINUOUS
10
182.2470659999999896
20
-54.1969339999999988
11
182.2795820000000049
21
-54.2455969999999965
0
LINE
8
BLACK
6
CONTINUOUS
10
182.2795820000000049
20
-54.2455969999999965
11
182.2909999999999968
21
-54.3029999999999973
0
LINE
8
BLACK
6
CONTINUOUS
10
182.2909999999999968
20
-54.3029999999999973
11
182.2909999999999968
21
-54.9029999999999987
0
LINE
8
BLACK
6
CONTINUOUS
10
182.2909999999999968
20
-54.9029999999999987
11
182.2795820000000049
21
-54.9604029999999995
0
LINE
8
BLACK
6
CONTINUOUS
10
182.2795820000000049
20
-54.9604029999999995
11
182.2470659999999896
21
-55.0090659999999971
0
LINE
8
BLACK
6
CONTINUOUS
10
182.2470659999999896
20
-55.0090659999999971
11
182.1984029999999848
21
-55.0415819999999982
0
LINE
8
BLACK
6
CONTINUOUS
10
182.1984029999999848
20
-55.0415819999999982
11
182.1409999999999911
21
-55.0529999999999973
0
LINE
8
BLACK
6
CONTINUOUS
10
182.1409999999999911
20
-55.0529999999999973
11
181.8409999999999798
21
-55.0529999999999973
0
LINE
8
BLACK
6
CONTINUOUS
10
181.8409999999999798
20
-55.0529999999999973
11
181.7835969999999861
21
-55.0415819999999982
0
LINE
8
BLACK
6
CONTINUOUS
10
181.7835969999999861
20
-55.0415819999999982
11
181.7349339999999813
21
-55.0090659999999971
0
LINE
8
BLACK
6
CONTINUOUS
10
181.7349339999999813
20
-55.0090659999999971
11
181.7024179999999944
21
-54.9604029999999995
0
LINE
8
BLACK
6
CONTINUOUS
10
181.7024179999999944
20
-54.9604029999999995
11
181.6910000000000025
21
-54.9029999999999987
0
LINE
8
BLACK
6
CONTINUOUS
10
181.6910000000000025
20
-54.9029999999999987
11
181.6910000000000025
21
-54.3029999999999973
0
LINE
8
BLACK
6
CONTINUOUS
10
181.6910000000000025
20
-54.3029999999999973
11
181.7024179999999944
21
-54.2455969999999965
0
LINE
8
BLACK
6
CONTINUOUS
10
181.7024179999999944
20
-54.2455969999999965
11
181.7349339999999813
21
-54.1969339999999988
0
LINE
8
BLACK
6
CONTINUOUS
10
181.7349339999999813
20
-54.1969339999999988
11
181.7835969999999861
21
-54.1644179999999977
0
LINE
8
BLACK
6
CONTINUOUS
10
181.7835969999999861
20
-54.1644179999999977
11
181.8409999999999798
21
-54.1529999999999987
0
LINE
8
BLACK
6
CONTINUOUS
10
181.8409999999999798
20
-54.1529999999999987
11
182.1409999999999911
21
-54.1529999999999987
0
LINE
8
BLACK
6
CONTINUOUS
10
182.1409999999999911
20
-54.1529999999999987
11
182.1984029999999848
21
-54.1644179999999977
0
LINE
8
BLACK
6
CONTINUOUS
10
171.178403000000003
20
-53.9244179999999957
11
171.2270659999999793
21
-53.9569339999999968
0
LINE
8
BLACK
6
CONTINUOUS
10
171.2270659999999793
20
-53.9569339999999968
11
171.2595819999999947
21
-54.0055969999999945
0
LINE
8
BLACK
6
CONTINUOUS
10
171.2595819999999947
20
-54.0055969999999945
11
171.2709999999999866
21
-54.0629999999999953
0
LINE
8
BLACK
6
CONTINUOUS
10
171.2709999999999866
20
-54.0629999999999953
11
171.2709999999999866
21
-54.6629999999999967
0
LINE
8
BLACK
6
CONTINUOUS
10
171.2709999999999866
20
-54.6629999999999967
11
171.2595819999999947
21
-54.7204029999999975
0
LINE
8
BLACK
6
CONTINUOUS
10
171.2595819999999947
20
-54.7204029999999975
11
171.2270659999999793
21
-54.7690659999999951
0
LINE
8
BLACK
6
CONTINUOUS
10
171.2270659999999793
20
-54.7690659999999951
11
171.178403000000003
21
-54.8015819999999962
0
LINE
8
BLACK
6
CONTINUOUS
10
171.178403000000003
20
-54.8015819999999962
11
171.1209999999999809
21
-54.8129999999999953
0
LINE
8
BLACK
6
CONTINUOUS
10
171.1209999999999809
20
-54.8129999999999953
11
170.820999999999998
21
-54.8129999999999953
0
LINE
8
BLACK
6
CONTINUOUS
10
170.820999999999998
20
-54.8129999999999953
11
170.7635970000000043
21
-54.8015819999999962
0
LINE
8
BLACK
6
CONTINUOUS
10
170.7635970000000043
20
-54.8015819999999962
11
170.7149339999999995
21
-54.7690659999999951
0
LINE
8
BLACK
6
CONTINUOUS
10
170.7149339999999995
20
-54.7690659999999951
11
170.6824179999999842
21
-54.7204029999999975
0
LINE
8
BLACK
6
CONTINUOUS
10
170.6824179999999842
20
-54.7204029999999975
11
170.6709999999999923
21
-54.6629999999999967
0
LINE
8
BLACK
6
CONTINUOUS
10
170.6709999999999923
20
-54.6629999999999967
11
170.6709999999999923
21
-54.0629999999999953
0
LINE
8
BLACK
6
CONTINUOUS
10
170.6709999999999923
20
-54.0629999999999953
11
170.6824179999999842
21
-54.0055969999999945
0
LINE
8
BLACK
6
CONTINUOUS
10
170.6824179999999842
20
-54.0055969999999945
11
170.7149339999999995
21
-53.9569339999999968
0
LINE
8
BLACK
6
CONTINUOUS
10
170.7149339999999995
20
-53.9569339999999968
11
170.7635970000000043
21
-53.9244179999999957
0
LINE
8
BLACK
6
CONTINUOUS
10
170.7635970000000043
20
-53.9244179999999957
11
170.820999999999998
21
-53.9129999999999967
0
LINE
8
BLACK
6
CONTINUOUS
10
170.820999999999998
20
-53.9129999999999967
11
171.1209999999999809
21
-53.9129999999999967
0
LINE
8
BLACK
6
CONTINUOUS
10
171.1209999999999809
20
-53.9129999999999967
11
171.178403000000003
21
-53.9244179999999957
0
LINE
8
BLACK
6
CONTINUOUS
10
172.0284029999999973
20
-53.9244179999999957
11
172.0770660000000021
21
-53.9569339999999968
0
LINE
8
BLACK
6
CONTINUOUS
10
172.0770660000000021
20
-53.9569339999999968
11
172.109581999999989
21
-54.0055969999999945
0
LINE
8
BLACK
6
CONTINUOUS
10
172.109581999999989
20
-54.0055969999999945
11
172.1209999999999809
21
-54.0629999999999953
0
LINE
8
BLACK
6
CONTINUOUS
10
172.1209999999999809
20
-54.0629999999999953
11
172.1209999999999809
21
-54.6629999999999967
0
LINE
8
BLACK
6
CONTINUOUS
10
172.1209999999999809
20
-54.6629999999999967
11
172.109581999999989
21
-54.7204029999999975
0
LINE
8
BLACK
6
CONTINUOUS
10
172.109581999999989
20
-54.7204029999999975
11
172.0770660000000021
21
-54.7690659999999951
0
LINE
8
BLACK
6
CONTINUOUS
10
172.0770660000000021
20
-54.7690659999999951
11
172.0284029999999973
21
-54.8015819999999962
0
LINE
8
BLACK
6
CONTINUOUS
10
172.0284029999999973
20
-54.8015819999999962
11
171.9710000000000036
21
-54.8129999999999953
0
LINE
8
BLACK
6
CONTINUOUS
10
171.9710000000000036
20
-54.8129999999999953
11
171.6709999999999923
21
-54.8129999999999953
0
LINE
8
BLACK
6
CONTINUOUS
10
171.6709999999999923
20
-54.8129999999999953
11
171.6135969999999986
21
-54.8015819999999962
0
LINE
8
BLACK
6
CONTINUOUS
10
171.6135969999999986
20
-54.8015819999999962
11
171.5649339999999938
21
-54.7690659999999951
0
LINE
8
BLACK
6
CONTINUOUS
10
171.5649339999999938
20
-54.7690659999999951
11
171.5324179999999785
21
-54.7204029999999975
0
LINE
8
BLACK
6
CONTINUOUS
10
171.5324179999999785
20
-54.7204029999999975
11
171.5209999999999866
21
-54.6629999999999967
0
LINE
8
BLACK
6
CONTINUOUS
10
171.5209999999999866
20
-54.6629999999999967
11
171.5209999999999866
21
-54.0629999999999953
0
LINE
8
BLACK
6
CONTINUOUS
10
171.5209999999999866
20
-54.0629999999999953
11
171.5324179999999785
21
-54.0055969999999945
0
LINE
8
BLACK
6
CONTINUOUS
10
171.5324179999999785
20
-54.0055969999999945
11
171.5649339999999938
21
-53.9569339999999968
0
LINE
8
BLACK
6
CONTINUOUS
10
171.5649339999999938
20
-53.9569339999999968
11
171.6135969999999986
21
-53.9244179999999957
0
LINE
8
BLACK
6
CONTINUOUS
10
171.6135969999999986
20
-53.9244179999999957
11
171.6709999999999923
21
-53.9129999999999967
0
LINE
8
BLACK
6
CONTINUOUS
10
171.6709999999999923
20
-53.9129999999999967
11
171.9710000000000036
21
-53.9129999999999967
0
LINE
8
BLACK
6
CONTINUOUS
10
171.9710000000000036
20
-53.9129999999999967
11
172.0284029999999973
21
-53.9244179999999957
0
LINE
8
BLACK
6
CONTINUOUS
10
172.8784029999999916
20
-53.9244179999999957
11
172.9270659999999964
21
-53.9569339999999968
0
LINE
8
BLACK
6
CONTINUOUS
10
172.9270659999999964
20
-53.9569339999999968
11
172.9595819999999833
21
-54.0055969999999945
0
LINE
8
BLACK
6
CONTINUOUS
10
172.9595819999999833
20
-54.0055969999999945
11
172.9710000000000036
21
-54.0629999999999953
0
LINE
8
BLACK
6
CONTINUOUS
10
172.9710000000000036
20
-54.0629999999999953
11
172.9710000000000036
21
-54.6629999999999967
0
LINE
8
BLACK
6
CONTINUOUS
10
172.9710000000000036
20
-54.6629999999999967
11
172.9595819999999833
21
-54.7204029999999975
0
LINE
8
BLACK
6
CONTINUOUS
10
172.9595819999999833
20
-54.7204029999999975
11
172.9270659999999964
21
-54.7690659999999951
0
LINE
8
BLACK
6
CONTINUOUS
10
172.9270659999999964
20
-54.7690659999999951
11
172.8784029999999916
21
-54.8015819999999962
0
LINE
8
BLACK
6
CONTINUOUS
10
172.8784029999999916
20
-54.8015819999999962
11
172.820999999999998
21
-54.8129999999999953
0
LINE
8
BLACK
6
CONTINUOUS
10
172.820999999999998
20
-54.8129999999999953
11
172.5209999999999866
21
-54.8129999999999953
0
LINE
8
BLACK
6
CONTINUOUS
10
172.5209999999999866
20
-54.8129999999999953
11
172.4635969999999929
21
-54.8015819999999962
0
LINE
8
BLACK
6
CONTINUOUS
10
172.4635969999999929
20
-54.8015819999999962
11
172.4149339999999881
21
-54.7690659999999951
0
LINE
8
BLACK
6
CONTINUOUS
10
172.4149339999999881
20
-54.7690659999999951
11
172.3824180000000013
21
-54.7204029999999975
0
LINE
8
BLACK
6
CONTINUOUS
10
172.3824180000000013
20
-54.7204029999999975
11
172.3709999999999809
21
-54.6629999999999967
0
LINE
8
BLACK
6
CONTINUOUS
10
172.3709999999999809
20
-54.6629999999999967
11
172.3709999999999809
21
-54.0629999999999953
0
LINE
8
BLACK
6
CONTINUOUS
10
172.3709999999999809
20
-54.0629999999999953
11
172.3824180000000013
21
-54.0055969999999945
0
LINE
8
BLACK
6
CONTINUOUS
10
172.3824180000000013
20
-54.0055969999999945
11
172.4149339999999881
21
-53.9569339999999968
0
LINE
8
BLACK
6
CONTINUOUS
10
172.4149339999999881
20
-53.9569339999999968
11
172.4635969999999929
21
-53.9244179999999957
0
LINE
8
BLACK
6
CONTINUOUS
10
172.4635969999999929
20
-53.9244179999999957
11
172.5209999999999866
21
-53.9129999999999967
0
LINE
8
BLACK
6
CONTINUOUS
10
172.5209999999999866
20
-53.9129999999999967
11
172.820999999999998
21
-53.9129999999999967
0
LINE
8
BLACK
6
CONTINUOUS
10
172.820999999999998
20
-53.9129999999999967
11
172.8784029999999916
21
-53.9244179999999957
0
LINE
8
BLACK
6
CONTINUOUS
10
209.9263770000000022
20
-54.6052499999999981
11
208.7166770000000042
21
-54.6052499999999981
0
LINE
8
BLACK
6
CONTINUOUS
10
208.7166770000000042
20
-54.6052499999999981
11
208.7166770000000042
21
-53.2304499999999976
0
LINE
8
BLACK
6
CONTINUOUS
10
208.7166770000000042
20
-53.2304499999999976
11
209.9263770000000022
21
-53.2304499999999976
0
LINE
8
BLACK
6
CONTINUOUS
10
209.9263770000000022
20
-53.2304499999999976
11
209.9263770000000022
21
-54.6052499999999981
0
LINE
8
BLACK
6
CONTINUOUS
10
211.3360769999999889
20
-54.6052499999999981
11
210.1263769999999909
21
-54.6052499999999981
0
LINE
8
BLACK
6
CONTINUOUS
10
210.1263769999999909
20
-54.6052499999999981
11
210.1263769999999909
21
-53.2304499999999976
0
LINE
8
BLACK
6
CONTINUOUS
10
210.1263769999999909
20
-53.2304499999999976
11
211.3360769999999889
21
-53.2304499999999976
0
LINE
8
BLACK
6
CONTINUOUS
10
211.3360769999999889
20
-53.2304499999999976
11
211.3360769999999889
21
-54.6052499999999981
0
LINE
8
BLACK
6
CONTINUOUS
10
212.7457770000000039
20
-54.6052499999999981
11
211.5360769999999775
21
-54.6052499999999981
0
LINE
8
BLACK
6
CONTINUOUS
10
211.5360769999999775
20
-54.6052499999999981
11
211.5360769999999775
21
-53.2304499999999976
0
LINE
8
BLACK
6
CONTINUOUS
10
211.5360769999999775
20
-53.2304499999999976
11
212.7457770000000039
21
-53.2304499999999976
0
LINE
8
BLACK
6
CONTINUOUS
10
212.7457770000000039
20
-53.2304499999999976
11
212.7457770000000039
21
-54.6052499999999981
0
LINE
8
BLACK
6
CONTINUOUS
10
214.1554769999999905
20
-54.6052499999999981
11
212.9457769999999925
21
-54.6052499999999981
0
LINE
8
BLACK
6
CONTINUOUS
10
212.9457769999999925
20
-54.6052499999999981
11
212.9457769999999925
21
-53.2304499999999976
0
LINE
8
BLACK
6
CONTINUOUS
10
212.9457769999999925
20
-53.2304499999999976
11
214.1554769999999905
21
-53.2304499999999976
0
LINE
8
BLACK
6
CONTINUOUS
10
214.1554769999999905
20
-53.2304499999999976
11
214.1554769999999905
21
-54.6052499999999981
0
LINE
8
BLACK
6
CONTINUOUS
10
184.1984029999999848
20
-53.5844179999999994
11
184.2470659999999896
21
-53.6169340000000005
0
LINE
8
BLACK
6
CONTINUOUS
10
184.2470659999999896
20
-53.6169340000000005
11
184.2795820000000049
21
-53.6655969999999982
0
LINE
8
BLACK
6
CONTINUOUS
10
184.2795820000000049
20
-53.6655969999999982
11
184.2909999999999968
21
-53.722999999999999
0
LINE
8
BLACK
6
CONTINUOUS
10
184.2909999999999968
20
-53.722999999999999
11
184.2909999999999968
21
-54.0229999999999961
0
LINE
8
BLACK
6
CONTINUOUS
10
184.2909999999999968
20
-54.0229999999999961
11
184.2795820000000049
21
-54.0804029999999969
0
LINE
8
BLACK
6
CONTINUOUS
10
184.2795820000000049
20
-54.0804029999999969
11
184.2470659999999896
21
-54.1290659999999946
0
LINE
8
BLACK
6
CONTINUOUS
10
184.2470659999999896
20
-54.1290659999999946
11
184.1984029999999848
21
-54.1615819999999957
0
LINE
8
BLACK
6
CONTINUOUS
10
184.1984029999999848
20
-54.1615819999999957
11
184.1409999999999911
21
-54.1729999999999947
0
LINE
8
BLACK
6
CONTINUOUS
10
184.1409999999999911
20
-54.1729999999999947
11
183.5409999999999968
21
-54.1729999999999947
0
LINE
8
BLACK
6
CONTINUOUS
10
183.5409999999999968
20
-54.1729999999999947
11
183.4835970000000032
21
-54.1615819999999957
0
LINE
8
BLACK
6
CONTINUOUS
10
183.4835970000000032
20
-54.1615819999999957
11
183.4349339999999984
21
-54.1290659999999946
0
LINE
8
BLACK
6
CONTINUOUS
10
183.4349339999999984
20
-54.1290659999999946
11
183.4024179999999831
21
-54.0804029999999969
0
LINE
8
BLACK
6
CONTINUOUS
10
183.4024179999999831
20
-54.0804029999999969
11
183.3909999999999911
21
-54.0229999999999961
0
LINE
8
BLACK
6
CONTINUOUS
10
183.3909999999999911
20
-54.0229999999999961
11
183.3909999999999911
21
-53.722999999999999
0
LINE
8
BLACK
6
CONTINUOUS
10
183.3909999999999911
20
-53.722999999999999
11
183.4024179999999831
21
-53.6655969999999982
0
LINE
8
BLACK
6
CONTINUOUS
10
183.4024179999999831
20
-53.6655969999999982
11
183.4349339999999984
21
-53.6169340000000005
0
LINE
8
BLACK
6
CONTINUOUS
10
183.4349339999999984
20
-53.6169340000000005
11
183.4835970000000032
21
-53.5844179999999994
0
LINE
8
BLACK
6
CONTINUOUS
10
183.4835970000000032
20
-53.5844179999999994
11
183.5409999999999968
21
-53.5730000000000004
0
LINE
8
BLACK
6
CONTINUOUS
10
183.5409999999999968
20
-53.5730000000000004
11
184.1409999999999911
21
-53.5730000000000004
0
LINE
8
BLACK
6
CONTINUOUS
10
184.1409999999999911
20
-53.5730000000000004
11
184.1984029999999848
21
-53.5844179999999994
0
LINE
8
BLACK
6
CONTINUOUS
10
178.553403000000003
20
-53.5544179999999983
11
178.6020659999999793
21
-53.5869339999999994
0
LINE
8
BLACK
6
CONTINUOUS
10
178.6020659999999793
20
-53.5869339999999994
11
178.6345819999999947
21
-53.6355969999999971
0
LINE
8
BLACK
6
CONTINUOUS
10
178.6345819999999947
20
-53.6355969999999971
11
178.6459999999999866
21
-53.6929999999999978
0
LINE
8
BLACK
6
CONTINUOUS
10
178.6459999999999866
20
-53.6929999999999978
11
178.6459999999999866
21
-53.992999999999995
0
LINE
8
BLACK
6
CONTINUOUS
10
178.6459999999999866
20
-53.992999999999995
11
178.6345819999999947
21
-54.0504029999999958
0
LINE
8
BLACK
6
CONTINUOUS
10
178.6345819999999947
20
-54.0504029999999958
11
178.6020659999999793
21
-54.0990660000000005
0
LINE
8
BLACK
6
CONTINUOUS
10
178.6020659999999793
20
-54.0990660000000005
11
178.553403000000003
21
-54.1315819999999945
0
LINE
8
BLACK
6
CONTINUOUS
10
178.553403000000003
20
-54.1315819999999945
11
178.4959999999999809
21
-54.1430000000000007
0
LINE
8
BLACK
6
CONTINUOUS
10
178.4959999999999809
20
-54.1430000000000007
11
177.7459999999999809
21
-54.1430000000000007
0
LINE
8
BLACK
6
CONTINUOUS
10
177.7459999999999809
20
-54.1430000000000007
11
177.6885969999999872
21
-54.1315819999999945
0
LINE
8
BLACK
6
CONTINUOUS
10
177.6885969999999872
20
-54.1315819999999945
11
177.6399339999999825
21
-54.0990660000000005
0
LINE
8
BLACK
6
CONTINUOUS
10
177.6399339999999825
20
-54.0990660000000005
11
177.6074179999999956
21
-54.0504029999999958
0
LINE
8
BLACK
6
CONTINUOUS
10
177.6074179999999956
20
-54.0504029999999958
11
177.5960000000000036
21
-53.992999999999995
0
LINE
8
BLACK
6
CONTINUOUS
10
177.5960000000000036
20
-53.992999999999995
11
177.5960000000000036
21
-53.6929999999999978
0
LINE
8
BLACK
6
CONTINUOUS
10
177.5960000000000036
20
-53.6929999999999978
11
177.6074179999999956
21
-53.6355969999999971
0
LINE
8
BLACK
6
CONTINUOUS
10
177.6074179999999956
20
-53.6355969999999971
11
177.6399339999999825
21
-53.5869339999999994
0
LINE
8
BLACK
6
CONTINUOUS
10
177.6399339999999825
20
-53.5869339999999994
11
177.6885969999999872
21
-53.5544179999999983
0
LINE
8
BLACK
6
CONTINUOUS
10
177.6885969999999872
20
-53.5544179999999983
11
177.7459999999999809
21
-53.5429999999999993
0
LINE
8
BLACK
6
CONTINUOUS
10
177.7459999999999809
20
-53.5429999999999993
11
178.4959999999999809
21
-53.5429999999999993
0
LINE
8
BLACK
6
CONTINUOUS
10
178.4959999999999809
20
-53.5429999999999993
11
178.553403000000003
21
-53.5544179999999983
0
LINE
8
BLACK
6
CONTINUOUS
10
169.4784029999999859
20
-53.474418
11
169.5270659999999907
21
-53.5069340000000011
0
LINE
8
BLACK
6
CONTINUOUS
10
169.5270659999999907
20
-53.5069340000000011
11
169.559582000000006
21
-53.5555969999999988
0
LINE
8
BLACK
6
CONTINUOUS
10
169.559582000000006
20
-53.5555969999999988
11
169.570999999999998
21
-53.6129999999999995
0
LINE
8
BLACK
6
CONTINUOUS
10
169.570999999999998
20
-53.6129999999999995
11
169.570999999999998
21
-53.9129999999999967
0
LINE
8
BLACK
6
CONTINUOUS
10
169.570999999999998
20
-53.9129999999999967
11
169.559582000000006
21
-53.9704029999999975
0
LINE
8
BLACK
6
CONTINUOUS
10
169.559582000000006
20
-53.9704029999999975
11
169.5270659999999907
21
-54.0190659999999951
0
LINE
8
BLACK
6
CONTINUOUS
10
169.5270659999999907
20
-54.0190659999999951
11
169.4784029999999859
21
-54.0515819999999962
0
LINE
8
BLACK
6
CONTINUOUS
10
169.4784029999999859
20
-54.0515819999999962
11
169.4209999999999923
21
-54.0629999999999953
0
LINE
8
BLACK
6
CONTINUOUS
10
169.4209999999999923
20
-54.0629999999999953
11
168.820999999999998
21
-54.0629999999999953
0
LINE
8
BLACK
6
CONTINUOUS
10
168.820999999999998
20
-54.0629999999999953
11
168.7635970000000043
21
-54.0515819999999962
0
LINE
8
BLACK
6
CONTINUOUS
10
168.7635970000000043
20
-54.0515819999999962
11
168.7149339999999995
21
-54.0190659999999951
0
LINE
8
BLACK
6
CONTINUOUS
10
168.7149339999999995
20
-54.0190659999999951
11
168.6824179999999842
21
-53.9704029999999975
0
LINE
8
BLACK
6
CONTINUOUS
10
168.6824179999999842
20
-53.9704029999999975
11
168.6709999999999923
21
-53.9129999999999967
0
LINE
8
BLACK
6
CONTINUOUS
10
168.6709999999999923
20
-53.9129999999999967
11
168.6709999999999923
21
-53.6129999999999995
0
LINE
8
BLACK
6
CONTINUOUS
10
168.6709999999999923
20
-53.6129999999999995
11
168.6824179999999842
21
-53.5555969999999988
0
LINE
8
BLACK
6
CONTINUOUS
10
168.6824179999999842
20
-53.5555969999999988
11
168.7149339999999995
21
-53.5069340000000011
0
LINE
8
BLACK
6
CONTINUOUS
10
168.7149339999999995
20
-53.5069340000000011
11
168.7635970000000043
21
-53.474418
0
LINE
8
BLACK
6
CONTINUOUS
10
168.7635970000000043
20
-53.474418
11
168.820999999999998
21
-53.463000000000001
0
LINE
8
BLACK
6
CONTINUOUS
10
168.820999999999998
20
-53.463000000000001
11
169.4209999999999923
21
-53.463000000000001
0
LINE
8
BLACK
6
CONTINUOUS
10
169.4209999999999923
20
-53.463000000000001
11
169.4784029999999859
21
-53.474418
0
LINE
8
BLACK
6
CONTINUOUS
10
175.2734030000000018
20
-53.4344180000000009
11
175.3220659999999782
21
-53.4669339999999949
0
LINE
8
BLACK
6
CONTINUOUS
10
175.3220659999999782
20
-53.4669339999999949
11
175.3545819999999935
21
-53.5155969999999996
0
LINE
8
BLACK
6
CONTINUOUS
10
175.3545819999999935
20
-53.5155969999999996
11
175.3659999999999854
21
-53.5730000000000004
0
LINE
8
BLACK
6
CONTINUOUS
10
175.3659999999999854
20
-53.5730000000000004
11
175.3659999999999854
21
-53.8729999999999976
0
LINE
8
BLACK
6
CONTINUOUS
10
175.3659999999999854
20
-53.8729999999999976
11
175.3545819999999935
21
-53.9304029999999983
0
LINE
8
BLACK
6
CONTINUOUS
10
175.3545819999999935
20
-53.9304029999999983
11
175.3220659999999782
21
-53.979065999999996
0
LINE
8
BLACK
6
CONTINUOUS
10
175.3220659999999782
20
-53.979065999999996
11
175.2734030000000018
21
-54.0115819999999971
0
LINE
8
BLACK
6
CONTINUOUS
10
175.2734030000000018
20
-54.0115819999999971
11
175.2159999999999798
21
-54.0229999999999961
0
LINE
8
BLACK
6
CONTINUOUS
10
175.2159999999999798
20
-54.0229999999999961
11
174.4659999999999798
21
-54.0229999999999961
0
LINE
8
BLACK
6
CONTINUOUS
10
174.4659999999999798
20
-54.0229999999999961
11
174.4085969999999861
21
-54.0115819999999971
0
LINE
8
BLACK
6
CONTINUOUS
10
174.4085969999999861
20
-54.0115819999999971
11
174.3599339999999813
21
-53.979065999999996
0
LINE
8
BLACK
6
CONTINUOUS
10
174.3599339999999813
20
-53.979065999999996
11
174.3274179999999944
21
-53.9304029999999983
0
LINE
8
BLACK
6
CONTINUOUS
10
174.3274179999999944
20
-53.9304029999999983
11
174.3160000000000025
21
-53.8729999999999976
0
LINE
8
BLACK
6
CONTINUOUS
10
174.3160000000000025
20
-53.8729999999999976
11
174.3160000000000025
21
-53.5730000000000004
0
LINE
8
BLACK
6
CONTINUOUS
10
174.3160000000000025
20
-53.5730000000000004
11
174.3274179999999944
21
-53.5155969999999996
0
LINE
8
BLACK
6
CONTINUOUS
10
174.3274179999999944
20
-53.5155969999999996
11
174.3599339999999813
21
-53.4669339999999949
0
LINE
8
BLACK
6
CONTINUOUS
10
174.3599339999999813
20
-53.4669339999999949
11
174.4085969999999861
21
-53.4344180000000009
0
LINE
8
BLACK
6
CONTINUOUS
10
174.4085969999999861
20
-53.4344180000000009
11
174.4659999999999798
21
-53.4229999999999947
0
LINE
8
BLACK
6
CONTINUOUS
10
174.4659999999999798
20
-53.4229999999999947
11
175.2159999999999798
21
-53.4229999999999947
0
LINE
8
BLACK
6
CONTINUOUS
10
175.2159999999999798
20
-53.4229999999999947
11
175.2734030000000018
21
-53.4344180000000009
0
LINE
8
BLACK
6
CONTINUOUS
10
171.178403000000003
20
-52.7744179999999972
11
171.2270659999999793
21
-52.8069339999999983
0
LINE
8
BLACK
6
CONTINUOUS
10
171.2270659999999793
20
-52.8069339999999983
11
171.2595819999999947
21
-52.8555969999999959
0
LINE
8
BLACK
6
CONTINUOUS
10
171.2595819999999947
20
-52.8555969999999959
11
171.2709999999999866
21
-52.9129999999999967
0
LINE
8
BLACK
6
CONTINUOUS
10
171.2709999999999866
20
-52.9129999999999967
11
171.2709999999999866
21
-53.5129999999999981
0
LINE
8
BLACK
6
CONTINUOUS
10
171.2709999999999866
20
-53.5129999999999981
11
171.2595819999999947
21
-53.5704029999999989
0
LINE
8
BLACK
6
CONTINUOUS
10
171.2595819999999947
20
-53.5704029999999989
11
171.2270659999999793
21
-53.6190659999999966
0
LINE
8
BLACK
6
CONTINUOUS
10
171.2270659999999793
20
-53.6190659999999966
11
171.178403000000003
21
-53.6515819999999977
0
LINE
8
BLACK
6
CONTINUOUS
10
171.178403000000003
20
-53.6515819999999977
11
171.1209999999999809
21
-53.6629999999999967
0
LINE
8
BLACK
6
CONTINUOUS
10
171.1209999999999809
20
-53.6629999999999967
11
170.820999999999998
21
-53.6629999999999967
0
LINE
8
BLACK
6
CONTINUOUS
10
170.820999999999998
20
-53.6629999999999967
11
170.7635970000000043
21
-53.6515819999999977
0
LINE
8
BLACK
6
CONTINUOUS
10
170.7635970000000043
20
-53.6515819999999977
11
170.7149339999999995
21
-53.6190659999999966
0
LINE
8
BLACK
6
CONTINUOUS
10
170.7149339999999995
20
-53.6190659999999966
11
170.6824179999999842
21
-53.5704029999999989
0
LINE
8
BLACK
6
CONTINUOUS
10
170.6824179999999842
20
-53.5704029999999989
11
170.6709999999999923
21
-53.5129999999999981
0
LINE
8
BLACK
6
CONTINUOUS
10
170.6709999999999923
20
-53.5129999999999981
11
170.6709999999999923
21
-52.9129999999999967
0
LINE
8
BLACK
6
CONTINUOUS
10
170.6709999999999923
20
-52.9129999999999967
11
170.6824179999999842
21
-52.8555969999999959
0
LINE
8
BLACK
6
CONTINUOUS
10
170.6824179999999842
20
-52.8555969999999959
11
170.7149339999999995
21
-52.8069339999999983
0
LINE
8
BLACK
6
CONTINUOUS
10
170.7149339999999995
20
-52.8069339999999983
11
170.7635970000000043
21
-52.7744179999999972
0
LINE
8
BLACK
6
CONTINUOUS
10
170.7635970000000043
20
-52.7744179999999972
11
170.820999999999998
21
-52.7629999999999981
0
LINE
8
BLACK
6
CONTINUOUS
10
170.820999999999998
20
-52.7629999999999981
11
171.1209999999999809
21
-52.7629999999999981
0
LINE
8
BLACK
6
CONTINUOUS
10
171.1209999999999809
20
-52.7629999999999981
11
171.178403000000003
21
-52.7744179999999972
0
LINE
8
BLACK
6
CONTINUOUS
10
172.0284029999999973
20
-52.7744179999999972
11
172.0770660000000021
21
-52.8069339999999983
0
LINE
8
BLACK
6
CONTINUOUS
10
172.0770660000000021
20
-52.8069339999999983
11
172.109581999999989
21
-52.8555969999999959
0
LINE
8
BLACK
6
CONTINUOUS
10
172.109581999999989
20
-52.8555969999999959
11
172.1209999999999809
21
-52.9129999999999967
0
LINE
8
BLACK
6
CONTINUOUS
10
172.1209999999999809
20
-52.9129999999999967
11
172.1209999999999809
21
-53.5129999999999981
0
LINE
8
BLACK
6
CONTINUOUS
10
172.1209999999999809
20
-53.5129999999999981
11
172.109581999999989
21
-53.5704029999999989
0
LINE
8
BLACK
6
CONTINUOUS
10
172.109581999999989
20
-53.5704029999999989
11
172.0770660000000021
21
-53.6190659999999966
0
LINE
8
BLACK
6
CONTINUOUS
10
172.0770660000000021
20
-53.6190659999999966
11
172.0284029999999973
21
-53.6515819999999977
0
LINE
8
BLACK
6
CONTINUOUS
10
172.0284029999999973
20
-53.6515819999999977
11
171.9710000000000036
21
-53.6629999999999967
0
LINE
8
BLACK
6
CONTINUOUS
10
171.9710000000000036
20
-53.6629999999999967
11
171.6709999999999923
21
-53.6629999999999967
0
LINE
8
BLACK
6
CONTINUOUS
10
171.6709999999999923
20
-53.6629999999999967
11
171.6135969999999986
21
-53.6515819999999977
0
LINE
8
BLACK
6
CONTINUOUS
10
171.6135969999999986
20
-53.6515819999999977
11
171.5649339999999938
21
-53.6190659999999966
0
LINE
8
BLACK
6
CONTINUOUS
10
171.5649339999999938
20
-53.6190659999999966
11
171.5324179999999785
21
-53.5704029999999989
0
LINE
8
BLACK
6
CONTINUOUS
10
171.5324179999999785
20
-53.5704029999999989
11
171.5209999999999866
21
-53.5129999999999981
0
LINE
8
BLACK
6
CONTINUOUS
10
171.5209999999999866
20
-53.5129999999999981
11
171.5209999999999866
21
-52.9129999999999967
0
LINE
8
BLACK
6
CONTINUOUS
10
171.5209999999999866
20
-52.9129999999999967
11
171.5324179999999785
21
-52.8555969999999959
0
LINE
8
BLACK
6
CONTINUOUS
10
171.5324179999999785
20
-52.8555969999999959
11
171.5649339999999938
21
-52.8069339999999983
0
LINE
8
BLACK
6
CONTINUOUS
10
171.5649339999999938
20
-52.8069339999999983
11
171.6135969999999986
21
-52.7744179999999972
0
LINE
8
BLACK
6
CONTINUOUS
10
171.6135969999999986
20
-52.7744179999999972
11
171.6709999999999923
21
-52.7629999999999981
0
LINE
8
BLACK
6
CONTINUOUS
10
171.6709999999999923
20
-52.7629999999999981
11
171.9710000000000036
21
-52.7629999999999981
0
LINE
8
BLACK
6
CONTINUOUS
10
171.9710000000000036
20
-52.7629999999999981
11
172.0284029999999973
21
-52.7744179999999972
0
LINE
8
BLACK
6
CONTINUOUS
10
172.8784029999999916
20
-52.7744179999999972
11
172.9270659999999964
21
-52.8069339999999983
0
LINE
8
BLACK
6
CONTINUOUS
10
172.9270659999999964
20
-52.8069339999999983
11
172.9595819999999833
21
-52.8555969999999959
0
LINE
8
BLACK
6
CONTINUOUS
10
172.9595819999999833
20
-52.8555969999999959
11
172.9710000000000036
21
-52.9129999999999967
0
LINE
8
BLACK
6
CONTINUOUS
10
172.9710000000000036
20
-52.9129999999999967
11
172.9710000000000036
21
-53.5129999999999981
0
LINE
8
BLACK
6
CONTINUOUS
10
172.9710000000000036
20
-53.5129999999999981
11
172.9595819999999833
21
-53.5704029999999989
0
LINE
8
BLACK
6
CONTINUOUS
10
172.9595819999999833
20
-53.5704029999999989
11
172.9270659999999964
21
-53.6190659999999966
0
LINE
8
BLACK
6
CONTINUOUS
10
172.9270659999999964
20
-53.6190659999999966
11
172.8784029999999916
21
-53.6515819999999977
0
LINE
8
BLACK
6
CONTINUOUS
10
172.8784029999999916
20
-53.6515819999999977
11
172.820999999999998
21
-53.6629999999999967
0
LINE
8
BLACK
6
CONTINUOUS
10
172.820999999999998
20
-53.6629999999999967
11
172.5209999999999866
21
-53.6629999999999967
0
LINE
8
BLACK
6
CONTINUOUS
10
172.5209999999999866
20
-53.6629999999999967
11
172.4635969999999929
21
-53.6515819999999977
0
LINE
8
BLACK
6
CONTINUOUS
10
172.4635969999999929
20
-53.6515819999999977
11
172.4149339999999881
21
-53.6190659999999966
0
LINE
8
BLACK
6
CONTINUOUS
10
172.4149339999999881
20
-53.6190659999999966
11
172.3824180000000013
21
-53.5704029999999989
0
LINE
8
BLACK
6
CONTINUOUS
10
172.3824180000000013
20
-53.5704029999999989
11
172.3709999999999809
21
-53.5129999999999981
0
LINE
8
BLACK
6
CONTINUOUS
10
172.3709999999999809
20
-53.5129999999999981
11
172.3709999999999809
21
-52.9129999999999967
0
LINE
8
BLACK
6
CONTINUOUS
10
172.3709999999999809
20
-52.9129999999999967
11
172.3824180000000013
21
-52.8555969999999959
0
LINE
8
BLACK
6
CONTINUOUS
10
172.3824180000000013
20
-52.8555969999999959
11
172.4149339999999881
21
-52.8069339999999983
0
LINE
8
BLACK
6
CONTINUOUS
10
172.4149339999999881
20
-52.8069339999999983
11
172.4635969999999929
21
-52.7744179999999972
0
LINE
8
BLACK
6
CONTINUOUS
10
172.4635969999999929
20
-52.7744179999999972
11
172.5209999999999866
21
-52.7629999999999981
0
LINE
8
BLACK
6
CONTINUOUS
10
172.5209999999999866
20
-52.7629999999999981
11
172.820999999999998
21
-52.7629999999999981
0
LINE
8
BLACK
6
CONTINUOUS
10
172.820999999999998
20
-52.7629999999999981
11
172.8784029999999916
21
-52.7744179999999972
0
LINE
8
BLACK
6
CONTINUOUS
10
169.4784029999999859
20
-52.1944179999999989
11
169.5270659999999907
21
-52.226934
0
LINE
8
BLACK
6
CONTINUOUS
10
169.5270659999999907
20
-52.226934
11
169.559582000000006
21
-52.2755969999999976
0
LINE
8
BLACK
6
CONTINUOUS
10
169.559582000000006
20
-52.2755969999999976
11
169.570999999999998
21
-52.3329999999999984
0
LINE
8
BLACK
6
CONTINUOUS
10
169.570999999999998
20
-52.3329999999999984
11
169.570999999999998
21
-52.6329999999999956
0
LINE
8
BLACK
6
CONTINUOUS
10
169.570999999999998
20
-52.6329999999999956
11
169.559582000000006
21
-52.6904029999999963
0
LINE
8
BLACK
6
CONTINUOUS
10
169.559582000000006
20
-52.6904029999999963
11
169.5270659999999907
21
-52.7390660000000011
0
LINE
8
BLACK
6
CONTINUOUS
10
169.5270659999999907
20
-52.7390660000000011
11
169.4784029999999859
21
-52.7715819999999951
0
LINE
8
BLACK
6
CONTINUOUS
10
169.4784029999999859
20
-52.7715819999999951
11
169.4209999999999923
21
-52.7829999999999941
0
LINE
8
BLACK
6
CONTINUOUS
10
169.4209999999999923
20
-52.7829999999999941
11
168.820999999999998
21
-52.7829999999999941
0
LINE
8
BLACK
6
CONTINUOUS
10
168.820999999999998
20
-52.7829999999999941
11
168.7635970000000043
21
-52.7715819999999951
0
LINE
8
BLACK
6
CONTINUOUS
10
168.7635970000000043
20
-52.7715819999999951
11
168.7149339999999995
21
-52.7390660000000011
0
LINE
8
BLACK
6
CONTINUOUS
10
168.7149339999999995
20
-52.7390660000000011
11
168.6824179999999842
21
-52.6904029999999963
0
LINE
8
BLACK
6
CONTINUOUS
10
168.6824179999999842
20
-52.6904029999999963
11
168.6709999999999923
21
-52.6329999999999956
0
LINE
8
BLACK
6
CONTINUOUS
10
168.6709999999999923
20
-52.6329999999999956
11
168.6709999999999923
21
-52.3329999999999984
0
LINE
8
BLACK
6
CONTINUOUS
10
168.6709999999999923
20
-52.3329999999999984
11
168.6824179999999842
21
-52.2755969999999976
0
LINE
8
BLACK
6
CONTINUOUS
10
168.6824179999999842
20
-52.2755969999999976
11
168.7149339999999995
21
-52.226934
0
LINE
8
BLACK
6
CONTINUOUS
10
168.7149339999999995
20
-52.226934
11
168.7635970000000043
21
-52.1944179999999989
0
LINE
8
BLACK
6
CONTINUOUS
10
168.7635970000000043
20
-52.1944179999999989
11
168.820999999999998
21
-52.1829999999999998
0
LINE
8
BLACK
6
CONTINUOUS
10
168.820999999999998
20
-52.1829999999999998
11
169.4209999999999923
21
-52.1829999999999998
0
LINE
8
BLACK
6
CONTINUOUS
10
169.4209999999999923
20
-52.1829999999999998
11
169.4784029999999859
21
-52.1944179999999989
0
LINE
8
BLACK
6
CONTINUOUS
10
175.2734030000000018
20
-52.1644179999999977
11
175.3220659999999782
21
-52.1969339999999988
0
LINE
8
BLACK
6
CONTINUOUS
10
175.3220659999999782
20
-52.1969339999999988
11
175.3545819999999935
21
-52.2455969999999965
0
LINE
8
BLACK
6
CONTINUOUS
10
175.3545819999999935
20
-52.2455969999999965
11
175.3659999999999854
21
-52.3029999999999973
0
LINE
8
BLACK
6
CONTINUOUS
10
175.3659999999999854
20
-52.3029999999999973
11
175.3659999999999854
21
-52.6029999999999944
0
LINE
8
BLACK
6
CONTINUOUS
10
175.3659999999999854
20
-52.6029999999999944
11
175.3545819999999935
21
-52.6604029999999952
0
LINE
8
BLACK
6
CONTINUOUS
10
175.3545819999999935
20
-52.6604029999999952
11
175.3220659999999782
21
-52.709066
0
LINE
8
BLACK
6
CONTINUOUS
10
175.3220659999999782
20
-52.709066
11
175.2734030000000018
21
-52.7415820000000011
0
LINE
8
BLACK
6
CONTINUOUS
10
175.2734030000000018
20
-52.7415820000000011
11
175.2159999999999798
21
-52.7530000000000001
0
LINE
8
BLACK
6
CONTINUOUS
10
175.2159999999999798
20
-52.7530000000000001
11
174.4659999999999798
21
-52.7530000000000001
0
LINE
8
BLACK
6
CONTINUOUS
10
174.4659999999999798
20
-52.7530000000000001
11
174.4085969999999861
21
-52.7415820000000011
0
LINE
8
BLACK
6
CONTINUOUS
10
174.4085969999999861
20
-52.7415820000000011
11
174.3599339999999813
21
-52.709066
0
LINE
8
BLACK
6
CONTINUOUS
10
174.3599339999999813
20
-52.709066
11
174.3274179999999944
21
-52.6604029999999952
0
LINE
8
BLACK
6
CONTINUOUS
10
174.3274179999999944
20
-52.6604029999999952
11
174.3160000000000025
21
-52.6029999999999944
0
LINE
8
BLACK
6
CONTINUOUS
10
174.3160000000000025
20
-52.6029999999999944
11
174.3160000000000025
21
-52.3029999999999973
0
LINE
8
BLACK
6
CONTINUOUS
10
174.3160000000000025
20
-52.3029999999999973
11
174.3274179999999944
21
-52.2455969999999965
0
LINE
8
BLACK
6
CONTINUOUS
10
174.3274179999999944
20
-52.2455969999999965
11
174.3599339999999813
21
-52.1969339999999988
0
LINE
8
BLACK
6
CONTINUOUS
10
174.3599339999999813
20
-52.1969339999999988
11
174.4085969999999861
21
-52.1644179999999977
0
LINE
8
BLACK
6
CONTINUOUS
10
174.4085969999999861
20
-52.1644179999999977
11
174.4659999999999798
21
-52.1529999999999987
0
LINE
8
BLACK
6
CONTINUOUS
10
174.4659999999999798
20
-52.1529999999999987
11
175.2159999999999798
21
-52.1529999999999987
0
LINE
8
BLACK
6
CONTINUOUS
10
175.2159999999999798
20
-52.1529999999999987
11
175.2734030000000018
21
-52.1644179999999977
0
LINE
8
BLACK
6
CONTINUOUS
10
207.3889679999999771
20
-52.4573499999999981
11
207.0333679999999958
21
-52.4573499999999981
0
LINE
8
BLACK
6
CONTINUOUS
10
207.0333679999999958
20
-52.4573499999999981
11
207.0333679999999958
21
-51.0476499999999973
0
LINE
8
BLACK
6
CONTINUOUS
10
207.0333679999999958
20
-51.0476499999999973
11
207.3889679999999771
21
-51.0476499999999973
0
LINE
8
BLACK
6
CONTINUOUS
10
207.3889679999999771
20
-51.0476499999999973
11
207.3889679999999771
21
-52.4573499999999981
0
LINE
8
BLACK
6
CONTINUOUS
10
208.0389539999999897
20
-52.4573499999999981
11
207.68335399999998
21
-52.4573499999999981
0
LINE
8
BLACK
6
CONTINUOUS
10
207.68335399999998
20
-52.4573499999999981
11
207.68335399999998
21
-51.0476499999999973
0
LINE
8
BLACK
6
CONTINUOUS
10
207.68335399999998
20
-51.0476499999999973
11
208.0389539999999897
21
-51.0476499999999973
0
LINE
8
BLACK
6
CONTINUOUS
10
208.0389539999999897
20
-51.0476499999999973
11
208.0389539999999897
21
-52.4573499999999981
0
LINE
8
BLACK
6
CONTINUOUS
10
208.6889400000000023
20
-52.4573499999999981
11
208.3333399999999926
21
-52.4573499999999981
0
LINE
8
BLACK
6
CONTINUOUS
10
208.3333399999999926
20
-52.4573499999999981
11
208.3333399999999926
21
-51.0476499999999973
0
LINE
8
BLACK
6
CONTINUOUS
10
208.3333399999999926
20
-51.0476499999999973
11
208.6889400000000023
21
-51.0476499999999973
0
LINE
8
BLACK
6
CONTINUOUS
10
208.6889400000000023
20
-51.0476499999999973
11
208.6889400000000023
21
-52.4573499999999981
0
LINE
8
BLACK
6
CONTINUOUS
10
209.3389259999999865
20
-52.4573499999999981
11
208.9833259999999768
21
-52.4573499999999981
0
LINE
8
BLACK
6
CONTINUOUS
10
208.9833259999999768
20
-52.4573499999999981
11
208.9833259999999768
21
-51.0476499999999973
0
LINE
8
BLACK
6
CONTINUOUS
10
208.9833259999999768
20
-51.0476499999999973
11
209.3389259999999865
21
-51.0476499999999973
0
LINE
8
BLACK
6
CONTINUOUS
10
209.3389259999999865
20
-51.0476499999999973
11
209.3389259999999865
21
-52.4573499999999981
0
LINE
8
BLACK
6
CONTINUOUS
10
209.9889119999999991
20
-52.4573499999999981
11
209.6333119999999894
21
-52.4573499999999981
0
LINE
8
BLACK
6
CONTINUOUS
10
209.6333119999999894
20
-52.4573499999999981
11
209.6333119999999894
21
-51.0476499999999973
0
LINE
8
BLACK
6
CONTINUOUS
10
209.6333119999999894
20
-51.0476499999999973
11
209.9889119999999991
21
-51.0476499999999973
0
LINE
8
BLACK
6
CONTINUOUS
10
209.9889119999999991
20
-51.0476499999999973
11
209.9889119999999991
21
-52.4573499999999981
0
LINE
8
BLACK
6
CONTINUOUS
10
210.6388979999999833
20
-52.4573499999999981
11
210.283298000000002
21
-52.4573499999999981
0
LINE
8
BLACK
6
CONTINUOUS
10
210.283298000000002
20
-52.4573499999999981
11
210.283298000000002
21
-51.0476499999999973
0
LINE
8
BLACK
6
CONTINUOUS
10
210.283298000000002
20
-51.0476499999999973
11
210.6388979999999833
21
-51.0476499999999973
0
LINE
8
BLACK
6
CONTINUOUS
10
210.6388979999999833
20
-51.0476499999999973
11
210.6388979999999833
21
-52.4573499999999981
0
LINE
8
BLACK
6
CONTINUOUS
10
211.2888839999999959
20
-52.4573499999999981
11
210.9332839999999862
21
-52.4573499999999981
0
LINE
8
BLACK
6
CONTINUOUS
10
210.9332839999999862
20
-52.4573499999999981
11
210.9332839999999862
21
-51.0476499999999973
0
LINE
8
BLACK
6
CONTINUOUS
10
210.9332839999999862
20
-51.0476499999999973
11
211.2888839999999959
21
-51.0476499999999973
0
LINE
8
BLACK
6
CONTINUOUS
10
211.2888839999999959
20
-51.0476499999999973
11
211.2888839999999959
21
-52.4573499999999981
0
LINE
8
BLACK
6
CONTINUOUS
10
211.9388699999999801
20
-52.4573499999999981
11
211.5832699999999988
21
-52.4573499999999981
0
LINE
8
BLACK
6
CONTINUOUS
10
211.5832699999999988
20
-52.4573499999999981
11
211.5832699999999988
21
-51.0476499999999973
0
LINE
8
BLACK
6
CONTINUOUS
10
211.5832699999999988
20
-51.0476499999999973
11
211.9388699999999801
21
-51.0476499999999973
0
LINE
8
BLACK
6
CONTINUOUS
10
211.9388699999999801
20
-51.0476499999999973
11
211.9388699999999801
21
-52.4573499999999981
0
LINE
8
BLACK
6
CONTINUOUS
10
212.5888559999999927
20
-52.4573499999999981
11
212.233255999999983
21
-52.4573499999999981
0
LINE
8
BLACK
6
CONTINUOUS
10
212.233255999999983
20
-52.4573499999999981
11
212.233255999999983
21
-51.0476499999999973
0
LINE
8
BLACK
6
CONTINUOUS
10
212.233255999999983
20
-51.0476499999999973
11
212.5888559999999927
21
-51.0476499999999973
0
LINE
8
BLACK
6
CONTINUOUS
10
212.5888559999999927
20
-51.0476499999999973
11
212.5888559999999927
21
-52.4573499999999981
0
LINE
8
BLACK
6
CONTINUOUS
10
213.2388419999999769
20
-52.4573499999999981
11
212.8832419999999956
21
-52.4573499999999981
0
LINE
8
BLACK
6
CONTINUOUS
10
212.8832419999999956
20
-52.4573499999999981
11
212.8832419999999956
21
-51.0476499999999973
0
LINE
8
BLACK
6
CONTINUOUS
10
212.8832419999999956
20
-51.0476499999999973
11
213.2388419999999769
21
-51.0476499999999973
0
LINE
8
BLACK
6
CONTINUOUS
10
213.2388419999999769
20
-51.0476499999999973
11
213.2388419999999769
21
-52.4573499999999981
0
LINE
8
BLACK
6
CONTINUOUS
10
213.8888279999999895
20
-52.4573499999999981
11
213.5332279999999798
21
-52.4573499999999981
0
LINE
8
BLACK
6
CONTINUOUS
10
213.5332279999999798
20
-52.4573499999999981
11
213.5332279999999798
21
-51.0476499999999973
0
LINE
8
BLACK
6
CONTINUOUS
10
213.5332279999999798
20
-51.0476499999999973
11
213.8888279999999895
21
-51.0476499999999973
0
LINE
8
BLACK
6
CONTINUOUS
10
213.8888279999999895
20
-51.0476499999999973
11
213.8888279999999895
21
-52.4573499999999981
0
LINE
8
BLACK
6
CONTINUOUS
10
214.5388140000000021
20
-52.4573499999999981
11
214.1832139999999924
21
-52.4573499999999981
0
LINE
8
BLACK
6
CONTINUOUS
10
214.1832139999999924
20
-52.4573499999999981
11
214.1832139999999924
21
-51.0476499999999973
0
LINE
8
BLACK
6
CONTINUOUS
10
214.1832139999999924
20
-51.0476499999999973
11
214.5388140000000021
21
-51.0476499999999973
0
LINE
8
BLACK
6
CONTINUOUS
10
214.5388140000000021
20
-51.0476499999999973
11
214.5388140000000021
21
-52.4573499999999981
0
LINE
8
BLACK
6
CONTINUOUS
10
215.1887999999999863
20
-52.4573499999999981
11
214.8331999999999766
21
-52.4573499999999981
0
LINE
8
BLACK
6
CONTINUOUS
10
214.8331999999999766
20
-52.4573499999999981
11
214.8331999999999766
21
-51.0476499999999973
0
LINE
8
BLACK
6
CONTINUOUS
10
214.8331999999999766
20
-51.0476499999999973
11
215.1887999999999863
21
-51.0476499999999973
0
LINE
8
BLACK
6
CONTINUOUS
10
215.1887999999999863
20
-51.0476499999999973
11
215.1887999999999863
21
-52.4573499999999981
0
LINE
8
BLACK
6
CONTINUOUS
10
215.8387859999999989
20
-52.4573499999999981
11
215.4831859999999892
21
-52.4573499999999981
0
LINE
8
BLACK
6
CONTINUOUS
10
215.4831859999999892
20
-52.4573499999999981
11
215.4831859999999892
21
-51.0476499999999973
0
LINE
8
BLACK
6
CONTINUOUS
10
215.4831859999999892
20
-51.0476499999999973
11
215.8387859999999989
21
-51.0476499999999973
0
LINE
8
BLACK
6
CONTINUOUS
10
215.8387859999999989
20
-51.0476499999999973
11
215.8387859999999989
21
-52.4573499999999981
0
LINE
8
BLACK
6
CONTINUOUS
10
144.5239679999999964
20
-52.0128500000000003
11
144.1683679999999868
21
-52.0128500000000003
0
LINE
8
BLACK
6
CONTINUOUS
10
144.1683679999999868
20
-52.0128500000000003
11
144.1683679999999868
21
-50.6031499999999994
0
LINE
8
BLACK
6
CONTINUOUS
10
144.1683679999999868
20
-50.6031499999999994
11
144.5239679999999964
21
-50.6031499999999994
0
LINE
8
BLACK
6
CONTINUOUS
10
144.5239679999999964
20
-50.6031499999999994
11
144.5239679999999964
21
-52.0128500000000003
0
LINE
8
BLACK
6
CONTINUOUS
10
145.1739539999999806
20
-52.0128500000000003
11
144.8183539999999994
21
-52.0128500000000003
0
LINE
8
BLACK
6
CONTINUOUS
10
144.8183539999999994
20
-52.0128500000000003
11
144.8183539999999994
21
-50.6031499999999994
0
LINE
8
BLACK
6
CONTINUOUS
10
144.8183539999999994
20
-50.6031499999999994
11
145.1739539999999806
21
-50.6031499999999994
0
LINE
8
BLACK
6
CONTINUOUS
10
145.1739539999999806
20
-50.6031499999999994
11
145.1739539999999806
21
-52.0128500000000003
0
LINE
8
BLACK
6
CONTINUOUS
10
145.8239399999999932
20
-52.0128500000000003
11
145.4683399999999835
21
-52.0128500000000003
0
LINE
8
BLACK
6
CONTINUOUS
10
145.4683399999999835
20
-52.0128500000000003
11
145.4683399999999835
21
-50.6031499999999994
0
LINE
8
BLACK
6
CONTINUOUS
10
145.4683399999999835
20
-50.6031499999999994
11
145.8239399999999932
21
-50.6031499999999994
0
LINE
8
BLACK
6
CONTINUOUS
10
145.8239399999999932
20
-50.6031499999999994
11
145.8239399999999932
21
-52.0128500000000003
0
LINE
8
BLACK
6
CONTINUOUS
10
146.4739260000000058
20
-52.0128500000000003
11
146.1183259999999962
21
-52.0128500000000003
0
LINE
8
BLACK
6
CONTINUOUS
10
146.1183259999999962
20
-52.0128500000000003
11
146.1183259999999962
21
-50.6031499999999994
0
LINE
8
BLACK
6
CONTINUOUS
10
146.1183259999999962
20
-50.6031499999999994
11
146.4739260000000058
21
-50.6031499999999994
0
LINE
8
BLACK
6
CONTINUOUS
10
146.4739260000000058
20
-50.6031499999999994
11
146.4739260000000058
21
-52.0128500000000003
0
LINE
8
BLACK
6
CONTINUOUS
10
147.12391199999999
20
-52.0128500000000003
11
146.7683119999999803
21
-52.0128500000000003
0
LINE
8
BLACK
6
CONTINUOUS
10
146.7683119999999803
20
-52.0128500000000003
11
146.7683119999999803
21
-50.6031499999999994
0
LINE
8
BLACK
6
CONTINUOUS
10
146.7683119999999803
20
-50.6031499999999994
11
147.12391199999999
21
-50.6031499999999994
0
LINE
8
BLACK
6
CONTINUOUS
10
147.12391199999999
20
-50.6031499999999994
11
147.12391199999999
21
-52.0128500000000003
0
LINE
8
BLACK
6
CONTINUOUS
10
147.7738980000000026
20
-52.0128500000000003
11
147.418297999999993
21
-52.0128500000000003
0
LINE
8
BLACK
6
CONTINUOUS
10
147.418297999999993
20
-52.0128500000000003
11
147.418297999999993
21
-50.6031499999999994
0
LINE
8
BLACK
6
CONTINUOUS
10
147.418297999999993
20
-50.6031499999999994
11
147.7738980000000026
21
-50.6031499999999994
0
LINE
8
BLACK
6
CONTINUOUS
10
147.7738980000000026
20
-50.6031499999999994
11
147.7738980000000026
21
-52.0128500000000003
0
LINE
8
BLACK
6
CONTINUOUS
10
148.4238839999999868
20
-52.0128500000000003
11
148.0682840000000056
21
-52.0128500000000003
0
LINE
8
BLACK
6
CONTINUOUS
10
148.0682840000000056
20
-52.0128500000000003
11
148.0682840000000056
21
-50.6031499999999994
0
LINE
8
BLACK
6
CONTINUOUS
10
148.0682840000000056
20
-50.6031499999999994
11
148.4238839999999868
21
-50.6031499999999994
0
LINE
8
BLACK
6
CONTINUOUS
10
148.4238839999999868
20
-50.6031499999999994
11
148.4238839999999868
21
-52.0128500000000003
0
LINE
8
BLACK
6
CONTINUOUS
10
149.0738699999999994
20
-52.0128500000000003
11
148.7182699999999897
21
-52.0128500000000003
0
LINE
8
BLACK
6
CONTINUOUS
10
148.7182699999999897
20
-52.0128500000000003
11
148.7182699999999897
21
-50.6031499999999994
0
LINE
8
BLACK
6
CONTINUOUS
10
148.7182699999999897
20
-50.6031499999999994
11
149.0738699999999994
21
-50.6031499999999994
0
LINE
8
BLACK
6
CONTINUOUS
10
149.0738699999999994
20
-50.6031499999999994
11
149.0738699999999994
21
-52.0128500000000003
0
LINE
8
BLACK
6
CONTINUOUS
10
149.7238559999999836
20
-52.0128500000000003
11
149.3682560000000024
21
-52.0128500000000003
0
LINE
8
BLACK
6
CONTINUOUS
10
149.3682560000000024
20
-52.0128500000000003
11
149.3682560000000024
21
-50.6031499999999994
0
LINE
8
BLACK
6
CONTINUOUS
10
149.3682560000000024
20
-50.6031499999999994
11
149.7238559999999836
21
-50.6031499999999994
0
LINE
8
BLACK
6
CONTINUOUS
10
149.7238559999999836
20
-50.6031499999999994
11
149.7238559999999836
21
-52.0128500000000003
0
LINE
8
BLACK
6
CONTINUOUS
10
150.3738419999999962
20
-52.0128500000000003
11
150.0182419999999865
21
-52.0128500000000003
0
LINE
8
BLACK
6
CONTINUOUS
10
150.0182419999999865
20
-52.0128500000000003
11
150.0182419999999865
21
-50.6031499999999994
0
LINE
8
BLACK
6
CONTINUOUS
10
150.0182419999999865
20
-50.6031499999999994
11
150.3738419999999962
21
-50.6031499999999994
0
LINE
8
BLACK
6
CONTINUOUS
10
150.3738419999999962
20
-50.6031499999999994
11
150.3738419999999962
21
-52.0128500000000003
0
LINE
8
BLACK
6
CONTINUOUS
10
151.0238279999999804
20
-52.0128500000000003
11
150.6682279999999992
21
-52.0128500000000003
0
LINE
8
BLACK
6
CONTINUOUS
10
150.6682279999999992
20
-52.0128500000000003
11
150.6682279999999992
21
-50.6031499999999994
0
LINE
8
BLACK
6
CONTINUOUS
10
150.6682279999999992
20
-50.6031499999999994
11
151.0238279999999804
21
-50.6031499999999994
0
LINE
8
BLACK
6
CONTINUOUS
10
151.0238279999999804
20
-50.6031499999999994
11
151.0238279999999804
21
-52.0128500000000003
0
LINE
8
BLACK
6
CONTINUOUS
10
151.673813999999993
20
-52.0128500000000003
11
151.3182139999999833
21
-52.0128500000000003
0
LINE
8
BLACK
6
CONTINUOUS
10
151.3182139999999833
20
-52.0128500000000003
11
151.3182139999999833
21
-50.6031499999999994
0
LINE
8
BLACK
6
CONTINUOUS
10
151.3182139999999833
20
-50.6031499999999994
11
151.673813999999993
21
-50.6031499999999994
0
LINE
8
BLACK
6
CONTINUOUS
10
151.673813999999993
20
-50.6031499999999994
11
151.673813999999993
21
-52.0128500000000003
0
LINE
8
BLACK
6
CONTINUOUS
10
152.3238000000000056
20
-52.0128500000000003
11
151.968199999999996
21
-52.0128500000000003
0
LINE
8
BLACK
6
CONTINUOUS
10
151.968199999999996
20
-52.0128500000000003
11
151.968199999999996
21
-50.6031499999999994
0
LINE
8
BLACK
6
CONTINUOUS
10
151.968199999999996
20
-50.6031499999999994
11
152.3238000000000056
21
-50.6031499999999994
0
LINE
8
BLACK
6
CONTINUOUS
10
152.3238000000000056
20
-50.6031499999999994
11
152.3238000000000056
21
-52.0128500000000003
0
LINE
8
BLACK
6
CONTINUOUS
10
152.9737859999999898
20
-52.0128500000000003
11
152.6181859999999801
21
-52.0128500000000003
0
LINE
8
BLACK
6
CONTINUOUS
10
152.6181859999999801
20
-52.0128500000000003
11
152.6181859999999801
21
-50.6031499999999994
0
LINE
8
BLACK
6
CONTINUOUS
10
152.6181859999999801
20
-50.6031499999999994
11
152.9737859999999898
21
-50.6031499999999994
0
LINE
8
BLACK
6
CONTINUOUS
10
152.9737859999999898
20
-50.6031499999999994
11
152.9737859999999898
21
-52.0128500000000003
0
LINE
8
BLACK
6
CONTINUOUS
10
147.0613769999999931
20
-49.83005
11
145.8516769999999951
21
-49.83005
0
LINE
8
BLACK
6
CONTINUOUS
10
145.8516769999999951
20
-49.83005
11
145.8516769999999951
21
-48.4552499999999995
0
LINE
8
BLACK
6
CONTINUOUS
10
145.8516769999999951
20
-48.4552499999999995
11
147.0613769999999931
21
-48.4552499999999995
0
LINE
8
BLACK
6
CONTINUOUS
10
147.0613769999999931
20
-48.4552499999999995
11
147.0613769999999931
21
-49.83005
0
LINE
8
BLACK
6
CONTINUOUS
10
148.4710769999999798
20
-49.83005
11
147.2613769999999818
21
-49.83005
0
LINE
8
BLACK
6
CONTINUOUS
10
147.2613769999999818
20
-49.83005
11
147.2613769999999818
21
-48.4552499999999995
0
LINE
8
BLACK
6
CONTINUOUS
10
147.2613769999999818
20
-48.4552499999999995
11
148.4710769999999798
21
-48.4552499999999995
0
LINE
8
BLACK
6
CONTINUOUS
10
148.4710769999999798
20
-48.4552499999999995
11
148.4710769999999798
21
-49.83005
0
LINE
8
BLACK
6
CONTINUOUS
10
149.8807769999999948
20
-49.83005
11
148.6710769999999968
21
-49.83005
0
LINE
8
BLACK
6
CONTINUOUS
10
148.6710769999999968
20
-49.83005
11
148.6710769999999968
21
-48.4552499999999995
0
LINE
8
BLACK
6
CONTINUOUS
10
148.6710769999999968
20
-48.4552499999999995
11
149.8807769999999948
21
-48.4552499999999995
0
LINE
8
BLACK
6
CONTINUOUS
10
149.8807769999999948
20
-48.4552499999999995
11
149.8807769999999948
21
-49.83005
0
LINE
8
BLACK
6
CONTINUOUS
10
151.2904769999999814
20
-49.83005
11
150.0807769999999834
21
-49.83005
0
LINE
8
BLACK
6
CONTINUOUS
10
150.0807769999999834
20
-49.83005
11
150.0807769999999834
21
-48.4552499999999995
0
LINE
8
BLACK
6
CONTINUOUS
10
150.0807769999999834
20
-48.4552499999999995
11
151.2904769999999814
21
-48.4552499999999995
0
LINE
8
BLACK
6
CONTINUOUS
10
151.2904769999999814
20
-48.4552499999999995
11
151.2904769999999814
21
-49.83005
0
LINE
8
BLACK
6
CONTINUOUS
10
156.5194639999999993
20
-47.428328999999998
11
156.5965149999999824
21
-47.4798119999999955
0
LINE
8
BLACK
6
CONTINUOUS
10
156.5965149999999824
20
-47.4798119999999955
11
156.6479980000000012
21
-47.5568629999999999
0
LINE
8
BLACK
6
CONTINUOUS
10
156.6479980000000012
20
-47.5568629999999999
11
156.6660770000000014
21
-47.6477499999999949
0
LINE
8
BLACK
6
CONTINUOUS
10
156.6660770000000014
20
-47.6477499999999949
11
156.6660770000000014
21
-48.2477499999999964
0
LINE
8
BLACK
6
CONTINUOUS
10
156.6660770000000014
20
-48.2477499999999964
11
156.6479980000000012
21
-48.3386369999999985
0
LINE
8
BLACK
6
CONTINUOUS
10
156.6479980000000012
20
-48.3386369999999985
11
156.5965149999999824
21
-48.4156879999999958
0
LINE
8
BLACK
6
CONTINUOUS
10
156.5965149999999824
20
-48.4156879999999958
11
156.5194639999999993
21
-48.4671710000000004
0
LINE
8
BLACK
6
CONTINUOUS
10
156.5194639999999993
20
-48.4671710000000004
11
156.42857699999999
21
-48.4852500000000006
0
LINE
8
BLACK
6
CONTINUOUS
10
156.42857699999999
20
-48.4852500000000006
11
155.9535769999999957
21
-48.4852500000000006
0
LINE
8
BLACK
6
CONTINUOUS
10
155.9535769999999957
20
-48.4852500000000006
11
155.8626899999999864
21
-48.4671710000000004
0
LINE
8
BLACK
6
CONTINUOUS
10
155.8626899999999864
20
-48.4671710000000004
11
155.7856390000000033
21
-48.4156879999999958
0
LINE
8
BLACK
6
CONTINUOUS
10
155.7856390000000033
20
-48.4156879999999958
11
155.7341559999999845
21
-48.3386369999999985
0
LINE
8
BLACK
6
CONTINUOUS
10
155.7341559999999845
20
-48.3386369999999985
11
155.7160769999999843
21
-48.2477499999999964
0
LINE
8
BLACK
6
CONTINUOUS
10
155.7160769999999843
20
-48.2477499999999964
11
155.7160769999999843
21
-47.6477499999999949
0
LINE
8
BLACK
6
CONTINUOUS
10
155.7160769999999843
20
-47.6477499999999949
11
155.7341559999999845
21
-47.5568629999999999
0
LINE
8
BLACK
6
CONTINUOUS
10
155.7341559999999845
20
-47.5568629999999999
11
155.7856390000000033
21
-47.4798119999999955
0
LINE
8
BLACK
6
CONTINUOUS
10
155.7856390000000033
20
-47.4798119999999955
11
155.8626899999999864
21
-47.428328999999998
0
LINE
8
BLACK
6
CONTINUOUS
10
155.8626899999999864
20
-47.428328999999998
11
155.9535769999999957
21
-47.4102499999999978
0
LINE
8
BLACK
6
CONTINUOUS
10
155.9535769999999957
20
-47.4102499999999978
11
156.42857699999999
21
-47.4102499999999978
0
LINE
8
BLACK
6
CONTINUOUS
10
156.42857699999999
20
-47.4102499999999978
11
156.5194639999999993
21
-47.428328999999998
0
LINE
8
BLACK
6
CONTINUOUS
10
147.0613769999999931
20
-48.2552499999999966
11
145.8516769999999951
21
-48.2552499999999966
0
LINE
8
BLACK
6
CONTINUOUS
10
145.8516769999999951
20
-48.2552499999999966
11
145.8516769999999951
21
-46.8804499999999962
0
LINE
8
BLACK
6
CONTINUOUS
10
145.8516769999999951
20
-46.8804499999999962
11
147.0613769999999931
21
-46.8804499999999962
0
LINE
8
BLACK
6
CONTINUOUS
10
147.0613769999999931
20
-46.8804499999999962
11
147.0613769999999931
21
-48.2552499999999966
0
LINE
8
BLACK
6
CONTINUOUS
10
148.4710769999999798
20
-48.2552499999999966
11
147.2613769999999818
21
-48.2552499999999966
0
LINE
8
BLACK
6
CONTINUOUS
10
147.2613769999999818
20
-48.2552499999999966
11
147.2613769999999818
21
-46.8804499999999962
0
LINE
8
BLACK
6
CONTINUOUS
10
147.2613769999999818
20
-46.8804499999999962
11
148.4710769999999798
21
-46.8804499999999962
0
LINE
8
BLACK
6
CONTINUOUS
10
148.4710769999999798
20
-46.8804499999999962
11
148.4710769999999798
21
-48.2552499999999966
0
LINE
8
BLACK
6
CONTINUOUS
10
149.8807769999999948
20
-48.2552499999999966
11
148.6710769999999968
21
-48.2552499999999966
0
LINE
8
BLACK
6
CONTINUOUS
10
148.6710769999999968
20
-48.2552499999999966
11
148.6710769999999968
21
-46.8804499999999962
0
LINE
8
BLACK
6
CONTINUOUS
10
148.6710769999999968
20
-46.8804499999999962
11
149.8807769999999948
21
-46.8804499999999962
0
LINE
8
BLACK
6
CONTINUOUS
10
149.8807769999999948
20
-46.8804499999999962
11
149.8807769999999948
21
-48.2552499999999966
0
LINE
8
BLACK
6
CONTINUOUS
10
151.2904769999999814
20
-48.2552499999999966
11
150.0807769999999834
21
-48.2552499999999966
0
LINE
8
BLACK
6
CONTINUOUS
10
150.0807769999999834
20
-48.2552499999999966
11
150.0807769999999834
21
-46.8804499999999962
0
LINE
8
BLACK
6
CONTINUOUS
10
150.0807769999999834
20
-46.8804499999999962
11
151.2904769999999814
21
-46.8804499999999962
0
LINE
8
BLACK
6
CONTINUOUS
10
151.2904769999999814
20
-46.8804499999999962
11
151.2904769999999814
21
-48.2552499999999966
0
LINE
8
BLACK
6
CONTINUOUS
10
142.7667480000000069
20
-46.8692799999999963
11
142.8478539999999839
21
-46.9234730000000013
0
LINE
8
BLACK
6
CONTINUOUS
10
142.8478539999999839
20
-46.9234730000000013
11
142.9020469999999818
21
-47.0045789999999997
0
LINE
8
BLACK
6
CONTINUOUS
10
142.9020469999999818
20
-47.0045789999999997
11
142.9210769999999968
21
-47.1002499999999955
0
LINE
8
BLACK
6
CONTINUOUS
10
142.9210769999999968
20
-47.1002499999999955
11
142.9210769999999968
21
-47.8002499999999984
0
LINE
8
BLACK
6
CONTINUOUS
10
142.9210769999999968
20
-47.8002499999999984
11
142.9020469999999818
21
-47.8959210000000013
0
LINE
8
BLACK
6
CONTINUOUS
10
142.9020469999999818
20
-47.8959210000000013
11
142.8478539999999839
21
-47.9770269999999996
0
LINE
8
BLACK
6
CONTINUOUS
10
142.8478539999999839
20
-47.9770269999999996
11
142.7667480000000069
21
-48.0312199999999976
0
LINE
8
BLACK
6
CONTINUOUS
10
142.7667480000000069
20
-48.0312199999999976
11
142.6710769999999968
21
-48.0502499999999984
0
LINE
8
BLACK
6
CONTINUOUS
10
142.6710769999999968
20
-48.0502499999999984
11
141.7710769999999911
21
-48.0502499999999984
0
LINE
8
BLACK
6
CONTINUOUS
10
141.7710769999999911
20
-48.0502499999999984
11
141.6754059999999811
21
-48.0312199999999976
0
LINE
8
BLACK
6
CONTINUOUS
10
141.6754059999999811
20
-48.0312199999999976
11
141.594300000000004
21
-47.9770269999999996
0
LINE
8
BLACK
6
CONTINUOUS
10
141.594300000000004
20
-47.9770269999999996
11
141.5401070000000061
21
-47.8959210000000013
0
LINE
8
BLACK
6
CONTINUOUS
10
141.5401070000000061
20
-47.8959210000000013
11
141.5210769999999911
21
-47.8002499999999984
0
LINE
8
BLACK
6
CONTINUOUS
10
141.5210769999999911
20
-47.8002499999999984
11
141.5210769999999911
21
-47.1002499999999955
0
LINE
8
BLACK
6
CONTINUOUS
10
141.5210769999999911
20
-47.1002499999999955
11
141.5401070000000061
21
-47.0045789999999997
0
LINE
8
BLACK
6
CONTINUOUS
10
141.5401070000000061
20
-47.0045789999999997
11
141.594300000000004
21
-46.9234730000000013
0
LINE
8
BLACK
6
CONTINUOUS
10
141.594300000000004
20
-46.9234730000000013
11
141.6754059999999811
21
-46.8692799999999963
0
LINE
8
BLACK
6
CONTINUOUS
10
141.6754059999999811
20
-46.8692799999999963
11
141.7710769999999911
21
-46.8502499999999955
0
LINE
8
BLACK
6
CONTINUOUS
10
141.7710769999999911
20
-46.8502499999999955
11
142.6710769999999968
21
-46.8502499999999955
0
LINE
8
BLACK
6
CONTINUOUS
10
142.6710769999999968
20
-46.8502499999999955
11
142.7667480000000069
21
-46.8692799999999963
0
LINE
8
BLACK
6
CONTINUOUS
10
156.5194639999999993
20
-45.7033289999999965
11
156.5965149999999824
21
-45.7548120000000011
0
LINE
8
BLACK
6
CONTINUOUS
10
156.5965149999999824
20
-45.7548120000000011
11
156.6479980000000012
21
-45.8318629999999985
0
LINE
8
BLACK
6
CONTINUOUS
10
156.6479980000000012
20
-45.8318629999999985
11
156.6660770000000014
21
-45.9227500000000006
0
LINE
8
BLACK
6
CONTINUOUS
10
156.6660770000000014
20
-45.9227500000000006
11
156.6660770000000014
21
-46.5227499999999949
0
LINE
8
BLACK
6
CONTINUOUS
10
156.6660770000000014
20
-46.5227499999999949
11
156.6479980000000012
21
-46.6136369999999971
0
LINE
8
BLACK
6
CONTINUOUS
10
156.6479980000000012
20
-46.6136369999999971
11
156.5965149999999824
21
-46.6906879999999944
0
LINE
8
BLACK
6
CONTINUOUS
10
156.5965149999999824
20
-46.6906879999999944
11
156.5194639999999993
21
-46.742170999999999
0
LINE
8
BLACK
6
CONTINUOUS
10
156.5194639999999993
20
-46.742170999999999
11
156.42857699999999
21
-46.7602499999999992
0
LINE
8
BLACK
6
CONTINUOUS
10
156.42857699999999
20
-46.7602499999999992
11
155.9535769999999957
21
-46.7602499999999992
0
LINE
8
BLACK
6
CONTINUOUS
10
155.9535769999999957
20
-46.7602499999999992
11
155.8626899999999864
21
-46.742170999999999
0
LINE
8
BLACK
6
CONTINUOUS
10
155.8626899999999864
20
-46.742170999999999
11
155.7856390000000033
21
-46.6906879999999944
0
LINE
8
BLACK
6
CONTINUOUS
10
155.7856390000000033
20
-46.6906879999999944
11
155.7341559999999845
21
-46.6136369999999971
0
LINE
8
BLACK
6
CONTINUOUS
10
155.7341559999999845
20
-46.6136369999999971
11
155.7160769999999843
21
-46.5227499999999949
0
LINE
8
BLACK
6
CONTINUOUS
10
155.7160769999999843
20
-46.5227499999999949
11
155.7160769999999843
21
-45.9227500000000006
0
LINE
8
BLACK
6
CONTINUOUS
10
155.7160769999999843
20
-45.9227500000000006
11
155.7341559999999845
21
-45.8318629999999985
0
LINE
8
BLACK
6
CONTINUOUS
10
155.7341559999999845
20
-45.8318629999999985
11
155.7856390000000033
21
-45.7548120000000011
0
LINE
8
BLACK
6
CONTINUOUS
10
155.7856390000000033
20
-45.7548120000000011
11
155.8626899999999864
21
-45.7033289999999965
0
LINE
8
BLACK
6
CONTINUOUS
10
155.8626899999999864
20
-45.7033289999999965
11
155.9535769999999957
21
-45.6852499999999964
0
LINE
8
BLACK
6
CONTINUOUS
10
155.9535769999999957
20
-45.6852499999999964
11
156.42857699999999
21
-45.6852499999999964
0
LINE
8
BLACK
6
CONTINUOUS
10
156.42857699999999
20
-45.6852499999999964
11
156.5194639999999993
21
-45.7033289999999965
0
LINE
8
BLACK
6
CONTINUOUS
10
144.5239679999999964
20
-46.1073499999999967
11
144.1683679999999868
21
-46.1073499999999967
0
LINE
8
BLACK
6
CONTINUOUS
10
144.1683679999999868
20
-46.1073499999999967
11
144.1683679999999868
21
-44.6976499999999959
0
LINE
8
BLACK
6
CONTINUOUS
10
144.1683679999999868
20
-44.6976499999999959
11
144.5239679999999964
21
-44.6976499999999959
0
LINE
8
BLACK
6
CONTINUOUS
10
144.5239679999999964
20
-44.6976499999999959
11
144.5239679999999964
21
-46.1073499999999967
0
LINE
8
BLACK
6
CONTINUOUS
10
145.1739539999999806
20
-46.1073499999999967
11
144.8183539999999994
21
-46.1073499999999967
0
LINE
8
BLACK
6
CONTINUOUS
10
144.8183539999999994
20
-46.1073499999999967
11
144.8183539999999994
21
-44.6976499999999959
0
LINE
8
BLACK
6
CONTINUOUS
10
144.8183539999999994
20
-44.6976499999999959
11
145.1739539999999806
21
-44.6976499999999959
0
LINE
8
BLACK
6
CONTINUOUS
10
145.1739539999999806
20
-44.6976499999999959
11
145.1739539999999806
21
-46.1073499999999967
0
LINE
8
BLACK
6
CONTINUOUS
10
145.8239399999999932
20
-46.1073499999999967
11
145.4683399999999835
21
-46.1073499999999967
0
LINE
8
BLACK
6
CONTINUOUS
10
145.4683399999999835
20
-46.1073499999999967
11
145.4683399999999835
21
-44.6976499999999959
0
LINE
8
BLACK
6
CONTINUOUS
10
145.4683399999999835
20
-44.6976499999999959
11
145.8239399999999932
21
-44.6976499999999959
0
LINE
8
BLACK
6
CONTINUOUS
10
145.8239399999999932
20
-44.6976499999999959
11
145.8239399999999932
21
-46.1073499999999967
0
LINE
8
BLACK
6
CONTINUOUS
10
146.4739260000000058
20
-46.1073499999999967
11
146.1183259999999962
21
-46.1073499999999967
0
LINE
8
BLACK
6
CONTINUOUS
10
146.1183259999999962
20
-46.1073499999999967
11
146.1183259999999962
21
-44.6976499999999959
0
LINE
8
BLACK
6
CONTINUOUS
10
146.1183259999999962
20
-44.6976499999999959
11
146.4739260000000058
21
-44.6976499999999959
0
LINE
8
BLACK
6
CONTINUOUS
10
146.4739260000000058
20
-44.6976499999999959
11
146.4739260000000058
21
-46.1073499999999967
0
LINE
8
BLACK
6
CONTINUOUS
10
147.12391199999999
20
-46.1073499999999967
11
146.7683119999999803
21
-46.1073499999999967
0
LINE
8
BLACK
6
CONTINUOUS
10
146.7683119999999803
20
-46.1073499999999967
11
146.7683119999999803
21
-44.6976499999999959
0
LINE
8
BLACK
6
CONTINUOUS
10
146.7683119999999803
20
-44.6976499999999959
11
147.12391199999999
21
-44.6976499999999959
0
LINE
8
BLACK
6
CONTINUOUS
10
147.12391199999999
20
-44.6976499999999959
11
147.12391199999999
21
-46.1073499999999967
0
LINE
8
BLACK
6
CONTINUOUS
10
147.7738980000000026
20
-46.1073499999999967
11
147.418297999999993
21
-46.1073499999999967
0
LINE
8
BLACK
6
CONTINUOUS
10
147.418297999999993
20
-46.1073499999999967
11
147.418297999999993
21
-44.6976499999999959
0
LINE
8
BLACK
6
CONTINUOUS
10
147.418297999999993
20
-44.6976499999999959
11
147.7738980000000026
21
-44.6976499999999959
0
LINE
8
BLACK
6
CONTINUOUS
10
147.7738980000000026
20
-44.6976499999999959
11
147.7738980000000026
21
-46.1073499999999967
0
LINE
8
BLACK
6
CONTINUOUS
10
148.4238839999999868
20
-46.1073499999999967
11
148.0682840000000056
21
-46.1073499999999967
0
LINE
8
BLACK
6
CONTINUOUS
10
148.0682840000000056
20
-46.1073499999999967
11
148.0682840000000056
21
-44.6976499999999959
0
LINE
8
BLACK
6
CONTINUOUS
10
148.0682840000000056
20
-44.6976499999999959
11
148.4238839999999868
21
-44.6976499999999959
0
LINE
8
BLACK
6
CONTINUOUS
10
148.4238839999999868
20
-44.6976499999999959
11
148.4238839999999868
21
-46.1073499999999967
0
LINE
8
BLACK
6
CONTINUOUS
10
149.0738699999999994
20
-46.1073499999999967
11
148.7182699999999897
21
-46.1073499999999967
0
LINE
8
BLACK
6
CONTINUOUS
10
148.7182699999999897
20
-46.1073499999999967
11
148.7182699999999897
21
-44.6976499999999959
0
LINE
8
BLACK
6
CONTINUOUS
10
148.7182699999999897
20
-44.6976499999999959
11
149.0738699999999994
21
-44.6976499999999959
0
LINE
8
BLACK
6
CONTINUOUS
10
149.0738699999999994
20
-44.6976499999999959
11
149.0738699999999994
21
-46.1073499999999967
0
LINE
8
BLACK
6
CONTINUOUS
10
149.7238559999999836
20
-46.1073499999999967
11
149.3682560000000024
21
-46.1073499999999967
0
LINE
8
BLACK
6
CONTINUOUS
10
149.3682560000000024
20
-46.1073499999999967
11
149.3682560000000024
21
-44.6976499999999959
0
LINE
8
BLACK
6
CONTINUOUS
10
149.3682560000000024
20
-44.6976499999999959
11
149.7238559999999836
21
-44.6976499999999959
0
LINE
8
BLACK
6
CONTINUOUS
10
149.7238559999999836
20
-44.6976499999999959
11
149.7238559999999836
21
-46.1073499999999967
0
LINE
8
BLACK
6
CONTINUOUS
10
150.3738419999999962
20
-46.1073499999999967
11
150.0182419999999865
21
-46.1073499999999967
0
LINE
8
BLACK
6
CONTINUOUS
10
150.0182419999999865
20
-46.1073499999999967
11
150.0182419999999865
21
-44.6976499999999959
0
LINE
8
BLACK
6
CONTINUOUS
10
150.0182419999999865
20
-44.6976499999999959
11
150.3738419999999962
21
-44.6976499999999959
0
LINE
8
BLACK
6
CONTINUOUS
10
150.3738419999999962
20
-44.6976499999999959
11
150.3738419999999962
21
-46.1073499999999967
0
LINE
8
BLACK
6
CONTINUOUS
10
151.0238279999999804
20
-46.1073499999999967
11
150.6682279999999992
21
-46.1073499999999967
0
LINE
8
BLACK
6
CONTINUOUS
10
150.6682279999999992
20
-46.1073499999999967
11
150.6682279999999992
21
-44.6976499999999959
0
LINE
8
BLACK
6
CONTINUOUS
10
150.6682279999999992
20
-44.6976499999999959
11
151.0238279999999804
21
-44.6976499999999959
0
LINE
8
BLACK
6
CONTINUOUS
10
151.0238279999999804
20
-44.6976499999999959
11
151.0238279999999804
21
-46.1073499999999967
0
LINE
8
BLACK
6
CONTINUOUS
10
151.673813999999993
20
-46.1073499999999967
11
151.3182139999999833
21
-46.1073499999999967
0
LINE
8
BLACK
6
CONTINUOUS
10
151.3182139999999833
20
-46.1073499999999967
11
151.3182139999999833
21
-44.6976499999999959
0
LINE
8
BLACK
6
CONTINUOUS
10
151.3182139999999833
20
-44.6976499999999959
11
151.673813999999993
21
-44.6976499999999959
0
LINE
8
BLACK
6
CONTINUOUS
10
151.673813999999993
20
-44.6976499999999959
11
151.673813999999993
21
-46.1073499999999967
0
LINE
8
BLACK
6
CONTINUOUS
10
152.3238000000000056
20
-46.1073499999999967
11
151.968199999999996
21
-46.1073499999999967
0
LINE
8
BLACK
6
CONTINUOUS
10
151.968199999999996
20
-46.1073499999999967
11
151.968199999999996
21
-44.6976499999999959
0
LINE
8
BLACK
6
CONTINUOUS
10
151.968199999999996
20
-44.6976499999999959
11
152.3238000000000056
21
-44.6976499999999959
0
LINE
8
BLACK
6
CONTINUOUS
10
152.3238000000000056
20
-44.6976499999999959
11
152.3238000000000056
21
-46.1073499999999967
0
LINE
8
BLACK
6
CONTINUOUS
10
152.9737859999999898
20
-46.1073499999999967
11
152.6181859999999801
21
-46.1073499999999967
0
LINE
8
BLACK
6
CONTINUOUS
10
152.6181859999999801
20
-46.1073499999999967
11
152.6181859999999801
21
-44.6976499999999959
0
LINE
8
BLACK
6
CONTINUOUS
10
152.6181859999999801
20
-44.6976499999999959
11
152.9737859999999898
21
-44.6976499999999959
0
LINE
8
BLACK
6
CONTINUOUS
10
152.9737859999999898
20
-44.6976499999999959
11
152.9737859999999898
21
-46.1073499999999967
0
LINE
8
BLACK
6
CONTINUOUS
10
142.7667480000000069
20
-44.8692799999999963
11
142.8478539999999839
21
-44.9234730000000013
0
LINE
8
BLACK
6
CONTINUOUS
10
142.8478539999999839
20
-44.9234730000000013
11
142.9020469999999818
21
-45.0045789999999997
0
LINE
8
BLACK
6
CONTINUOUS
10
142.9020469999999818
20
-45.0045789999999997
11
142.9210769999999968
21
-45.1002499999999955
0
LINE
8
BLACK
6
CONTINUOUS
10
142.9210769999999968
20
-45.1002499999999955
11
142.9210769999999968
21
-45.8002499999999984
0
LINE
8
BLACK
6
CONTINUOUS
10
142.9210769999999968
20
-45.8002499999999984
11
142.9020469999999818
21
-45.8959210000000013
0
LINE
8
BLACK
6
CONTINUOUS
10
142.9020469999999818
20
-45.8959210000000013
11
142.8478539999999839
21
-45.9770269999999996
0
LINE
8
BLACK
6
CONTINUOUS
10
142.8478539999999839
20
-45.9770269999999996
11
142.7667480000000069
21
-46.0312199999999976
0
LINE
8
BLACK
6
CONTINUOUS
10
142.7667480000000069
20
-46.0312199999999976
11
142.6710769999999968
21
-46.0502499999999984
0
LINE
8
BLACK
6
CONTINUOUS
10
142.6710769999999968
20
-46.0502499999999984
11
141.7710769999999911
21
-46.0502499999999984
0
LINE
8
BLACK
6
CONTINUOUS
10
141.7710769999999911
20
-46.0502499999999984
11
141.6754059999999811
21
-46.0312199999999976
0
LINE
8
BLACK
6
CONTINUOUS
10
141.6754059999999811
20
-46.0312199999999976
11
141.594300000000004
21
-45.9770269999999996
0
LINE
8
BLACK
6
CONTINUOUS
10
141.594300000000004
20
-45.9770269999999996
11
141.5401070000000061
21
-45.8959210000000013
0
LINE
8
BLACK
6
CONTINUOUS
10
141.5401070000000061
20
-45.8959210000000013
11
141.5210769999999911
21
-45.8002499999999984
0
LINE
8
BLACK
6
CONTINUOUS
10
141.5210769999999911
20
-45.8002499999999984
11
141.5210769999999911
21
-45.1002499999999955
0
LINE
8
BLACK
6
CONTINUOUS
10
141.5210769999999911
20
-45.1002499999999955
11
141.5401070000000061
21
-45.0045789999999997
0
LINE
8
BLACK
6
CONTINUOUS
10
141.5401070000000061
20
-45.0045789999999997
11
141.594300000000004
21
-44.9234730000000013
0
LINE
8
BLACK
6
CONTINUOUS
10
141.594300000000004
20
-44.9234730000000013
11
141.6754059999999811
21
-44.8692799999999963
0
LINE
8
BLACK
6
CONTINUOUS
10
141.6754059999999811
20
-44.8692799999999963
11
141.7710769999999911
21
-44.8502499999999955
0
LINE
8
BLACK
6
CONTINUOUS
10
141.7710769999999911
20
-44.8502499999999955
11
142.6710769999999968
21
-44.8502499999999955
0
LINE
8
BLACK
6
CONTINUOUS
10
142.6710769999999968
20
-44.8502499999999955
11
142.7667480000000069
21
-44.8692799999999963
  0
ENDSEC
  0
EOF
