ISO-10303-21;
HEADER;
FILE_DESCRIPTION (( 'STEP AP214' ),
    '1' );
FILE_NAME ('CAR_KP_8X6_D8.5L7S3.5F0.5.STEP',
    '2019-12-10T15:03:00',
    ( '' ),
    ( '' ),
    'SwSTEP 2.0',
    'SolidWorks 2014',
    '' );
FILE_SCHEMA (( 'AUTOMOTIVE_DESIGN' ));
ENDSEC;

DATA;
#1 = FACE_OUTER_BOUND ( 'NONE', #1596, .T. ) ;
#2 = VECTOR ( 'NONE', #1634, 1000.000000000000000 ) ;
#3 = ORIENTED_EDGE ( 'NONE', *, *, #2109, .F. ) ;
#4 = SURFACE_STYLE_USAGE ( .BOTH. , #3158 ) ;
#5 = LINE ( 'NONE', #1643, #1939 ) ;
#6 = MECHANICAL_DESIGN_GEOMETRIC_PRESENTATION_REPRESENTATION (  '', ( #1379 ), #730 ) ;
#7 = ORIENTED_EDGE ( 'NONE', *, *, #1153, .T. ) ;
#8 = DIRECTION ( 'NONE',  ( 0.0000000000000000000, 0.9610876102172872800, 0.2762437428917141600 ) ) ;
#9 = CARTESIAN_POINT ( 'NONE',  ( 7.000000000000000000, 0.0000000000000000000, 0.0000000000000000000 ) ) ;
#10 = CIRCLE ( 'NONE', #375, 4.050000000000000700 ) ;
#11 = PLANE ( 'NONE',  #1914 ) ;
#12 = CARTESIAN_POINT ( 'NONE',  ( -0.005000000000000000100, -0.4641000000000289300, -0.5441468228588440800 ) ) ;
#13 = VERTEX_POINT ( 'NONE', #1231 ) ;
#14 = PRODUCT_CONTEXT ( 'NONE', #295, 'mechanical' ) ;
#15 = CARTESIAN_POINT ( 'NONE',  ( -0.005000000000000000100, 0.1188375638308397100, 1.047384881157789300 ) ) ;
#16 = ORIENTED_EDGE ( 'NONE', *, *, #523, .T. ) ;
#17 = EDGE_CURVE ( 'NONE', #1060, #2165, #457, .T. ) ;
#18 = ORIENTED_EDGE ( 'NONE', *, *, #819, .T. ) ;
#19 = VECTOR ( 'NONE', #2812, 1000.000000000000000 ) ;
#20 = FILL_AREA_STYLE_COLOUR ( '', #1878 ) ;
#21 = FILL_AREA_STYLE_COLOUR ( '', #1063 ) ;
#22 = FACE_OUTER_BOUND ( 'NONE', #2782, .T. ) ;
#23 = VERTEX_POINT ( 'NONE', #2565 ) ;
#24 = COLOUR_RGB ( '',0.7921568627450980000, 0.8196078431372548800, 0.9333333333333333500 ) ;
#25 = ADVANCED_FACE ( 'NONE', ( #1925 ), #862, .F. ) ;
#26 =( GEOMETRIC_REPRESENTATION_CONTEXT ( 3 ) GLOBAL_UNCERTAINTY_ASSIGNED_CONTEXT ( ( #565 ) ) GLOBAL_UNIT_ASSIGNED_CONTEXT ( ( #2110, #219, #205 ) ) REPRESENTATION_CONTEXT ( 'NONE', 'WORKASPACE' ) );
#27 = AXIS2_PLACEMENT_3D ( 'NONE', #1227, #1450, #3025 ) ;
#28 = SURFACE_STYLE_FILL_AREA ( #2418 ) ;
#29 = ORIENTED_EDGE ( 'NONE', *, *, #304, .T. ) ;
#30 =( NAMED_UNIT ( * ) PLANE_ANGLE_UNIT ( ) SI_UNIT ( $, .RADIAN. ) );
#31 = FILL_AREA_STYLE_COLOUR ( '', #112 ) ;
#32 = VECTOR ( 'NONE', #2252, 1000.000000000000000 ) ;
#33 =( LENGTH_UNIT ( ) NAMED_UNIT ( * ) SI_UNIT ( .MILLI., .METRE. ) );
#34 = UNCERTAINTY_MEASURE_WITH_UNIT (LENGTH_MEASURE( 1.000000000000000100E-005 ), #3095, 'distance_accuracy_value', 'NONE');
#35 = AXIS2_PLACEMENT_3D ( 'NONE', #1388, #2980, #1396 ) ;
#36 = ORIENTED_EDGE ( 'NONE', *, *, #1934, .F. ) ;
#37 = ORIENTED_EDGE ( 'NONE', *, *, #2608, .T. ) ;
#38 = SURFACE_STYLE_FILL_AREA ( #1756 ) ;
#39 = DIRECTION ( 'NONE',  ( 0.0000000000000000000, -0.004650693823678241100, 0.9999891854650020400 ) ) ;
#40 = EDGE_CURVE ( 'NONE', #1103, #2468, #1673, .T. ) ;
#41 = CARTESIAN_POINT ( 'NONE',  ( 22.00000000000000000, -1.750000000000000000, 0.2500000000000000000 ) ) ;
#42 = CARTESIAN_POINT ( 'NONE',  ( -0.005000000000000000100, 0.2901762661115319700, 1.810514722201963700 ) ) ;
#43 = PLANE ( 'NONE',  #3120 ) ;
#44 = EDGE_LOOP ( 'NONE', ( #3, #1823, #2832, #1935, #277, #1331, #3396, #2113, #179, #3344, #3277, #3201, #2500, #2788, #1360, #1916, #1516 ) ) ;
#45 =( GEOMETRIC_REPRESENTATION_CONTEXT ( 3 ) GLOBAL_UNCERTAINTY_ASSIGNED_CONTEXT ( ( #955 ) ) GLOBAL_UNIT_ASSIGNED_CONTEXT ( ( #33, #1374, #2140 ) ) REPRESENTATION_CONTEXT ( 'NONE', 'WORKASPACE' ) );
#46 = AXIS2_PLACEMENT_3D ( 'NONE', #1236, #2901, #245 ) ;
#47 = COLOUR_RGB ( '',0.0000000000000000000, 0.0000000000000000000, 0.0000000000000000000 ) ;
#48 = SURFACE_STYLE_USAGE ( .BOTH. , #2691 ) ;
#49 = STYLED_ITEM ( 'NONE', ( #490 ), #3289 ) ;
#50 =( GEOMETRIC_REPRESENTATION_CONTEXT ( 3 ) GLOBAL_UNCERTAINTY_ASSIGNED_CONTEXT ( ( #2561 ) ) GLOBAL_UNIT_ASSIGNED_CONTEXT ( ( #2570, #2839, #3140 ) ) REPRESENTATION_CONTEXT ( 'NONE', 'WORKASPACE' ) );
#51 = DIRECTION ( 'NONE',  ( 1.000000000000000000, 0.0000000000000000000, 0.0000000000000000000 ) ) ;
#52 = SURFACE_STYLE_USAGE ( .BOTH. , #1611 ) ;
#53 = VERTEX_POINT ( 'NONE', #2030 ) ;
#54 = FILL_AREA_STYLE ('',( #20 ) ) ;
#55 = CARTESIAN_POINT ( 'NONE',  ( 22.00000000000000000, -1.750000000000000000, 0.0000000000000000000 ) ) ;
#56 = ORIENTED_EDGE ( 'NONE', *, *, #3236, .F. ) ;
#57 = ADVANCED_FACE ( 'NONE', ( #1593 ), #2298, .F. ) ;
#58 = EDGE_CURVE ( 'NONE', #23, #2994, #528, .T. ) ;
#59 = CARTESIAN_POINT ( 'NONE',  ( 22.00000000000000000, -1.750000000000000000, -0.2500000000000000000 ) ) ;
#60 = DIRECTION ( 'NONE',  ( 0.0000000000000000000, 0.9620200793799049700, 0.2729786930694068100 ) ) ;
#61 = LINE ( 'NONE', #2848, #2080 ) ;
#62 = EDGE_CURVE ( 'NONE', #1472, #842, #1356, .T. ) ;
#63 = FACE_OUTER_BOUND ( 'NONE', #2807, .T. ) ;
#64 = ORIENTED_EDGE ( 'NONE', *, *, #1929, .T. ) ;
#65 =( NAMED_UNIT ( * ) PLANE_ANGLE_UNIT ( ) SI_UNIT ( $, .RADIAN. ) );
#66 = MECHANICAL_DESIGN_GEOMETRIC_PRESENTATION_REPRESENTATION (  '', ( #3385 ), #2015 ) ;
#67 = FACE_OUTER_BOUND ( 'NONE', #740, .T. ) ;
#68 = CARTESIAN_POINT ( 'NONE',  ( -0.005000000000000000100, 0.3721009671810895400, 0.5051709197727064500 ) ) ;
#69 = ORIENTED_EDGE ( 'NONE', *, *, #2589, .F. ) ;
#70 = ORIENTED_EDGE ( 'NONE', *, *, #3193, .T. ) ;
#71 = VECTOR ( 'NONE', #1816, 1000.000000000000000 ) ;
#72 = MECHANICAL_DESIGN_GEOMETRIC_PRESENTATION_REPRESENTATION (  '', ( #2271 ), #251 ) ;
#73 = COLOUR_RGB ( '',0.0000000000000000000, 0.0000000000000000000, 0.0000000000000000000 ) ;
#74 = SURFACE_SIDE_STYLE ('',( #2899 ) ) ;
#75 = SURFACE_STYLE_USAGE ( .BOTH. , #2184 ) ;
#76 = CARTESIAN_POINT ( 'NONE',  ( 0.0000000000000000000, -0.4641000000000289900, -0.3777621434046455900 ) ) ;
#77 = ORIENTED_EDGE ( 'NONE', *, *, #40, .T. ) ;
#78 =( NAMED_UNIT ( * ) SI_UNIT ( $, .STERADIAN. ) SOLID_ANGLE_UNIT ( ) );
#79 = ORIENTED_EDGE ( 'NONE', *, *, #1328, .F. ) ;
#80 = EDGE_CURVE ( 'NONE', #999, #3327, #2507, .T. ) ;
#81 = FILL_AREA_STYLE_COLOUR ( '', #444 ) ;
#82 = FACE_OUTER_BOUND ( 'NONE', #3389, .T. ) ;
#83 = ORIENTED_EDGE ( 'NONE', *, *, #184, .T. ) ;
#84 =( NAMED_UNIT ( * ) PLANE_ANGLE_UNIT ( ) SI_UNIT ( $, .RADIAN. ) );
#85 =( LENGTH_UNIT ( ) NAMED_UNIT ( * ) SI_UNIT ( .MILLI., .METRE. ) );
#86 = MECHANICAL_DESIGN_GEOMETRIC_PRESENTATION_REPRESENTATION (  '', ( #1092 ), #798 ) ;
#87 = DIRECTION ( 'NONE',  ( -0.0000000000000000000, -0.9984327301130236900, -0.05596501978069704600 ) ) ;
#88 = LINE ( 'NONE', #1070, #2824 ) ;
#89 = CARTESIAN_POINT ( 'NONE',  ( 0.0000000000000000000, 0.4706612939571652700, -1.115800696540586400 ) ) ;
#90 = AXIS2_PLACEMENT_3D ( 'NONE', #1334, #1853, #2229 ) ;
#91 = PRESENTATION_LAYER_ASSIGNMENT (  '', '', ( #2357 ) ) ;
#92 = ADVANCED_FACE ( 'NONE', ( #2320 ), #161, .F. ) ;
#93 = FILL_AREA_STYLE_COLOUR ( '', #1812 ) ;
#94 = CARTESIAN_POINT ( 'NONE',  ( -0.005000000000000000100, -0.4641000000000287100, 0.06373707393421716700 ) ) ;
#95 = CARTESIAN_POINT ( 'NONE',  ( 0.0000000000000000000, -0.4641000000000286000, 0.5025787976740189200 ) ) ;
#96 = PRESENTATION_STYLE_ASSIGNMENT (( #2629 ) ) ;
#97 = VERTEX_POINT ( 'NONE', #2283 ) ;
#98 = DIRECTION ( 'NONE',  ( 0.0000000000000000000, 1.000000000000000000, 0.0000000000000000000 ) ) ;
#99 = CARTESIAN_POINT ( 'NONE',  ( -0.005000000000000000100, 0.2901559482957898300, 2.332659225181929100 ) ) ;
#100 = CARTESIAN_POINT ( 'NONE',  ( -0.005000000000000000100, -0.4641000000000288800, -2.122696638299635700 ) ) ;
#101 = FACE_OUTER_BOUND ( 'NONE', #2004, .T. ) ;
#102 = ORIENTED_EDGE ( 'NONE', *, *, #2259, .T. ) ;
#103 = CARTESIAN_POINT ( 'NONE',  ( -0.005000000000000000100, -0.4641000000000286000, 0.5025787976740189200 ) ) ;
#104 = VERTEX_POINT ( 'NONE', #505 ) ;
#105 = EDGE_CURVE ( 'NONE', #2624, #831, #3376, .T. ) ;
#106 = CARTESIAN_POINT ( 'NONE',  ( -0.005000000000000000100, -0.4641000000000286000, 0.6150746229693603300 ) ) ;
#107 = SURFACE_SIDE_STYLE ('',( #2072 ) ) ;
#108 = CARTESIAN_POINT ( 'NONE',  ( 0.0000000000000000000, -0.4641000000000288200, -1.773493452664154600 ) ) ;
#109 = VERTEX_POINT ( 'NONE', #2104 ) ;
#110 = EDGE_CURVE ( 'NONE', #1906, #2545, #2675, .T. ) ;
#111 =( NAMED_UNIT ( * ) SI_UNIT ( $, .STERADIAN. ) SOLID_ANGLE_UNIT ( ) );
#112 = COLOUR_RGB ( '',0.0000000000000000000, 0.0000000000000000000, 0.0000000000000000000 ) ;
#113 = CARTESIAN_POINT ( 'NONE',  ( -0.005000000000000000100, 0.4706612939571652700, -1.263084146543252100 ) ) ;
#114 = TOROIDAL_SURFACE ( 'NONE', #3199, 4.250000000000000000, 0.2187500000000001900 ) ;
#115 = AXIS2_PLACEMENT_3D ( 'NONE', #2262, #2044, #3101 ) ;
#116 = CARTESIAN_POINT ( 'NONE',  ( 0.0000000000000000000, 0.04345001279228703100, -1.977222312223316100 ) ) ;
#117 = SURFACE_STYLE_FILL_AREA ( #912 ) ;
#118 = SURFACE_STYLE_FILL_AREA ( #1488 ) ;
#119 = PRODUCT_DEFINITION_FORMATION_WITH_SPECIFIED_SOURCE ( 'ANY', '', #817, .NOT_KNOWN. ) ;
#120 = CARTESIAN_POINT ( 'NONE',  ( 7.000000000000000000, -1.750000000000000000, 0.0000000000000000000 ) ) ;
#121 = FILL_AREA_STYLE ('',( #1997 ) ) ;
#122 = COLOUR_RGB ( '',0.0000000000000000000, 0.0000000000000000000, 0.0000000000000000000 ) ;
#123 = VECTOR ( 'NONE', #571, 1000.000000000000000 ) ;
#124 = ORIENTED_EDGE ( 'NONE', *, *, #642, .F. ) ;
#125 = VECTOR ( 'NONE', #525, 1000.000000000000000 ) ;
#126 = SURFACE_STYLE_USAGE ( .BOTH. , #1705 ) ;
#127 = DIRECTION ( 'NONE',  ( 0.0000000000000000000, 0.0000000000000000000, -1.000000000000000000 ) ) ;
#128 = FILL_AREA_STYLE ('',( #2734 ) ) ;
#129 = EDGE_LOOP ( 'NONE', ( #3315, #2455, #1983, #3045 ) ) ;
#130 = PLANE ( 'NONE',  #2924 ) ;
#131 = EDGE_CURVE ( 'NONE', #2128, #97, #2018, .T. ) ;
#132 = SURFACE_STYLE_FILL_AREA ( #1918 ) ;
#133 = EDGE_CURVE ( 'NONE', #1292, #2288, #212, .T. ) ;
#134 = ORIENTED_EDGE ( 'NONE', *, *, #1072, .F. ) ;
#135 = CARTESIAN_POINT ( 'NONE',  ( 0.0000000000000000000, 0.2927030167103896200, 1.097976737910209200 ) ) ;
#136 = SURFACE_SIDE_STYLE ('',( #2652 ) ) ;
#137 = DIRECTION ( 'NONE',  ( 0.0000000000000000000, -1.087414869261074500E-013, 1.000000000000000000 ) ) ;
#138 = CARTESIAN_POINT ( 'NONE',  ( 0.0000000000000000000, 0.4706612939571652700, -0.3319935657280985200 ) ) ;
#139 = VERTEX_POINT ( 'NONE', #285 ) ;
#140 = CARTESIAN_POINT ( 'NONE',  ( 0.0000000000000000000, -0.08311769719428983800, -0.01128161535484577600 ) ) ;
#141 =( NAMED_UNIT ( * ) PLANE_ANGLE_UNIT ( ) SI_UNIT ( $, .RADIAN. ) );
#142 = STYLED_ITEM ( 'NONE', ( #1583 ), #650 ) ;
#143 = CARTESIAN_POINT ( 'NONE',  ( -0.005000000000000000100, -0.05393646921773419900, 0.9980834009764542000 ) ) ;
#144 = PRESENTATION_STYLE_ASSIGNMENT (( #1702 ) ) ;
#145 = DIRECTION ( 'NONE',  ( 1.000000000000000000, -0.0000000000000000000, -0.0000000000000000000 ) ) ;
#146 = MECHANICAL_DESIGN_GEOMETRIC_PRESENTATION_REPRESENTATION (  '', ( #374 ), #2790 ) ;
#147 = CIRCLE ( 'NONE', #996, 0.2500000000000000000 ) ;
#148 =( GEOMETRIC_REPRESENTATION_CONTEXT ( 3 ) GLOBAL_UNCERTAINTY_ASSIGNED_CONTEXT ( ( #2267 ) ) GLOBAL_UNIT_ASSIGNED_CONTEXT ( ( #2533, #1701, #165 ) ) REPRESENTATION_CONTEXT ( 'NONE', 'WORKASPACE' ) );
#149 = ORIENTED_EDGE ( 'NONE', *, *, #3117, .F. ) ;
#150 = FILL_AREA_STYLE ('',( #377 ) ) ;
#151 = DIRECTION ( 'NONE',  ( 0.0000000000000000000, 0.9619530280415594700, 0.2732148821745892200 ) ) ;
#152 = DIRECTION ( 'NONE',  ( -1.000000000000000000, -0.0000000000000000000, -0.0000000000000000000 ) ) ;
#153 = DIRECTION ( 'NONE',  ( 1.000000000000000000, 0.0000000000000000000, 0.0000000000000000000 ) ) ;
#154 = COLOUR_RGB ( '',0.8941176470588234600, 0.9137254901960784000, 0.9294117647058823800 ) ;
#155 = ORIENTED_EDGE ( 'NONE', *, *, #1280, .F. ) ;
#156 = FILL_AREA_STYLE_COLOUR ( '', #454 ) ;
#157 = CARTESIAN_POINT ( 'NONE',  ( 26.00000000000000000, 1.750000000000000000, 0.0000000000000000000 ) ) ;
#158 = UNCERTAINTY_MEASURE_WITH_UNIT (LENGTH_MEASURE( 1.000000000000000100E-005 ), #3288, 'distance_accuracy_value', 'NONE');
#159 = ADVANCED_FACE ( 'NONE', ( #2923 ), #1836, .T. ) ;
#160 = CARTESIAN_POINT ( 'NONE',  ( -0.005000000000000000100, 0.1188375638308398200, 1.448532829377931200 ) ) ;
#161 = PLANE ( 'NONE',  #2353 ) ;
#162 = ORIENTED_EDGE ( 'NONE', *, *, #3173, .F. ) ;
#163 = STYLED_ITEM ( 'NONE', ( #1048 ), #2151 ) ;
#164 = FILL_AREA_STYLE ('',( #1433 ) ) ;
#165 =( NAMED_UNIT ( * ) SI_UNIT ( $, .STERADIAN. ) SOLID_ANGLE_UNIT ( ) );
#166 = CARTESIAN_POINT ( 'NONE',  ( -0.005000000000000000100, -0.05393646921602023700, -1.001545525218872500 ) ) ;
#167 = LINE ( 'NONE', #3152, #2354 ) ;
#168 = CARTESIAN_POINT ( 'NONE',  ( 7.000000000000000000, -1.750000000000000000, 0.2500000000000000000 ) ) ;
#169 = DIRECTION ( 'NONE',  ( 1.000000000000000000, 0.0000000000000000000, 0.0000000000000000000 ) ) ;
#170 = SURFACE_STYLE_FILL_AREA ( #54 ) ;
#171 = CYLINDRICAL_SURFACE ( 'NONE', #1494, 0.2500000000000000000 ) ;
#172 = CARTESIAN_POINT ( 'NONE',  ( -0.005000000000000000100, -0.2862269899289315900, 0.9317682772827679000 ) ) ;
#173 = DIRECTION ( 'NONE',  ( 0.0000000000000000000, 0.9615825319869135700, 0.2745159998572695400 ) ) ;
#174 = COLOUR_RGB ( '',0.0000000000000000000, 0.0000000000000000000, 0.0000000000000000000 ) ;
#175 = VECTOR ( 'NONE', #1417, 1000.000000000000000 ) ;
#176 = VECTOR ( 'NONE', #1887, 1000.000000000000000 ) ;
#177 = ADVANCED_FACE ( 'NONE', ( #3126 ), #3411, .F. ) ;
#178 =( NAMED_UNIT ( * ) SI_UNIT ( $, .STERADIAN. ) SOLID_ANGLE_UNIT ( ) );
#179 = ORIENTED_EDGE ( 'NONE', *, *, #2406, .F. ) ;
#180 = UNCERTAINTY_MEASURE_WITH_UNIT (LENGTH_MEASURE( 1.000000000000000100E-005 ), #919, 'distance_accuracy_value', 'NONE');
#181 = CARTESIAN_POINT ( 'NONE',  ( -0.005000000000000000100, 0.4706612939571652700, -2.119865767362318000 ) ) ;
#182 = SURFACE_STYLE_USAGE ( .BOTH. , #2816 ) ;
#183 =( NAMED_UNIT ( * ) SI_UNIT ( $, .STERADIAN. ) SOLID_ANGLE_UNIT ( ) );
#184 = EDGE_CURVE ( 'NONE', #258, #2128, #2270, .T. ) ;
#185 = EDGE_CURVE ( 'NONE', #1472, #2624, #2800, .T. ) ;
#186 = PLANE ( 'NONE',  #1678 ) ;
#187 =( LENGTH_UNIT ( ) NAMED_UNIT ( * ) SI_UNIT ( .MILLI., .METRE. ) );
#188 = VECTOR ( 'NONE', #1689, 1000.000000000000000 ) ;
#189 = SURFACE_SIDE_STYLE ('',( #1003 ) ) ;
#190 = PRESENTATION_LAYER_ASSIGNMENT (  '', '', ( #1740 ) ) ;
#191 = CARTESIAN_POINT ( 'NONE',  ( -0.005000000000000000100, 0.04345001279229223500, -1.699458807457130600 ) ) ;
#192 = LINE ( 'NONE', #566, #591 ) ;
#193 = CARTESIAN_POINT ( 'NONE',  ( 7.000000000000000000, 1.750000000000000000, 0.2500000000000000000 ) ) ;
#194 =( NAMED_UNIT ( * ) SI_UNIT ( $, .STERADIAN. ) SOLID_ANGLE_UNIT ( ) );
#195 = STYLED_ITEM ( 'NONE', ( #2281 ), #2794 ) ;
#196 = ORIENTED_EDGE ( 'NONE', *, *, #2894, .T. ) ;
#197 =( LENGTH_UNIT ( ) NAMED_UNIT ( * ) SI_UNIT ( .MILLI., .METRE. ) );
#198 =( NAMED_UNIT ( * ) SI_UNIT ( $, .STERADIAN. ) SOLID_ANGLE_UNIT ( ) );
#199 = ORIENTED_EDGE ( 'NONE', *, *, #1576, .F. ) ;
#200 = UNCERTAINTY_MEASURE_WITH_UNIT (LENGTH_MEASURE( 1.000000000000000100E-005 ), #3069, 'distance_accuracy_value', 'NONE');
#201 =( LENGTH_UNIT ( ) NAMED_UNIT ( * ) SI_UNIT ( .MILLI., .METRE. ) );
#202 = DIRECTION ( 'NONE',  ( 1.000000000000000000, 0.0000000000000000000, 0.0000000000000000000 ) ) ;
#203 = LINE ( 'NONE', #15, #2351 ) ;
#204 = VERTEX_POINT ( 'NONE', #527 ) ;
#205 =( NAMED_UNIT ( * ) SI_UNIT ( $, .STERADIAN. ) SOLID_ANGLE_UNIT ( ) );
#206 = LINE ( 'NONE', #1371, #774 ) ;
#207 = LINE ( 'NONE', #1742, #1961 ) ;
#208 = EDGE_CURVE ( 'NONE', #2521, #109, #3049, .T. ) ;
#209 = COLOUR_RGB ( '',0.0000000000000000000, 0.0000000000000000000, 0.0000000000000000000 ) ;
#210 = DIRECTION ( 'NONE',  ( 0.0000000000000000000, -1.213189754119656300E-016, -1.000000000000000000 ) ) ;
#211 =( NAMED_UNIT ( * ) PLANE_ANGLE_UNIT ( ) SI_UNIT ( $, .RADIAN. ) );
#212 = LINE ( 'NONE', #3162, #3248 ) ;
#213 = MECHANICAL_DESIGN_GEOMETRIC_PRESENTATION_REPRESENTATION (  '', ( #1509 ), #2213 ) ;
#214 = ORIENTED_EDGE ( 'NONE', *, *, #1480, .F. ) ;
#215 = FACE_OUTER_BOUND ( 'NONE', #1575, .T. ) ;
#216 = CARTESIAN_POINT ( 'NONE',  ( 0.0000000000000000000, 0.0000000000000000000, 0.0000000000000000000 ) ) ;
#217 = VERTEX_POINT ( 'NONE', #1320 ) ;
#218 = PRESENTATION_LAYER_ASSIGNMENT (  '', '', ( #3107 ) ) ;
#219 =( NAMED_UNIT ( * ) PLANE_ANGLE_UNIT ( ) SI_UNIT ( $, .RADIAN. ) );
#220 = ORIENTED_EDGE ( 'NONE', *, *, #1711, .F. ) ;
#221 = ORIENTED_EDGE ( 'NONE', *, *, #2622, .F. ) ;
#222 = SURFACE_SIDE_STYLE ('',( #1207 ) ) ;
#223 = CARTESIAN_POINT ( 'NONE',  ( -0.005000000000000000100, 0.2927030167103896200, 1.097976737910209200 ) ) ;
#224 = EDGE_CURVE ( 'NONE', #495, #2279, #167, .T. ) ;
#225 = DIRECTION ( 'NONE',  ( 1.000000000000000000, 0.0000000000000000000, 0.0000000000000000000 ) ) ;
#226 = DIRECTION ( 'NONE',  ( 0.0000000000000000000, 0.9237839814038914000, -0.3829140317376404900 ) ) ;
#227 = EDGE_LOOP ( 'NONE', ( #1608, #2567, #2029, #2042 ) ) ;
#228 = STYLED_ITEM ( 'NONE', ( #1797 ), #2517 ) ;
#229 = DIRECTION ( 'NONE',  ( 0.0000000000000000000, 1.000000000000000000, 1.087414869261074600E-013 ) ) ;
#230 =( GEOMETRIC_REPRESENTATION_CONTEXT ( 3 ) GLOBAL_UNCERTAINTY_ASSIGNED_CONTEXT ( ( #2355 ) ) GLOBAL_UNIT_ASSIGNED_CONTEXT ( ( #2480, #1704, #2276 ) ) REPRESENTATION_CONTEXT ( 'NONE', 'WORKASPACE' ) );
#231 = EDGE_LOOP ( 'NONE', ( #272, #461, #214, #1295 ) ) ;
#232 = EDGE_LOOP ( 'NONE', ( #2739, #79, #2329, #2221 ) ) ;
#233 = PRESENTATION_LAYER_ASSIGNMENT (  '', '', ( #2597 ) ) ;
#234 = AXIS2_PLACEMENT_3D ( 'NONE', #2664, #2915, #524 ) ;
#235 = LINE ( 'NONE', #2207, #2956 ) ;
#236 = ORIENTED_EDGE ( 'NONE', *, *, #2133, .T. ) ;
#237 =( NAMED_UNIT ( * ) SI_UNIT ( $, .STERADIAN. ) SOLID_ANGLE_UNIT ( ) );
#238 = CARTESIAN_POINT ( 'NONE',  ( -0.005000000000000000100, -0.4641000000000293200, -1.384787367582604100 ) ) ;
#239 = ORIENTED_EDGE ( 'NONE', *, *, #2646, .T. ) ;
#240 = EDGE_CURVE ( 'NONE', #1635, #2698, #2886, .T. ) ;
#241 = VECTOR ( 'NONE', #2060, 1000.000000000000000 ) ;
#242 = EDGE_CURVE ( 'NONE', #495, #3064, #2963, .T. ) ;
#243 = LINE ( 'NONE', #1104, #1358 ) ;
#244 =( LENGTH_UNIT ( ) NAMED_UNIT ( * ) SI_UNIT ( .MILLI., .METRE. ) );
#245 = DIRECTION ( 'NONE',  ( 0.0000000000000000000, 0.0000000000000000000, 1.000000000000000000 ) ) ;
#246 = ORIENTED_EDGE ( 'NONE', *, *, #1713, .T. ) ;
#247 = PRESENTATION_LAYER_ASSIGNMENT (  '', '', ( #142 ) ) ;
#248 = UNCERTAINTY_MEASURE_WITH_UNIT (LENGTH_MEASURE( 1.000000000000000100E-005 ), #201, 'distance_accuracy_value', 'NONE');
#249 = ORIENTED_EDGE ( 'NONE', *, *, #2071, .T. ) ;
#250 = APPLICATION_PROTOCOL_DEFINITION ( 'draft international standard', 'automotive_design', 1998, #511 ) ;
#251 =( GEOMETRIC_REPRESENTATION_CONTEXT ( 3 ) GLOBAL_UNCERTAINTY_ASSIGNED_CONTEXT ( ( #1817 ) ) GLOBAL_UNIT_ASSIGNED_CONTEXT ( ( #1969, #1230, #1752 ) ) REPRESENTATION_CONTEXT ( 'NONE', 'WORKASPACE' ) );
#252 = COLOUR_RGB ( '',0.0000000000000000000, 0.0000000000000000000, 0.0000000000000000000 ) ;
#253 = PRESENTATION_STYLE_ASSIGNMENT (( #1140 ) ) ;
#254 = DIRECTION ( 'NONE',  ( 1.000000000000000000, 0.0000000000000000000, 0.0000000000000000000 ) ) ;
#255 = ORIENTED_EDGE ( 'NONE', *, *, #3307, .F. ) ;
#256 = LINE ( 'NONE', #959, #2196 ) ;
#257 = EDGE_CURVE ( 'NONE', #1972, #1777, #1481, .T. ) ;
#258 = VERTEX_POINT ( 'NONE', #2943 ) ;
#259 = DIRECTION ( 'NONE',  ( 0.0000000000000000000, 0.0000000000000000000, -1.000000000000000000 ) ) ;
#260 = FACE_OUTER_BOUND ( 'NONE', #2910, .T. ) ;
#261 = ORIENTED_EDGE ( 'NONE', *, *, #2367, .F. ) ;
#262 = DIRECTION ( 'NONE',  ( 0.0000000000000000000, -0.9610664548999086100, -0.2763173343569341200 ) ) ;
#263 = LINE ( 'NONE', #3144, #2619 ) ;
#264 = VERTEX_POINT ( 'NONE', #1101 ) ;
#265 = AXIS2_PLACEMENT_3D ( 'NONE', #716, #3061, #673 ) ;
#266 = MECHANICAL_DESIGN_GEOMETRIC_PRESENTATION_REPRESENTATION (  '', ( #866 ), #2528 ) ;
#267 = PLANE ( 'NONE',  #2612 ) ;
#268 = UNCERTAINTY_MEASURE_WITH_UNIT (LENGTH_MEASURE( 1.000000000000000100E-005 ), #2677, 'distance_accuracy_value', 'NONE');
#269 = FACE_OUTER_BOUND ( 'NONE', #232, .T. ) ;
#270 = ORIENTED_EDGE ( 'NONE', *, *, #3093, .T. ) ;
#271 = PRESENTATION_STYLE_ASSIGNMENT (( #2425 ) ) ;
#272 = ORIENTED_EDGE ( 'NONE', *, *, #526, .T. ) ;
#273 = DIRECTION ( 'NONE',  ( 0.0000000000000000000, 0.2755520632520628300, -0.9612861490927304700 ) ) ;
#274 = DIRECTION ( 'NONE',  ( 0.0000000000000000000, 0.9610674221107072800, 0.2763139702539114700 ) ) ;
#275 = FACE_OUTER_BOUND ( 'NONE', #387, .T. ) ;
#276 = PLANE ( 'NONE',  #1468 ) ;
#277 = ORIENTED_EDGE ( 'NONE', *, *, #3408, .F. ) ;
#278 = PRESENTATION_LAYER_ASSIGNMENT (  '', '', ( #2847 ) ) ;
#279 = LINE ( 'NONE', #2294, #2631 ) ;
#280 = CARTESIAN_POINT ( 'NONE',  ( 0.0000000000000000000, 5.082284216461516100E-016, 4.050000000000000700 ) ) ;
#281 = EDGE_CURVE ( 'NONE', #3327, #309, #206, .T. ) ;
#282 = VECTOR ( 'NONE', #1734, 1000.000000000000000 ) ;
#283 = DIRECTION ( 'NONE',  ( 0.0000000000000000000, 1.000000000000000000, -6.723885967566622100E-016 ) ) ;
#284 = EDGE_CURVE ( 'NONE', #2266, #3255, #2220, .T. ) ;
#285 = CARTESIAN_POINT ( 'NONE',  ( 0.0000000000000000000, -0.4641000000000286000, 0.6150746229693603300 ) ) ;
#286 = ADVANCED_FACE ( 'NONE', ( #2088 ), #1137, .T. ) ;
#287 = ORIENTED_EDGE ( 'NONE', *, *, #2133, .F. ) ;
#288 = VECTOR ( 'NONE', #2377, 1000.000000000000000 ) ;
#289 =( LENGTH_UNIT ( ) NAMED_UNIT ( * ) SI_UNIT ( .MILLI., .METRE. ) );
#290 =( NAMED_UNIT ( * ) SI_UNIT ( $, .STERADIAN. ) SOLID_ANGLE_UNIT ( ) );
#291 = UNCERTAINTY_MEASURE_WITH_UNIT (LENGTH_MEASURE( 1.000000000000000100E-005 ), #2829, 'distance_accuracy_value', 'NONE');
#292 = VERTEX_POINT ( 'NONE', #3197 ) ;
#293 = STYLED_ITEM ( 'NONE', ( #96 ), #1224 ) ;
#294 = COLOUR_RGB ( '',0.0000000000000000000, 0.0000000000000000000, 0.0000000000000000000 ) ;
#295 = APPLICATION_CONTEXT ( 'automotive_design' ) ;
#296 = LINE ( 'NONE', #3287, #326 ) ;
#297 = STYLED_ITEM ( 'NONE', ( #1154 ), #3308 ) ;
#298 = VERTEX_POINT ( 'NONE', #41 ) ;
#299 = DIRECTION ( 'NONE',  ( 0.0000000000000000000, 0.9615454294334483400, 0.2746459304916885100 ) ) ;
#300 = DIRECTION ( 'NONE',  ( 1.000000000000000000, -0.0000000000000000000, -0.0000000000000000000 ) ) ;
#301 = FILL_AREA_STYLE_COLOUR ( '', #2625 ) ;
#302 = CARTESIAN_POINT ( 'NONE',  ( 0.1999999999999996500, 0.0000000000000000000, 0.0000000000000000000 ) ) ;
#303 = EDGE_CURVE ( 'NONE', #2759, #2568, #649, .T. ) ;
#304 = EDGE_CURVE ( 'NONE', #3261, #1281, #2996, .T. ) ;
#305 = ORIENTED_EDGE ( 'NONE', *, *, #133, .T. ) ;
#306 = ORIENTED_EDGE ( 'NONE', *, *, #2109, .T. ) ;
#307 = DIRECTION ( 'NONE',  ( 1.000000000000000000, 0.0000000000000000000, 0.0000000000000000000 ) ) ;
#308 =( NAMED_UNIT ( * ) SI_UNIT ( $, .STERADIAN. ) SOLID_ANGLE_UNIT ( ) );
#309 = VERTEX_POINT ( 'NONE', #2962 ) ;
#310 = CARTESIAN_POINT ( 'NONE',  ( -0.005000000000000000100, 0.4706612939571654900, 0.3613496161570116700 ) ) ;
#311 = UNCERTAINTY_MEASURE_WITH_UNIT (LENGTH_MEASURE( 1.000000000000000100E-005 ), #1737, 'distance_accuracy_value', 'NONE');
#312 = MECHANICAL_DESIGN_GEOMETRIC_PRESENTATION_REPRESENTATION (  '', ( #1443 ), #2144 ) ;
#313 = CARTESIAN_POINT ( 'NONE',  ( -0.005000000000000000100, 0.4706612939571654900, -1.853707125018472200 ) ) ;
#314 = VERTEX_POINT ( 'NONE', #2447 ) ;
#315 =( NAMED_UNIT ( * ) SI_UNIT ( $, .STERADIAN. ) SOLID_ANGLE_UNIT ( ) );
#316 = ADVANCED_FACE ( 'NONE', ( #2313 ), #1872, .F. ) ;
#317 =( NAMED_UNIT ( * ) PLANE_ANGLE_UNIT ( ) SI_UNIT ( $, .RADIAN. ) );
#318 = PRESENTATION_LAYER_ASSIGNMENT (  '', '', ( #1291 ) ) ;
#319 = CARTESIAN_POINT ( 'NONE',  ( -0.005000000000000000100, -0.08311769719428983800, -0.01128161535484577600 ) ) ;
#320 = ORIENTED_EDGE ( 'NONE', *, *, #2607, .T. ) ;
#321 = COLOUR_RGB ( '',0.7921568627450980000, 0.8196078431372548800, 0.9333333333333333500 ) ;
#322 = ORIENTED_EDGE ( 'NONE', *, *, #586, .T. ) ;
#323 = CARTESIAN_POINT ( 'NONE',  ( 0.0000000000000000000, -0.05393646921602023700, -1.001545525218872500 ) ) ;
#324 =( GEOMETRIC_REPRESENTATION_CONTEXT ( 3 ) GLOBAL_UNCERTAINTY_ASSIGNED_CONTEXT ( ( #3070 ) ) GLOBAL_UNIT_ASSIGNED_CONTEXT ( ( #1975, #2269, #3047 ) ) REPRESENTATION_CONTEXT ( 'NONE', 'WORKASPACE' ) );
#325 = UNCERTAINTY_MEASURE_WITH_UNIT (LENGTH_MEASURE( 1.000000000000000100E-005 ), #1394, 'distance_accuracy_value', 'NONE');
#326 = VECTOR ( 'NONE', #643, 1000.000000000000000 ) ;
#327 = FACE_BOUND ( 'NONE', #2998, .T. ) ;
#328 = ORIENTED_EDGE ( 'NONE', *, *, #240, .F. ) ;
#329 = ADVANCED_FACE ( 'NONE', ( #275 ), #2973, .F. ) ;
#330 = PLANE ( 'NONE',  #2338 ) ;
#331 =( GEOMETRIC_REPRESENTATION_CONTEXT ( 3 ) GLOBAL_UNCERTAINTY_ASSIGNED_CONTEXT ( ( #248 ) ) GLOBAL_UNIT_ASSIGNED_CONTEXT ( ( #201, #2339, #2078 ) ) REPRESENTATION_CONTEXT ( 'NONE', 'WORKASPACE' ) );
#332 = FACE_OUTER_BOUND ( 'NONE', #1397, .T. ) ;
#333 = FILL_AREA_STYLE_COLOUR ( '', #2809 ) ;
#334 = DIRECTION ( 'NONE',  ( -1.000000000000000000, -0.0000000000000000000, -0.0000000000000000000 ) ) ;
#335 = ORIENTED_EDGE ( 'NONE', *, *, #1310, .F. ) ;
#336 = DIRECTION ( 'NONE',  ( 0.0000000000000000000, 0.0000000000000000000, -1.000000000000000000 ) ) ;
#337 = EDGE_CURVE ( 'NONE', #2765, #1292, #1921, .T. ) ;
#338 = PLANE ( 'NONE',  #2219 ) ;
#339 = FILL_AREA_STYLE_COLOUR ( '', #1478 ) ;
#340 = VECTOR ( 'NONE', #1546, 1000.000000000000000 ) ;
#341 = EDGE_CURVE ( 'NONE', #2366, #495, #1251, .T. ) ;
#342 =( LENGTH_UNIT ( ) NAMED_UNIT ( * ) SI_UNIT ( .MILLI., .METRE. ) );
#343 =( NAMED_UNIT ( * ) PLANE_ANGLE_UNIT ( ) SI_UNIT ( $, .RADIAN. ) );
#344 = ADVANCED_FACE ( 'NONE', ( #2797 ), #619, .F. ) ;
#345 = DIRECTION ( 'NONE',  ( -0.0000000000000000000, -0.9610029908221280300, -0.2765379750249951600 ) ) ;
#346 = ORIENTED_EDGE ( 'NONE', *, *, #717, .T. ) ;
#347 = STYLED_ITEM ( 'NONE', ( #2516 ), #2937 ) ;
#348 = FILL_AREA_STYLE_COLOUR ( '', #1018 ) ;
#349 = STYLED_ITEM ( 'NONE', ( #370 ), #1917 ) ;
#350 = DIRECTION ( 'NONE',  ( 1.000000000000000000, 0.0000000000000000000, 0.0000000000000000000 ) ) ;
#351 = PRESENTATION_STYLE_ASSIGNMENT (( #2801 ) ) ;
#352 = CARTESIAN_POINT ( 'NONE',  ( 6.326249999999999900, 0.0000000000000000000, 4.250000000000000000 ) ) ;
#353 = SURFACE_STYLE_USAGE ( .BOTH. , #2445 ) ;
#354 = DIRECTION ( 'NONE',  ( 0.0000000000000000000, 1.000000000000000000, 0.0000000000000000000 ) ) ;
#355 = ORIENTED_EDGE ( 'NONE', *, *, #2712, .T. ) ;
#356 = PRESENTATION_STYLE_ASSIGNMENT (( #2410 ) ) ;
#357 = DIRECTION ( 'NONE',  ( 0.0000000000000000000, 0.9617234872620589200, 0.2740217765954088300 ) ) ;
#358 = VERTEX_POINT ( 'NONE', #3269 ) ;
#359 = ADVANCED_FACE ( 'NONE', ( #1157 ), #399, .F. ) ;
#360 = EDGE_CURVE ( 'NONE', #2568, #2658, #856, .T. ) ;
#361 =( NAMED_UNIT ( * ) PLANE_ANGLE_UNIT ( ) SI_UNIT ( $, .RADIAN. ) );
#362 = FILL_AREA_STYLE ('',( #93 ) ) ;
#363 =( NAMED_UNIT ( * ) SI_UNIT ( $, .STERADIAN. ) SOLID_ANGLE_UNIT ( ) );
#364 = EDGE_LOOP ( 'NONE', ( #2444, #2472, #1712, #986 ) ) ;
#365 = VECTOR ( 'NONE', #1687, 1000.000000000000100 ) ;
#366 = LINE ( 'NONE', #2805, #1601 ) ;
#367 = SURFACE_STYLE_USAGE ( .BOTH. , #1186 ) ;
#368 = STYLED_ITEM ( 'NONE', ( #1115 ), #92 ) ;
#369 = DIRECTION ( 'NONE',  ( 0.0000000000000000000, -0.8958676361827027100, -0.4443210308329064200 ) ) ;
#370 = PRESENTATION_STYLE_ASSIGNMENT (( #367 ) ) ;
#371 = ORIENTED_EDGE ( 'NONE', *, *, #635, .F. ) ;
#372 = FILL_AREA_STYLE ('',( #597 ) ) ;
#373 = COLOUR_RGB ( '',0.0000000000000000000, 0.0000000000000000000, 0.0000000000000000000 ) ;
#374 = STYLED_ITEM ( 'NONE', ( #496 ), #2789 ) ;
#375 = AXIS2_PLACEMENT_3D ( 'NONE', #3274, #1930, #1674 ) ;
#376 = VECTOR ( 'NONE', #152, 1000.000000000000000 ) ;
#377 = FILL_AREA_STYLE_COLOUR ( '', #1846 ) ;
#378 = DIRECTION ( 'NONE',  ( 1.000000000000000000, -0.0000000000000000000, -0.0000000000000000000 ) ) ;
#379 = SURFACE_SIDE_STYLE ('',( #1691 ) ) ;
#380 = DIRECTION ( 'NONE',  ( 0.0000000000000000000, -0.05596501978069705300, 0.9984327301130238000 ) ) ;
#381 = LINE ( 'NONE', #1434, #1464 ) ;
#382 = ORIENTED_EDGE ( 'NONE', *, *, #982, .T. ) ;
#383 =( NAMED_UNIT ( * ) PLANE_ANGLE_UNIT ( ) SI_UNIT ( $, .RADIAN. ) );
#384 = CARTESIAN_POINT ( 'NONE',  ( -0.005000000000000000100, 0.2927342813417931900, -0.9016521882828797400 ) ) ;
#385 = ADVANCED_FACE ( 'NONE', ( #1669 ), #2726, .F. ) ;
#386 = FACE_OUTER_BOUND ( 'NONE', #1807, .T. ) ;
#387 = EDGE_LOOP ( 'NONE', ( #3299, #616, #1004, #940 ) ) ;
#388 = STYLED_ITEM ( 'NONE', ( #2634 ), #2383 ) ;
#389 = FACE_OUTER_BOUND ( 'NONE', #1444, .T. ) ;
#390 = EDGE_LOOP ( 'NONE', ( #2087, #261, #1566, #3130 ) ) ;
#391 =( NAMED_UNIT ( * ) SI_UNIT ( $, .STERADIAN. ) SOLID_ANGLE_UNIT ( ) );
#392 =( NAMED_UNIT ( * ) PLANE_ANGLE_UNIT ( ) SI_UNIT ( $, .RADIAN. ) );
#393 = CARTESIAN_POINT ( 'NONE',  ( -0.005000000000000000100, -0.4641000000000283800, 1.593651875561089100 ) ) ;
#394 = PRESENTATION_STYLE_ASSIGNMENT (( #1508 ) ) ;
#395 = ORIENTED_EDGE ( 'NONE', *, *, #281, .T. ) ;
#396 = EDGE_CURVE ( 'NONE', #1110, #767, #746, .T. ) ;
#397 = DIRECTION ( 'NONE',  ( 0.0000000000000000000, 0.0000000000000000000, -1.000000000000000000 ) ) ;
#398 = SURFACE_SIDE_STYLE ('',( #1159 ) ) ;
#399 = PLANE ( 'NONE',  #2676 ) ;
#400 = UNCERTAINTY_MEASURE_WITH_UNIT (LENGTH_MEASURE( 1.000000000000000100E-005 ), #1680, 'distance_accuracy_value', 'NONE');
#401 = VERTEX_POINT ( 'NONE', #935 ) ;
#402 =( GEOMETRIC_REPRESENTATION_CONTEXT ( 3 ) GLOBAL_UNCERTAINTY_ASSIGNED_CONTEXT ( ( #2580 ) ) GLOBAL_UNIT_ASSIGNED_CONTEXT ( ( #2419, #2401, #822 ) ) REPRESENTATION_CONTEXT ( 'NONE', 'WORKASPACE' ) );
#403 =( GEOMETRIC_REPRESENTATION_CONTEXT ( 3 ) GLOBAL_UNCERTAINTY_ASSIGNED_CONTEXT ( ( #708 ) ) GLOBAL_UNIT_ASSIGNED_CONTEXT ( ( #2601, #2882, #1572 ) ) REPRESENTATION_CONTEXT ( 'NONE', 'WORKASPACE' ) );
#404 = PLANE ( 'NONE',  #3388 ) ;
#405 = CARTESIAN_POINT ( 'NONE',  ( -0.005000000000000000100, -0.05393646921773419900, 1.399174504413717800 ) ) ;
#406 =( NAMED_UNIT ( * ) SI_UNIT ( $, .STERADIAN. ) SOLID_ANGLE_UNIT ( ) );
#407 = CARTESIAN_POINT ( 'NONE',  ( -0.005000000000000000100, 0.4706612939571652700, -1.570705373510844000 ) ) ;
#408 = DIRECTION ( 'NONE',  ( 1.000000000000000000, 0.0000000000000000000, 0.0000000000000000000 ) ) ;
#409 = LINE ( 'NONE', #42, #2757 ) ;
#410 = COLOUR_RGB ( '',0.0000000000000000000, 0.0000000000000000000, 0.0000000000000000000 ) ;
#411 = PLANE ( 'NONE',  #943 ) ;
#412 = DIRECTION ( 'NONE',  ( 0.0000000000000000000, -1.903994955167361300E-016, -1.000000000000000000 ) ) ;
#413 = ORIENTED_EDGE ( 'NONE', *, *, #2779, .T. ) ;
#414 = PRESENTATION_STYLE_ASSIGNMENT (( #3077 ) ) ;
#415 = DIRECTION ( 'NONE',  ( 0.0000000000000000000, 0.0000000000000000000, 1.000000000000000000 ) ) ;
#416 = EDGE_CURVE ( 'NONE', #1405, #2680, #1834, .T. ) ;
#417 = PRESENTATION_STYLE_ASSIGNMENT (( #3004 ) ) ;
#418 = PRESENTATION_STYLE_ASSIGNMENT (( #938 ) ) ;
#419 = EDGE_CURVE ( 'NONE', #2642, #2526, #2129, .T. ) ;
#420 = CARTESIAN_POINT ( 'NONE',  ( -0.005000000000000000100, -0.05393646921773419900, 1.399174504413717800 ) ) ;
#421 = CARTESIAN_POINT ( 'NONE',  ( -0.005000000000000000100, -0.4641000000000284300, 1.321314205319506200 ) ) ;
#422 = UNCERTAINTY_MEASURE_WITH_UNIT (LENGTH_MEASURE( 1.000000000000000100E-005 ), #1473, 'distance_accuracy_value', 'NONE');
#423 = CARTESIAN_POINT ( 'NONE',  ( 0.0000000000000000000, -0.05393646921602029300, -0.6003918925204553300 ) ) ;
#424 = CARTESIAN_POINT ( 'NONE',  ( -0.005000000000000000100, -0.4641000000000288200, -1.773493452664154600 ) ) ;
#425 = ADVANCED_FACE ( 'NONE', ( #487 ), #1414, .F. ) ;
#426 = VECTOR ( 'NONE', #3338, 1000.000000000000000 ) ;
#427 = FILL_AREA_STYLE_COLOUR ( '', #965 ) ;
#428 =( LENGTH_UNIT ( ) NAMED_UNIT ( * ) SI_UNIT ( .MILLI., .METRE. ) );
#429 = AXIS2_PLACEMENT_3D ( 'NONE', #2026, #1477, #2815 ) ;
#430 = PRESENTATION_STYLE_ASSIGNMENT (( #1194 ) ) ;
#431 =( GEOMETRIC_REPRESENTATION_CONTEXT ( 3 ) GLOBAL_UNCERTAINTY_ASSIGNED_CONTEXT ( ( #311 ) ) GLOBAL_UNIT_ASSIGNED_CONTEXT ( ( #1737, #2009, #2488 ) ) REPRESENTATION_CONTEXT ( 'NONE', 'WORKASPACE' ) );
#432 = ORIENTED_EDGE ( 'NONE', *, *, #2467, .F. ) ;
#433 = FILL_AREA_STYLE_COLOUR ( '', #410 ) ;
#434 = FILL_AREA_STYLE_COLOUR ( '', #3314 ) ;
#435 =( NAMED_UNIT ( * ) SI_UNIT ( $, .STERADIAN. ) SOLID_ANGLE_UNIT ( ) );
#436 = PRESENTATION_STYLE_ASSIGNMENT (( #2141 ) ) ;
#437 = VERTEX_POINT ( 'NONE', #100 ) ;
#438 =( LENGTH_UNIT ( ) NAMED_UNIT ( * ) SI_UNIT ( .MILLI., .METRE. ) );
#439 =( NAMED_UNIT ( * ) SI_UNIT ( $, .STERADIAN. ) SOLID_ANGLE_UNIT ( ) );
#440 = DIRECTION ( 'NONE',  ( 0.0000000000000000000, 0.0000000000000000000, -1.000000000000000000 ) ) ;
#441 = ORIENTED_EDGE ( 'NONE', *, *, #466, .T. ) ;
#442 = EDGE_CURVE ( 'NONE', #648, #2165, #899, .T. ) ;
#443 = UNCERTAINTY_MEASURE_WITH_UNIT (LENGTH_MEASURE( 1.000000000000000100E-005 ), #3100, 'distance_accuracy_value', 'NONE');
#444 = COLOUR_RGB ( '',0.0000000000000000000, 0.0000000000000000000, 0.0000000000000000000 ) ;
#445 = VERTEX_POINT ( 'NONE', #2830 ) ;
#446 = DIRECTION ( 'NONE',  ( -1.000000000000000000, -0.0000000000000000000, -0.0000000000000000000 ) ) ;
#447 = DIRECTION ( 'NONE',  ( 0.0000000000000000000, 0.0000000000000000000, 1.000000000000000000 ) ) ;
#448 =( NAMED_UNIT ( * ) SI_UNIT ( $, .STERADIAN. ) SOLID_ANGLE_UNIT ( ) );
#449 = COLOUR_RGB ( '',0.8980392156862745400, 0.9215686274509803400, 0.9294117647058823800 ) ;
#450 = AXIS2_PLACEMENT_3D ( 'NONE', #9, #773, #2092 ) ;
#451 = UNCERTAINTY_MEASURE_WITH_UNIT (LENGTH_MEASURE( 1.000000000000000100E-005 ), #2136, 'distance_accuracy_value', 'NONE');
#452 = VECTOR ( 'NONE', #3407, 1000.000000000000000 ) ;
#453 = DIRECTION ( 'NONE',  ( 1.000000000000000000, 0.0000000000000000000, 0.0000000000000000000 ) ) ;
#454 = COLOUR_RGB ( '',0.0000000000000000000, 0.0000000000000000000, 0.0000000000000000000 ) ;
#455 =( GEOMETRIC_REPRESENTATION_CONTEXT ( 3 ) GLOBAL_UNCERTAINTY_ASSIGNED_CONTEXT ( ( #1977 ) ) GLOBAL_UNIT_ASSIGNED_CONTEXT ( ( #2711, #603, #2195 ) ) REPRESENTATION_CONTEXT ( 'NONE', 'WORKASPACE' ) );
#456 = SURFACE_SIDE_STYLE ('',( #1083 ) ) ;
#457 = LINE ( 'NONE', #3321, #282 ) ;
#458 = DIRECTION ( 'NONE',  ( 0.0000000000000000000, -1.903994955167360800E-016, -1.000000000000000000 ) ) ;
#459 = CARTESIAN_POINT ( 'NONE',  ( 0.0000000000000000000, 0.1188688284627371100, -0.5510335675551548700 ) ) ;
#460 = ORIENTED_EDGE ( 'NONE', *, *, #1283, .T. ) ;
#461 = ORIENTED_EDGE ( 'NONE', *, *, #717, .F. ) ;
#462 = PLANE ( 'NONE',  #3181 ) ;
#463 = VECTOR ( 'NONE', #2768, 1000.000000000000000 ) ;
#464 = AXIS2_PLACEMENT_3D ( 'NONE', #927, #3010, #904 ) ;
#465 = DIRECTION ( 'NONE',  ( 1.000000000000000000, 0.0000000000000000000, 0.0000000000000000000 ) ) ;
#466 = EDGE_CURVE ( 'NONE', #1032, #1948, #1479, .T. ) ;
#467 = UNCERTAINTY_MEASURE_WITH_UNIT (LENGTH_MEASURE( 1.000000000000000100E-005 ), #832, 'distance_accuracy_value', 'NONE');
#468 = EDGE_CURVE ( 'NONE', #2366, #1271, #610, .T. ) ;
#469 = FACE_OUTER_BOUND ( 'NONE', #1021, .T. ) ;
#470 =( NAMED_UNIT ( * ) PLANE_ANGLE_UNIT ( ) SI_UNIT ( $, .RADIAN. ) );
#471 = SURFACE_STYLE_FILL_AREA ( #3039 ) ;
#472 = AXIS2_PLACEMENT_3D ( 'NONE', #1626, #530, #1073 ) ;
#473 = VECTOR ( 'NONE', #2742, 1000.000000000000000 ) ;
#474 = PRODUCT_RELATED_PRODUCT_CATEGORY ( 'part', '', ( #817 ) ) ;
#475 =( GEOMETRIC_REPRESENTATION_CONTEXT ( 3 ) GLOBAL_UNCERTAINTY_ASSIGNED_CONTEXT ( ( #2049 ) ) GLOBAL_UNIT_ASSIGNED_CONTEXT ( ( #2235, #2746, #2226 ) ) REPRESENTATION_CONTEXT ( 'NONE', 'WORKASPACE' ) );
#476 = COLOUR_RGB ( '',0.0000000000000000000, 0.0000000000000000000, 0.0000000000000000000 ) ;
#477 = ORIENTED_EDGE ( 'NONE', *, *, #2540, .F. ) ;
#478 = CARTESIAN_POINT ( 'NONE',  ( 6.326249999999999900, 0.0000000000000000000, 0.0000000000000000000 ) ) ;
#479 = DIRECTION ( 'NONE',  ( 0.0000000000000000000, 3.146308679943554500E-016, 1.000000000000000000 ) ) ;
#480 = ORIENTED_EDGE ( 'NONE', *, *, #2256, .F. ) ;
#481 = CARTESIAN_POINT ( 'NONE',  ( -0.005000000000000000100, 0.4706612939571654900, 0.8839447622066248800 ) ) ;
#482 = VECTOR ( 'NONE', #2223, 999.9999999999998900 ) ;
#483 = EDGE_LOOP ( 'NONE', ( #1071, #1192, #660, #1512 ) ) ;
#484 = CIRCLE ( 'NONE', #3009, 0.2500000000000000000 ) ;
#485 = VECTOR ( 'NONE', #3318, 1000.000000000000000 ) ;
#486 = EDGE_CURVE ( 'NONE', #1908, #2845, #2011, .T. ) ;
#487 = FACE_OUTER_BOUND ( 'NONE', #2841, .T. ) ;
#488 = CARTESIAN_POINT ( 'NONE',  ( -0.005000000000000000100, 0.04345001279228703100, -1.977222312223316100 ) ) ;
#489 = SURFACE_SIDE_STYLE ('',( #1099 ) ) ;
#490 = PRESENTATION_STYLE_ASSIGNMENT (( #724 ) ) ;
#491 = MECHANICAL_DESIGN_GEOMETRIC_PRESENTATION_REPRESENTATION (  '', ( #1074 ), #2546 ) ;
#492 = CARTESIAN_POINT ( 'NONE',  ( 7.000000000000000000, 0.0000000000000000000, 0.0000000000000000000 ) ) ;
#493 = PRESENTATION_LAYER_ASSIGNMENT (  '', '', ( #3035 ) ) ;
#494 = ORIENTED_EDGE ( 'NONE', *, *, #1578, .F. ) ;
#495 = VERTEX_POINT ( 'NONE', #424 ) ;
#496 = PRESENTATION_STYLE_ASSIGNMENT (( #2332 ) ) ;
#497 = DIRECTION ( 'NONE',  ( 0.0000000000000000000, 0.9612934544747654400, 0.2755265765474755900 ) ) ;
#498 = DIRECTION ( 'NONE',  ( 1.000000000000000000, 0.0000000000000000000, 0.0000000000000000000 ) ) ;
#499 = FACE_OUTER_BOUND ( 'NONE', #1868, .T. ) ;
#500 = VERTEX_POINT ( 'NONE', #976 ) ;
#501 = EDGE_CURVE ( 'NONE', #1774, #292, #207, .T. ) ;
#502 = DIRECTION ( 'NONE',  ( -1.000000000000000000, -0.0000000000000000000, -0.0000000000000000000 ) ) ;
#503 = COLOUR_RGB ( '',0.0000000000000000000, 0.0000000000000000000, 0.0000000000000000000 ) ;
#504 = MECHANICAL_DESIGN_GEOMETRIC_PRESENTATION_REPRESENTATION (  '', ( #1232 ), #3113 ) ;
#505 = CARTESIAN_POINT ( 'NONE',  ( 0.0000000000000000000, 0.4706612939571652700, -2.119865767362318000 ) ) ;
#506 = MECHANICAL_DESIGN_GEOMETRIC_PRESENTATION_REPRESENTATION (  '', ( #1161 ), #1439 ) ;
#507 = SURFACE_STYLE_USAGE ( .BOTH. , #2085 ) ;
#508 =( LENGTH_UNIT ( ) NAMED_UNIT ( * ) SI_UNIT ( .MILLI., .METRE. ) );
#509 = MECHANICAL_DESIGN_GEOMETRIC_PRESENTATION_REPRESENTATION (  '', ( #761 ), #936 ) ;
#510 = SURFACE_STYLE_FILL_AREA ( #1304 ) ;
#511 = APPLICATION_CONTEXT ( 'automotive_design' ) ;
#512 = AXIS2_PLACEMENT_3D ( 'NONE', #735, #1002, #2292 ) ;
#513 = ORIENTED_EDGE ( 'NONE', *, *, #1353, .F. ) ;
#515 = CARTESIAN_POINT ( 'NONE',  ( -0.005000000000000000100, 0.4706612939571654900, 0.7713295621164777400 ) ) ;
#514 = MECHANICAL_DESIGN_GEOMETRIC_PRESENTATION_REPRESENTATION (  '', ( #2597 ), #1401 ) ;
#516 = ORIENTED_EDGE ( 'NONE', *, *, #1505, .T. ) ;
#517 = DIRECTION ( 'NONE',  ( 0.0000000000000000000, 0.0000000000000000000, -1.000000000000000000 ) ) ;
#518 = CARTESIAN_POINT ( 'NONE',  ( 0.0000000000000000000, -0.2862269899289315900, 0.9317682772827679000 ) ) ;
#519 = ORIENTED_EDGE ( 'NONE', *, *, #2234, .T. ) ;
#520 = CARTESIAN_POINT ( 'NONE',  ( 7.000000000000000000, 1.750000000000000000, 0.0000000000000000000 ) ) ;
#521 = FILL_AREA_STYLE ('',( #1607 ) ) ;
#522 = UNCERTAINTY_MEASURE_WITH_UNIT (LENGTH_MEASURE( 1.000000000000000100E-005 ), #555, 'distance_accuracy_value', 'NONE');
#523 = EDGE_CURVE ( 'NONE', #1948, #1233, #775, .T. ) ;
#524 = DIRECTION ( 'NONE',  ( 0.0000000000000000000, 0.0000000000000000000, -1.000000000000000000 ) ) ;
#525 = DIRECTION ( 'NONE',  ( 0.0000000000000000000, -2.088488394260788100E-016, -1.000000000000000000 ) ) ;
#526 = EDGE_CURVE ( 'NONE', #762, #1419, #2844, .T. ) ;
#527 = CARTESIAN_POINT ( 'NONE',  ( 0.0000000000000000000, -0.4641000000000293200, -1.384787367582604100 ) ) ;
#528 = CIRCLE ( 'NONE', #1666, 4.250000000000000000 ) ;
#529 = PLANE ( 'NONE',  #924 ) ;
#530 = DIRECTION ( 'NONE',  ( 0.0000000000000000000, 0.2762437428917142700, -0.9610876102172873900 ) ) ;
#531 = ORIENTED_EDGE ( 'NONE', *, *, #2205, .T. ) ;
#532 = VECTOR ( 'NONE', #645, 1000.000000000000100 ) ;
#533 =( GEOMETRIC_REPRESENTATION_CONTEXT ( 3 ) GLOBAL_UNCERTAINTY_ASSIGNED_CONTEXT ( ( #2603 ) ) GLOBAL_UNIT_ASSIGNED_CONTEXT ( ( #2927, #2374, #805 ) ) REPRESENTATION_CONTEXT ( 'NONE', 'WORKASPACE' ) );
#534 = EDGE_LOOP ( 'NONE', ( #2358, #2006, #1285, #1146, #2137, #2552, #743, #994, #2868, #751, #270 ) ) ;
#535 = FILL_AREA_STYLE_COLOUR ( '', #24 ) ;
#536 = STYLED_ITEM ( 'NONE', ( #2600 ), #3058 ) ;
#537 =( GEOMETRIC_REPRESENTATION_CONTEXT ( 3 ) GLOBAL_UNCERTAINTY_ASSIGNED_CONTEXT ( ( #1933 ) ) GLOBAL_UNIT_ASSIGNED_CONTEXT ( ( #882, #383, #1664 ) ) REPRESENTATION_CONTEXT ( 'NONE', 'WORKASPACE' ) );
#538 = EDGE_LOOP ( 'NONE', ( #2371, #220, #2211, #989 ) ) ;
#539 = VECTOR ( 'NONE', #1459, 1000.000000000000000 ) ;
#540 = COLOUR_RGB ( '',0.0000000000000000000, 0.0000000000000000000, 0.0000000000000000000 ) ;
#541 = CARTESIAN_POINT ( 'NONE',  ( 0.0000000000000000000, -0.08311769719428983800, -0.01128161535484577600 ) ) ;
#542 = CARTESIAN_POINT ( 'NONE',  ( 6.107499999999999900, 5.204748896376250700E-016, 4.250000000000000000 ) ) ;
#543 = EDGE_LOOP ( 'NONE', ( #2620, #2724 ) ) ;
#544 =( NAMED_UNIT ( * ) PLANE_ANGLE_UNIT ( ) SI_UNIT ( $, .RADIAN. ) );
#545 = ORIENTED_EDGE ( 'NONE', *, *, #2562, .T. ) ;
#546 = ADVANCED_FACE ( 'NONE', ( #3281 ), #3044, .T. ) ;
#547 = SURFACE_SIDE_STYLE ('',( #998 ) ) ;
#548 = EDGE_CURVE ( 'NONE', #2204, #1318, #2708, .T. ) ;
#549 = FILL_AREA_STYLE_COLOUR ( '', #1215 ) ;
#550 = FILL_AREA_STYLE ('',( #1851 ) ) ;
#551 = LINE ( 'NONE', #116, #840 ) ;
#552 = EDGE_LOOP ( 'NONE', ( #37, #1899, #2662, #1008 ) ) ;
#553 = PRESENTATION_LAYER_ASSIGNMENT (  '', '', ( #1960 ) ) ;
#554 = SURFACE_STYLE_USAGE ( .BOTH. , #2127 ) ;
#555 =( LENGTH_UNIT ( ) NAMED_UNIT ( * ) SI_UNIT ( .MILLI., .METRE. ) );
#556 = LINE ( 'NONE', #3374, #983 ) ;
#557 = PRESENTATION_LAYER_ASSIGNMENT (  '', '', ( #802 ) ) ;
#558 = MECHANICAL_DESIGN_GEOMETRIC_PRESENTATION_REPRESENTATION (  '', ( #3107 ), #747 ) ;
#559 = CARTESIAN_POINT ( 'NONE',  ( -0.005000000000000000100, -0.4641000000000286000, 0.6150746229693603300 ) ) ;
#560 = ORIENTED_EDGE ( 'NONE', *, *, #2007, .T. ) ;
#561 = FILL_AREA_STYLE_COLOUR ( '', #47 ) ;
#562 = ORIENTED_EDGE ( 'NONE', *, *, #2978, .T. ) ;
#563 = CARTESIAN_POINT ( 'NONE',  ( 0.0000000000000000000, -0.2862610967964894200, -1.067741274870060300 ) ) ;
#564 = ADVANCED_FACE ( 'NONE', ( #2089 ), #114, .F. ) ;
#565 = UNCERTAINTY_MEASURE_WITH_UNIT (LENGTH_MEASURE( 1.000000000000000100E-005 ), #2110, 'distance_accuracy_value', 'NONE');
#566 = CARTESIAN_POINT ( 'NONE',  ( 0.0000000000000000000, 0.2927342813417931900, -0.9016521882828797400 ) ) ;
#567 = STYLED_ITEM ( 'NONE', ( #1883 ), #2399 ) ;
#568 = LINE ( 'NONE', #1116, #2599 ) ;
#569 = VECTOR ( 'NONE', #1588, 1000.000000000000200 ) ;
#570 = CARTESIAN_POINT ( 'NONE',  ( 0.0000000000000000000, 0.2927342813417934100, -0.4757653905587055400 ) ) ;
#571 = DIRECTION ( 'NONE',  ( -1.000000000000000000, -0.0000000000000000000, -0.0000000000000000000 ) ) ;
#572 = EDGE_CURVE ( 'NONE', #1470, #2180, #1288, .T. ) ;
#573 = DIRECTION ( 'NONE',  ( 0.0000000000000000000, 0.2732148821745892200, -0.9619530280415594700 ) ) ;
#574 = ORIENTED_EDGE ( 'NONE', *, *, #2648, .F. ) ;
#575 = COLOUR_RGB ( '',0.0000000000000000000, 0.0000000000000000000, 0.0000000000000000000 ) ;
#576 = CARTESIAN_POINT ( 'NONE',  ( -0.005000000000000000100, -0.2862269899289315300, 1.371786688027796000 ) ) ;
#577 = ORIENTED_EDGE ( 'NONE', *, *, #880, .T. ) ;
#578 =( GEOMETRIC_REPRESENTATION_CONTEXT ( 3 ) GLOBAL_UNCERTAINTY_ASSIGNED_CONTEXT ( ( #2740 ) ) GLOBAL_UNIT_ASSIGNED_CONTEXT ( ( #1274, #1749, #448 ) ) REPRESENTATION_CONTEXT ( 'NONE', 'WORKASPACE' ) );
#579 = VECTOR ( 'NONE', #1979, 1000.000000000000000 ) ;
#580 = CARTESIAN_POINT ( 'NONE',  ( 0.0000000000000000000, 0.0000000000000000000, 0.0000000000000000000 ) ) ;
#581 = VECTOR ( 'NONE', #3276, 1000.000000000000000 ) ;
#582 = ORIENTED_EDGE ( 'NONE', *, *, #2648, .T. ) ;
#583 = DIRECTION ( 'NONE',  ( 0.0000000000000000000, 0.9619530280415594700, 0.2732148821745892200 ) ) ;
#584 = FILL_AREA_STYLE ('',( #21 ) ) ;
#585 = CIRCLE ( 'NONE', #1339, 4.250000000000000000 ) ;
#586 = EDGE_CURVE ( 'NONE', #2180, #445, #2592, .T. ) ;
#587 = LINE ( 'NONE', #1389, #2655 ) ;
#588 =( LENGTH_UNIT ( ) NAMED_UNIT ( * ) SI_UNIT ( .MILLI., .METRE. ) );
#589 = ORIENTED_EDGE ( 'NONE', *, *, #2486, .T. ) ;
#590 = EDGE_CURVE ( 'NONE', #1233, #204, #3159, .T. ) ;
#591 = VECTOR ( 'NONE', #823, 1000.000000000000000 ) ;
#592 = VERTEX_POINT ( 'NONE', #280 ) ;
#593 = PLANE ( 'NONE',  #2598 ) ;
#594 = SURFACE_SIDE_STYLE ('',( #3211 ) ) ;
#595 = DIRECTION ( 'NONE',  ( 1.000000000000000000, 0.0000000000000000000, 0.0000000000000000000 ) ) ;
#596 = ADVANCED_FACE ( 'NONE', ( #2386 ), #3168, .F. ) ;
#597 = FILL_AREA_STYLE_COLOUR ( '', #540 ) ;
#598 = SURFACE_STYLE_FILL_AREA ( #121 ) ;
#599 = ORIENTED_EDGE ( 'NONE', *, *, #2959, .F. ) ;
#600 = STYLED_ITEM ( 'NONE', ( #2225 ), #3186 ) ;
#601 = DIRECTION ( 'NONE',  ( -0.0000000000000000000, -0.9984327301130236900, -0.05596501978069704600 ) ) ;
#602 = STYLED_ITEM ( 'NONE', ( #1024 ), #1467 ) ;
#603 =( NAMED_UNIT ( * ) PLANE_ANGLE_UNIT ( ) SI_UNIT ( $, .RADIAN. ) );
#604 = VERTEX_POINT ( 'NONE', #1075 ) ;
#605 = UNCERTAINTY_MEASURE_WITH_UNIT (LENGTH_MEASURE( 1.000000000000000100E-005 ), #815, 'distance_accuracy_value', 'NONE');
#606 = FILL_AREA_STYLE ('',( #561 ) ) ;
#607 = VECTOR ( 'NONE', #334, 1000.000000000000000 ) ;
#608 = DIRECTION ( 'NONE',  ( 0.0000000000000000000, 0.6995643972268819100, 0.7145695586383381500 ) ) ;
#609 = FILL_AREA_STYLE ('',( #31 ) ) ;
#610 = LINE ( 'NONE', #992, #2627 ) ;
#611 = SURFACE_STYLE_FILL_AREA ( #550 ) ;
#612 = EDGE_CURVE ( 'NONE', #1635, #1612, #203, .T. ) ;
#613 = CARTESIAN_POINT ( 'NONE',  ( -0.005000000000000000100, 0.4706612939571654900, -1.853707125018472200 ) ) ;
#614 = DIRECTION ( 'NONE',  ( 0.0000000000000000000, 0.9612861490927303600, 0.2755520632520628300 ) ) ;
#615 = VECTOR ( 'NONE', #3404, 1000.000000000000000 ) ;
#616 = ORIENTED_EDGE ( 'NONE', *, *, #62, .F. ) ;
#617 = COLOUR_RGB ( '',0.0000000000000000000, 0.0000000000000000000, 0.0000000000000000000 ) ;
#618 = DIRECTION ( 'NONE',  ( -0.0000000000000000000, -0.9610853065513910200, -0.2762517575166151300 ) ) ;
#619 = PLANE ( 'NONE',  #1463 ) ;
#620 = VECTOR ( 'NONE', #1683, 1000.000000000000000 ) ;
#621 = VECTOR ( 'NONE', #415, 1000.000000000000000 ) ;
#622 = CARTESIAN_POINT ( 'NONE',  ( -0.005000000000000000100, 0.4706612939571652700, -2.119865767362318000 ) ) ;
#623 = EDGE_LOOP ( 'NONE', ( #3137, #2864, #2416, #3319 ) ) ;
#624 =( GEOMETRIC_REPRESENTATION_CONTEXT ( 3 ) GLOBAL_UNCERTAINTY_ASSIGNED_CONTEXT ( ( #1556 ) ) GLOBAL_UNIT_ASSIGNED_CONTEXT ( ( #187, #470, #178 ) ) REPRESENTATION_CONTEXT ( 'NONE', 'WORKASPACE' ) );
#625 = VECTOR ( 'NONE', #860, 1000.000000000000100 ) ;
#626 =( NAMED_UNIT ( * ) SI_UNIT ( $, .STERADIAN. ) SOLID_ANGLE_UNIT ( ) );
#627 = SURFACE_STYLE_FILL_AREA ( #3089 ) ;
#628 = UNCERTAINTY_MEASURE_WITH_UNIT (LENGTH_MEASURE( 1.000000000000000100E-005 ), #289, 'distance_accuracy_value', 'NONE');
#629 = CARTESIAN_POINT ( 'NONE',  ( 7.000000000000000000, 1.750000000000000000, -0.2500000000000000000 ) ) ;
#630 =( GEOMETRIC_REPRESENTATION_CONTEXT ( 3 ) GLOBAL_UNCERTAINTY_ASSIGNED_CONTEXT ( ( #1087 ) ) GLOBAL_UNIT_ASSIGNED_CONTEXT ( ( #3324, #1247, #198 ) ) REPRESENTATION_CONTEXT ( 'NONE', 'WORKASPACE' ) );
#631 = CARTESIAN_POINT ( 'NONE',  ( -0.005000000000000000100, 0.3721009671810895400, 0.5051709197727064500 ) ) ;
#632 = CARTESIAN_POINT ( 'NONE',  ( -0.005000000000000000100, 0.4706612939571654900, -1.853707125018472200 ) ) ;
#633 = DIRECTION ( 'NONE',  ( 1.000000000000000000, 0.0000000000000000000, 0.0000000000000000000 ) ) ;
#634 = PRESENTATION_LAYER_ASSIGNMENT (  '', '', ( #814 ) ) ;
#635 = EDGE_CURVE ( 'NONE', #2279, #3409, #2123, .T. ) ;
#636 = CARTESIAN_POINT ( 'NONE',  ( -0.005000000000000000100, 0.4706612939571654900, 0.7713295621164777400 ) ) ;
#637 = CARTESIAN_POINT ( 'NONE',  ( 0.0000000000000000000, -0.2862610967964894200, -0.5495612876816065000 ) ) ;
#638 = CARTESIAN_POINT ( 'NONE',  ( -0.005000000000000000100, 0.1188688284627371100, -0.5510335675551548700 ) ) ;
#639 = DIRECTION ( 'NONE',  ( 1.000000000000000000, -0.0000000000000000000, -0.0000000000000000000 ) ) ;
#640 = CIRCLE ( 'NONE', #2822, 4.250000000000000000 ) ;
#641 = EDGE_LOOP ( 'NONE', ( #2583, #1082, #896, #810 ) ) ;
#642 = EDGE_CURVE ( 'NONE', #785, #3029, #1826, .T. ) ;
#643 = DIRECTION ( 'NONE',  ( 1.000000000000000000, 0.0000000000000000000, 0.0000000000000000000 ) ) ;
#644 = VERTEX_POINT ( 'NONE', #1097 ) ;
#645 = DIRECTION ( 'NONE',  ( 0.0000000000000000000, 0.9601763114346040200, 0.2793947940814899800 ) ) ;
#646 = PRESENTATION_LAYER_ASSIGNMENT (  '', '', ( #3060 ) ) ;
#647 = DIRECTION ( 'NONE',  ( 1.000000000000000000, 0.0000000000000000000, 0.0000000000000000000 ) ) ;
#648 = VERTEX_POINT ( 'NONE', #1066 ) ;
#649 = LINE ( 'NONE', #76, #701 ) ;
#650 = ADVANCED_FACE ( 'NONE', ( #67 ), #267, .F. ) ;
#651 = CARTESIAN_POINT ( 'NONE',  ( -0.005000000000000000100, -0.4641000000000286000, 0.5025787976740189200 ) ) ;
#652 = VECTOR ( 'NONE', #2347, 1000.000000000000000 ) ;
#653 =( NAMED_UNIT ( * ) PLANE_ANGLE_UNIT ( ) SI_UNIT ( $, .RADIAN. ) );
#654 =( NAMED_UNIT ( * ) PLANE_ANGLE_UNIT ( ) SI_UNIT ( $, .RADIAN. ) );
#655 = UNCERTAINTY_MEASURE_WITH_UNIT (LENGTH_MEASURE( 1.000000000000000100E-005 ), #428, 'distance_accuracy_value', 'NONE');
#656 = LINE ( 'NONE', #1303, #3379 ) ;
#657 = SURFACE_STYLE_FILL_AREA ( #2470 ) ;
#658 = CARTESIAN_POINT ( 'NONE',  ( 7.000000000000000000, 0.0000000000000000000, 0.0000000000000000000 ) ) ;
#659 = EDGE_CURVE ( 'NONE', #2703, #1972, #895, .T. ) ;
#660 = ORIENTED_EDGE ( 'NONE', *, *, #2387, .F. ) ;
#661 = LINE ( 'NONE', #1562, #2716 ) ;
#662 = VECTOR ( 'NONE', #1850, 1000.000000000000200 ) ;
#663 = EDGE_CURVE ( 'NONE', #2121, #2639, #2454, .T. ) ;
#664 = PLANE ( 'NONE',  #464 ) ;
#665 =( NAMED_UNIT ( * ) SI_UNIT ( $, .STERADIAN. ) SOLID_ANGLE_UNIT ( ) );
#666 = DIRECTION ( 'NONE',  ( 0.0000000000000000000, 0.8843386665637615900, 0.4668459304955201400 ) ) ;
#667 = ORIENTED_EDGE ( 'NONE', *, *, #2894, .F. ) ;
#668 = PLANE ( 'NONE',  #893 ) ;
#669 =( GEOMETRIC_REPRESENTATION_CONTEXT ( 3 ) GLOBAL_UNCERTAINTY_ASSIGNED_CONTEXT ( ( #1911 ) ) GLOBAL_UNIT_ASSIGNED_CONTEXT ( ( #1708, #654, #2496 ) ) REPRESENTATION_CONTEXT ( 'NONE', 'WORKASPACE' ) );
#670 = SURFACE_STYLE_USAGE ( .BOTH. , #2749 ) ;
#671 = ADVANCED_FACE ( 'NONE', ( #3329 ), #330, .F. ) ;
#672 = ORIENTED_EDGE ( 'NONE', *, *, #612, .F. ) ;
#673 = DIRECTION ( 'NONE',  ( 0.0000000000000000000, -0.9610029908221280300, -0.2765379750249952200 ) ) ;
#674 = CARTESIAN_POINT ( 'NONE',  ( 6.107499999999999900, 0.0000000000000000000, 0.0000000000000000000 ) ) ;
#675 = VECTOR ( 'NONE', #1100, 1000.000000000000100 ) ;
#676 = ORIENTED_EDGE ( 'NONE', *, *, #1132, .T. ) ;
#677 = AXIS2_PLACEMENT_3D ( 'NONE', #887, #1970, #827 ) ;
#678 = SURFACE_STYLE_USAGE ( .BOTH. , #2542 ) ;
#679 = DIRECTION ( 'NONE',  ( 0.0000000000000000000, -0.9984327301130236900, -0.05596501978069704600 ) ) ;
#680 = ORIENTED_EDGE ( 'NONE', *, *, #3097, .T. ) ;
#681 = CARTESIAN_POINT ( 'NONE',  ( -0.005000000000000000100, 0.4706612939571652700, -0.4252303785879496000 ) ) ;
#682 = ORIENTED_EDGE ( 'NONE', *, *, #468, .F. ) ;
#683 = DIRECTION ( 'NONE',  ( 0.0000000000000000000, 0.9612934544747654400, 0.2755265765474755300 ) ) ;
#684 =( LENGTH_UNIT ( ) NAMED_UNIT ( * ) SI_UNIT ( .MILLI., .METRE. ) );
#685 = STYLED_ITEM ( 'NONE', ( #1399 ), #2287 ) ;
#686 = PRESENTATION_STYLE_ASSIGNMENT (( #1314 ) ) ;
#687 = ORIENTED_EDGE ( 'NONE', *, *, #304, .F. ) ;
#688 = FILL_AREA_STYLE ('',( #2741 ) ) ;
#689 = FILL_AREA_STYLE ('',( #3311 ) ) ;
#690 = CARTESIAN_POINT ( 'NONE',  ( -0.005000000000000000100, 0.2914979073132797900, 1.526336283689422800 ) ) ;
#691 = CARTESIAN_POINT ( 'NONE',  ( -0.005000000000000000100, 0.4706612939571652700, -0.4252303785879496000 ) ) ;
#692 = PRESENTATION_STYLE_ASSIGNMENT (( #2781 ) ) ;
#693 = ORIENTED_EDGE ( 'NONE', *, *, #1815, .F. ) ;
#694 = MECHANICAL_DESIGN_GEOMETRIC_PRESENTATION_REPRESENTATION (  '', ( #744 ), #2880 ) ;
#695 = CARTESIAN_POINT ( 'NONE',  ( -0.005000000000000000100, -0.1971441846550018600, 0.03013995228619021500 ) ) ;
#696 = FILL_AREA_STYLE ('',( #2001 ) ) ;
#697 = ORIENTED_EDGE ( 'NONE', *, *, #1844, .T. ) ;
#698 = AXIS2_PLACEMENT_3D ( 'NONE', #1212, #380, #679 ) ;
#699 = SURFACE_SIDE_STYLE ('',( #2974 ) ) ;
#700 =( NAMED_UNIT ( * ) PLANE_ANGLE_UNIT ( ) SI_UNIT ( $, .RADIAN. ) );
#701 = VECTOR ( 'NONE', #833, 1000.000000000000000 ) ;
#702 = SURFACE_STYLE_FILL_AREA ( #696 ) ;
#703 = ORIENTED_EDGE ( 'NONE', *, *, #3307, .T. ) ;
#704 =( GEOMETRIC_REPRESENTATION_CONTEXT ( 3 ) GLOBAL_UNCERTAINTY_ASSIGNED_CONTEXT ( ( #1570 ) ) GLOBAL_UNIT_ASSIGNED_CONTEXT ( ( #1290, #1804, #1530 ) ) REPRESENTATION_CONTEXT ( 'NONE', 'WORKASPACE' ) );
#705 = DIRECTION ( 'NONE',  ( 0.0000000000000000000, -2.043497108812546700E-016, -1.000000000000000000 ) ) ;
#706 = SURFACE_STYLE_USAGE ( .BOTH. , #3339 ) ;
#707 = FACE_OUTER_BOUND ( 'NONE', #2306, .T. ) ;
#708 = UNCERTAINTY_MEASURE_WITH_UNIT (LENGTH_MEASURE( 1.000000000000000100E-005 ), #2601, 'distance_accuracy_value', 'NONE');
#709 = LINE ( 'NONE', #1484, #3410 ) ;
#710 = CIRCLE ( 'NONE', #2079, 0.2500000000000000000 ) ;
#711 =( NAMED_UNIT ( * ) PLANE_ANGLE_UNIT ( ) SI_UNIT ( $, .RADIAN. ) );
#712 = SURFACE_STYLE_USAGE ( .BOTH. , #964 ) ;
#713 = ADVANCED_FACE ( 'NONE', ( #1036 ), #3218, .F. ) ;
#714 = ORIENTED_EDGE ( 'NONE', *, *, #590, .T. ) ;
#715 = VECTOR ( 'NONE', #446, 1000.000000000000000 ) ;
#716 = CARTESIAN_POINT ( 'NONE',  ( -0.005000000000000000100, 0.4706612939571652700, -1.115800696540586400 ) ) ;
#717 = EDGE_CURVE ( 'NONE', #1527, #1419, #770, .T. ) ;
#718 = EDGE_CURVE ( 'NONE', #2642, #104, #993, .T. ) ;
#719 = EDGE_LOOP ( 'NONE', ( #239, #738 ) ) ;
#720 = SURFACE_STYLE_USAGE ( .BOTH. , #733 ) ;
#721 = DIRECTION ( 'NONE',  ( 0.0000000000000000000, -1.000000000000000000, 0.0000000000000000000 ) ) ;
#722 = DIRECTION ( 'NONE',  ( 0.0000000000000000000, 0.2793947940814900400, -0.9601763114346041400 ) ) ;
#723 = PRESENTATION_STYLE_ASSIGNMENT (( #2415 ) ) ;
#724 = SURFACE_STYLE_USAGE ( .BOTH. , #222 ) ;
#725 =( GEOMETRIC_REPRESENTATION_CONTEXT ( 3 ) GLOBAL_UNCERTAINTY_ASSIGNED_CONTEXT ( ( #2031 ) ) GLOBAL_UNIT_ASSIGNED_CONTEXT ( ( #1250, #2303, #1729 ) ) REPRESENTATION_CONTEXT ( 'NONE', 'WORKASPACE' ) );
#726 = DIRECTION ( 'NONE',  ( 1.000000000000000000, 0.0000000000000000000, 0.0000000000000000000 ) ) ;
#727 = COLOUR_RGB ( '',0.0000000000000000000, 0.0000000000000000000, 0.0000000000000000000 ) ;
#728 = DIRECTION ( 'NONE',  ( -0.0000000000000000000, -0.7083077534943953400, -0.7059037656364518500 ) ) ;
#729 = FILL_AREA_STYLE_COLOUR ( '', #174 ) ;
#730 =( GEOMETRIC_REPRESENTATION_CONTEXT ( 3 ) GLOBAL_UNCERTAINTY_ASSIGNED_CONTEXT ( ( #2240 ) ) GLOBAL_UNIT_ASSIGNED_CONTEXT ( ( #1665, #1160, #1923 ) ) REPRESENTATION_CONTEXT ( 'NONE', 'WORKASPACE' ) );
#731 = EDGE_LOOP ( 'NONE', ( #1617, #693, #124, #249 ) ) ;
#732 = UNCERTAINTY_MEASURE_WITH_UNIT (LENGTH_MEASURE( 1.000000000000000100E-005 ), #892, 'distance_accuracy_value', 'NONE');
#733 = SURFACE_SIDE_STYLE ('',( #1842 ) ) ;
#734 = SURFACE_STYLE_USAGE ( .BOTH. , #1001 ) ;
#735 = CARTESIAN_POINT ( 'NONE',  ( 22.00000000000000000, -1.750000000000000000, 0.0000000000000000000 ) ) ;
#736 = PRESENTATION_STYLE_ASSIGNMENT (( #2370 ) ) ;
#737 = VERTEX_POINT ( 'NONE', #2723 ) ;
#738 = ORIENTED_EDGE ( 'NONE', *, *, #1308, .T. ) ;
#739 = CARTESIAN_POINT ( 'NONE',  ( -0.005000000000000000100, -0.2862269899289315900, 0.9317682772827679000 ) ) ;
#740 = EDGE_LOOP ( 'NONE', ( #2969, #1699, #1642, #1732 ) ) ;
#741 = EDGE_CURVE ( 'NONE', #2545, #217, #3401, .T. ) ;
#742 = LINE ( 'NONE', #2744, #2498 ) ;
#743 = ORIENTED_EDGE ( 'NONE', *, *, #2758, .T. ) ;
#744 = STYLED_ITEM ( 'NONE', ( #2385 ), #286 ) ;
#745 = DIRECTION ( 'NONE',  ( -1.000000000000000000, -0.0000000000000000000, -0.0000000000000000000 ) ) ;
#746 = CIRCLE ( 'NONE', #2372, 4.250000000000000000 ) ;
#747 =( GEOMETRIC_REPRESENTATION_CONTEXT ( 3 ) GLOBAL_UNCERTAINTY_ASSIGNED_CONTEXT ( ( #1629 ) ) GLOBAL_UNIT_ASSIGNED_CONTEXT ( ( #1167, #3026, #1981 ) ) REPRESENTATION_CONTEXT ( 'NONE', 'WORKASPACE' ) );
#748 =( LENGTH_UNIT ( ) NAMED_UNIT ( * ) SI_UNIT ( .MILLI., .METRE. ) );
#749 =( NAMED_UNIT ( * ) SI_UNIT ( $, .STERADIAN. ) SOLID_ANGLE_UNIT ( ) );
#750 = DIRECTION ( 'NONE',  ( 0.0000000000000000000, 0.6995643972268819100, 0.7145695586383381500 ) ) ;
#751 = ORIENTED_EDGE ( 'NONE', *, *, #663, .T. ) ;
#752 = LINE ( 'NONE', #1799, #1839 ) ;
#753 = FACE_OUTER_BOUND ( 'NONE', #2352, .T. ) ;
#754 = ORIENTED_EDGE ( 'NONE', *, *, #1660, .F. ) ;
#755 = DIRECTION ( 'NONE',  ( -1.000000000000000000, -0.0000000000000000000, -0.0000000000000000000 ) ) ;
#756 =( GEOMETRIC_REPRESENTATION_CONTEXT ( 3 ) GLOBAL_UNCERTAINTY_ASSIGNED_CONTEXT ( ( #1268 ) ) GLOBAL_UNIT_ASSIGNED_CONTEXT ( ( #244, #758, #237 ) ) REPRESENTATION_CONTEXT ( 'NONE', 'WORKASPACE' ) );
#757 = EDGE_CURVE ( 'NONE', #1653, #2698, #235, .T. ) ;
#758 =( NAMED_UNIT ( * ) PLANE_ANGLE_UNIT ( ) SI_UNIT ( $, .RADIAN. ) );
#759 = CARTESIAN_POINT ( 'NONE',  ( 5.888749999999999900, 0.0000000000000000000, -4.250000000000000000 ) ) ;
#760 = EDGE_CURVE ( 'NONE', #604, #1150, #768, .T. ) ;
#761 = STYLED_ITEM ( 'NONE', ( #2093 ), #2536 ) ;
#762 = VERTEX_POINT ( 'NONE', #1229 ) ;
#763 = MECHANICAL_DESIGN_GEOMETRIC_PRESENTATION_REPRESENTATION (  '', ( #3291 ), #2595 ) ;
#764 = ORIENTED_EDGE ( 'NONE', *, *, #1881, .T. ) ;
#765 =( GEOMETRIC_REPRESENTATION_CONTEXT ( 3 ) GLOBAL_UNCERTAINTY_ASSIGNED_CONTEXT ( ( #291 ) ) GLOBAL_UNIT_ASSIGNED_CONTEXT ( ( #2829, #3355, #1765 ) ) REPRESENTATION_CONTEXT ( 'NONE', 'WORKASPACE' ) );
#766 = PLANE ( 'NONE',  #472 ) ;
#767 = VERTEX_POINT ( 'NONE', #2520 ) ;
#768 = LINE ( 'NONE', #2682, #851 ) ;
#769 = EDGE_CURVE ( 'NONE', #3245, #97, #1750, .T. ) ;
#770 = LINE ( 'NONE', #1931, #2792 ) ;
#771 = ORIENTED_EDGE ( 'NONE', *, *, #3335, .T. ) ;
#772 = EDGE_CURVE ( 'NONE', #53, #1745, #1241, .T. ) ;
#773 = DIRECTION ( 'NONE',  ( -1.000000000000000000, -0.0000000000000000000, -0.0000000000000000000 ) ) ;
#774 = VECTOR ( 'NONE', #3223, 1000.000000000000000 ) ;
#775 = LINE ( 'NONE', #2278, #3334 ) ;
#776 = CARTESIAN_POINT ( 'NONE',  ( -0.005000000000000000100, 0.2901762661091321600, 2.076730209328213000 ) ) ;
#777 = DIRECTION ( 'NONE',  ( 1.000000000000000000, -0.0000000000000000000, -0.0000000000000000000 ) ) ;
#778 = VECTOR ( 'NONE', #274, 1000.000000000000200 ) ;
#779 = FACE_OUTER_BOUND ( 'NONE', #552, .T. ) ;
#780 = UNCERTAINTY_MEASURE_WITH_UNIT (LENGTH_MEASURE( 1.000000000000000100E-005 ), #1449, 'distance_accuracy_value', 'NONE');
#781 =( GEOMETRIC_REPRESENTATION_CONTEXT ( 3 ) GLOBAL_UNCERTAINTY_ASSIGNED_CONTEXT ( ( #2813 ) ) GLOBAL_UNIT_ASSIGNED_CONTEXT ( ( #2509, #3316, #2494 ) ) REPRESENTATION_CONTEXT ( 'NONE', 'WORKASPACE' ) );
#782 = ORIENTED_EDGE ( 'NONE', *, *, #303, .T. ) ;
#783 = PRESENTATION_LAYER_ASSIGNMENT (  '', '', ( #602 ) ) ;
#784 = LINE ( 'NONE', #2737, #1662 ) ;
#785 = VERTEX_POINT ( 'NONE', #2465 ) ;
#786 = LINE ( 'NONE', #1761, #2433 ) ;
#787 = FILL_AREA_STYLE ('',( #1831 ) ) ;
#788 = DIRECTION ( 'NONE',  ( 0.0000000000000000000, 0.0000000000000000000, -1.000000000000000000 ) ) ;
#789 = SURFACE_STYLE_FILL_AREA ( #164 ) ;
#790 = VECTOR ( 'NONE', #345, 1000.000000000000100 ) ;
#791 = CLOSED_SHELL ( 'NONE', ( #564, #913, #3203, #1128, #1448, #3186, #2244, #1482, #159, #2754, #3308, #546, #971, #286, #25, #671, #3289, #1332 ) ) ;
#792 = CARTESIAN_POINT ( 'NONE',  ( 0.0000000000000000000, -0.05393646921773419900, 0.9980834009764542000 ) ) ;
#793 = DIRECTION ( 'NONE',  ( 0.0000000000000000000, 0.0000000000000000000, 1.000000000000000000 ) ) ;
#794 = LINE ( 'NONE', #795, #675 ) ;
#795 = CARTESIAN_POINT ( 'NONE',  ( -0.005000000000000000100, 0.2901559482957898300, 2.332659225181929100 ) ) ;
#796 = CARTESIAN_POINT ( 'NONE',  ( 0.0000000000000000000, 0.2914979073132797900, 1.526336283689422800 ) ) ;
#797 = FACE_OUTER_BOUND ( 'NONE', #3402, .T. ) ;
#798 =( GEOMETRIC_REPRESENTATION_CONTEXT ( 3 ) GLOBAL_UNCERTAINTY_ASSIGNED_CONTEXT ( ( #400 ) ) GLOBAL_UNIT_ASSIGNED_CONTEXT ( ( #1680, #1455, #898 ) ) REPRESENTATION_CONTEXT ( 'NONE', 'WORKASPACE' ) );
#799 = CARTESIAN_POINT ( 'NONE',  ( -0.005000000000000000100, 0.4706612939571652700, -1.570705373510844000 ) ) ;
#800 = CARTESIAN_POINT ( 'NONE',  ( -0.005000000000000000100, 0.4706612939571652700, -1.263084146543252100 ) ) ;
#801 = VECTOR ( 'NONE', #928, 1000.000000000000000 ) ;
#802 = STYLED_ITEM ( 'NONE', ( #2851 ), #2497 ) ;
#803 = FACE_OUTER_BOUND ( 'NONE', #2736, .T. ) ;
#804 = STYLED_ITEM ( 'NONE', ( #1780 ), #1482 ) ;
#805 =( NAMED_UNIT ( * ) SI_UNIT ( $, .STERADIAN. ) SOLID_ANGLE_UNIT ( ) );
#806 = CYLINDRICAL_SURFACE ( 'NONE', #46, 4.250000000000000000 ) ;
#807 = ORIENTED_EDGE ( 'NONE', *, *, #1353, .T. ) ;
#808 = FILL_AREA_STYLE_COLOUR ( '', #617 ) ;
#809 = SURFACE_SIDE_STYLE ('',( #2131 ) ) ;
#810 = ORIENTED_EDGE ( 'NONE', *, *, #224, .T. ) ;
#811 = PRESENTATION_LAYER_ASSIGNMENT (  '', '', ( #2400 ) ) ;
#812 = DIRECTION ( 'NONE',  ( 0.0000000000000000000, 1.000000000000000000, -3.146308679943554500E-016 ) ) ;
#813 = ORIENTED_EDGE ( 'NONE', *, *, #1505, .F. ) ;
#814 = STYLED_ITEM ( 'NONE', ( #2065 ), #2130 ) ;
#815 =( LENGTH_UNIT ( ) NAMED_UNIT ( * ) SI_UNIT ( .MILLI., .METRE. ) );
#816 = CARTESIAN_POINT ( 'NONE',  ( -0.005000000000000000100, -0.4641000000000287100, 0.06373707393421716700 ) ) ;
#817 = PRODUCT ( 'CAR_KP_8X6_D8.5L7S3.5F0.5', 'CAR_KP_8X6_D8.5L7S3.5F0.5', '', ( #14 ) ) ;
#818 = CARTESIAN_POINT ( 'NONE',  ( 0.1999999999999996500, 5.204748896376250700E-016, -4.250000000000000000 ) ) ;
#819 = EDGE_CURVE ( 'NONE', #2836, #2988, #3399, .T. ) ;
#820 = DIRECTION ( 'NONE',  ( 0.0000000000000000000, 0.9999999968487353100, 7.938847109764683400E-005 ) ) ;
#821 = FACE_OUTER_BOUND ( 'NONE', #2075, .T. ) ;
#822 =( NAMED_UNIT ( * ) SI_UNIT ( $, .STERADIAN. ) SOLID_ANGLE_UNIT ( ) );
#823 = DIRECTION ( 'NONE',  ( 0.0000000000000000000, 0.0000000000000000000, 1.000000000000000000 ) ) ;
#824 = UNCERTAINTY_MEASURE_WITH_UNIT (LENGTH_MEASURE( 1.000000000000000100E-005 ), #588, 'distance_accuracy_value', 'NONE');
#825 = ADVANCED_FACE ( 'NONE', ( #63 ), #2730, .F. ) ;
#826 = ORIENTED_EDGE ( 'NONE', *, *, #185, .T. ) ;
#827 = DIRECTION ( 'NONE',  ( 0.0000000000000000000, 0.0000000000000000000, -1.000000000000000000 ) ) ;
#828 = FACE_OUTER_BOUND ( 'NONE', #1364, .T. ) ;
#829 = LINE ( 'NONE', #2576, #1722 ) ;
#830 = PRESENTATION_LAYER_ASSIGNMENT (  '', '', ( #2375 ) ) ;
#831 = VERTEX_POINT ( 'NONE', #3275 ) ;
#832 =( LENGTH_UNIT ( ) NAMED_UNIT ( * ) SI_UNIT ( .MILLI., .METRE. ) );
#833 = DIRECTION ( 'NONE',  ( 0.0000000000000000000, 0.9611638845409016300, 0.2759782365590523500 ) ) ;
#834 = CIRCLE ( 'NONE', #1773, 0.1999999999999996500 ) ;
#835 = PLANE ( 'NONE',  #90 ) ;
#836 = ORIENTED_EDGE ( 'NONE', *, *, #3131, .F. ) ;
#837 = EDGE_CURVE ( 'NONE', #3029, #1456, #2083, .T. ) ;
#838 = FILL_AREA_STYLE ('',( #339 ) ) ;
#839 = EDGE_CURVE ( 'NONE', #767, #1110, #1385, .T. ) ;
#840 = VECTOR ( 'NONE', #886, 1000.000000000000200 ) ;
#841 = DIRECTION ( 'NONE',  ( 1.000000000000000000, 0.0000000000000000000, 0.0000000000000000000 ) ) ;
#842 = VERTEX_POINT ( 'NONE', #138 ) ;
#843 = PRESENTATION_LAYER_ASSIGNMENT (  '', '', ( #1074 ) ) ;
#844 = CARTESIAN_POINT ( 'NONE',  ( 0.0000000000000000000, 0.2901559482957898300, 2.332659225181929100 ) ) ;
#845 = COLOUR_RGB ( '',0.0000000000000000000, 0.0000000000000000000, 0.0000000000000000000 ) ;
#846 = MECHANICAL_DESIGN_GEOMETRIC_PRESENTATION_REPRESENTATION (  '', ( #3035 ), #1040 ) ;
#847 =( NAMED_UNIT ( * ) PLANE_ANGLE_UNIT ( ) SI_UNIT ( $, .RADIAN. ) );
#848 = PRESENTATION_LAYER_ASSIGNMENT (  '', '', ( #1514 ) ) ;
#849 =( NAMED_UNIT ( * ) PLANE_ANGLE_UNIT ( ) SI_UNIT ( $, .RADIAN. ) );
#850 = ORIENTED_EDGE ( 'NONE', *, *, #360, .F. ) ;
#851 = VECTOR ( 'NONE', #894, 1000.000000000000000 ) ;
#852 = PLANE ( 'NONE',  #2227 ) ;
#853 = CARTESIAN_POINT ( 'NONE',  ( -0.005000000000000000100, -0.05393646921773419900, 1.399174504413717800 ) ) ;
#854 = SURFACE_SIDE_STYLE ('',( #28 ) ) ;
#855 = DIRECTION ( 'NONE',  ( 0.0000000000000000000, -0.9610348236706635100, -0.2764273280489771300 ) ) ;
#856 = LINE ( 'NONE', #1694, #1114 ) ;
#857 = MECHANICAL_DESIGN_GEOMETRIC_PRESENTATION_REPRESENTATION (  '', ( #685 ), #3358 ) ;
#858 = DIRECTION ( 'NONE',  ( 1.000000000000000000, 0.0000000000000000000, 0.0000000000000000000 ) ) ;
#859 = UNCERTAINTY_MEASURE_WITH_UNIT (LENGTH_MEASURE( 1.000000000000000100E-005 ), #2930, 'distance_accuracy_value', 'NONE');
#860 = DIRECTION ( 'NONE',  ( 0.0000000000000000000, -0.9610348236706634000, -0.2764273280489770200 ) ) ;
#861 = STYLED_ITEM ( 'NONE', ( #2747 ), #329 ) ;
#862 = TOROIDAL_SURFACE ( 'NONE', #2626, 4.250000000000000000, 0.2187500000000001900 ) ;
#863 = CARTESIAN_POINT ( 'NONE',  ( -0.005000000000000000100, -0.4641000000000288200, -1.773493452664154600 ) ) ;
#864 = AXIS2_PLACEMENT_3D ( 'NONE', #2475, #1175, #336 ) ;
#865 = ORIENTED_EDGE ( 'NONE', *, *, #2071, .F. ) ;
#866 = STYLED_ITEM ( 'NONE', ( #686 ), #1203 ) ;
#867 = PLANE ( 'NONE',  #35 ) ;
#868 = SURFACE_STYLE_FILL_AREA ( #2499 ) ;
#869 =( GEOMETRIC_REPRESENTATION_CONTEXT ( 3 ) GLOBAL_UNCERTAINTY_ASSIGNED_CONTEXT ( ( #2557 ) ) GLOBAL_UNIT_ASSIGNED_CONTEXT ( ( #438, #141, #1454 ) ) REPRESENTATION_CONTEXT ( 'NONE', 'WORKASPACE' ) );
#870 = ORIENTED_EDGE ( 'NONE', *, *, #1280, .T. ) ;
#871 = FILL_AREA_STYLE ('',( #2183 ) ) ;
#872 =( NAMED_UNIT ( * ) PLANE_ANGLE_UNIT ( ) SI_UNIT ( $, .RADIAN. ) );
#873 = DIRECTION ( 'NONE',  ( 0.0000000000000000000, 0.0000000000000000000, 1.000000000000000000 ) ) ;
#874 = COLOUR_RGB ( '',0.0000000000000000000, 0.0000000000000000000, 0.0000000000000000000 ) ;
#875 = ADVANCED_FACE ( 'NONE', ( #1145 ), #2248, .F. ) ;
#876 = DIRECTION ( 'NONE',  ( 0.0000000000000000000, -0.9280290862137297000, 0.3725077383643322600 ) ) ;
#877 = SURFACE_STYLE_USAGE ( .BOTH. , #2449 ) ;
#878 = EDGE_CURVE ( 'NONE', #1150, #2568, #2587, .T. ) ;
#879 = CARTESIAN_POINT ( 'NONE',  ( -0.005000000000000000100, -0.4641000000000282700, 1.859929891948954200 ) ) ;
#880 = EDGE_CURVE ( 'NONE', #1271, #2279, #2348, .T. ) ;
#881 = ORIENTED_EDGE ( 'NONE', *, *, #341, .F. ) ;
#882 =( LENGTH_UNIT ( ) NAMED_UNIT ( * ) SI_UNIT ( .MILLI., .METRE. ) );
#883 = DIRECTION ( 'NONE',  ( 0.0000000000000000000, 0.2762033010290239600, -0.9610992334304874200 ) ) ;
#884 =( NAMED_UNIT ( * ) SI_UNIT ( $, .STERADIAN. ) SOLID_ANGLE_UNIT ( ) );
#885 = STYLED_ITEM ( 'NONE', ( #2997 ), #546 ) ;
#886 = DIRECTION ( 'NONE',  ( 0.0000000000000000000, 0.9612934544747654400, 0.2755265765474755300 ) ) ;
#887 = CARTESIAN_POINT ( 'NONE',  ( 6.107499999999999900, 0.0000000000000000000, -4.250000000000000000 ) ) ;
#888 =( LENGTH_UNIT ( ) NAMED_UNIT ( * ) SI_UNIT ( .MILLI., .METRE. ) );
#889 = TOROIDAL_SURFACE ( 'NONE', #115, 4.250000000000000000, 0.2187500000000001900 ) ;
#890 = AXIS2_PLACEMENT_3D ( 'NONE', #1080, #3184, #1631 ) ;
#891 = SURFACE_SIDE_STYLE ('',( #3114 ) ) ;
#892 =( LENGTH_UNIT ( ) NAMED_UNIT ( * ) SI_UNIT ( .MILLI., .METRE. ) );
#893 = AXIS2_PLACEMENT_3D ( 'NONE', #2481, #2774, #1936 ) ;
#894 = DIRECTION ( 'NONE',  ( 0.0000000000000000000, 0.9611638845409016300, 0.2759782365590523500 ) ) ;
#895 = LINE ( 'NONE', #1882, #2623 ) ;
#896 = ORIENTED_EDGE ( 'NONE', *, *, #242, .F. ) ;
#897 = CARTESIAN_POINT ( 'NONE',  ( -0.005000000000000000100, 0.4706612939571652700, -1.115800696540586400 ) ) ;
#898 =( NAMED_UNIT ( * ) SI_UNIT ( $, .STERADIAN. ) SOLID_ANGLE_UNIT ( ) );
#899 = LINE ( 'NONE', #3356, #2798 ) ;
#900 = ORIENTED_EDGE ( 'NONE', *, *, #1884, .T. ) ;
#901 = CARTESIAN_POINT ( 'NONE',  ( -0.005000000000000000100, 0.2901559482957898300, 2.332659225181929100 ) ) ;
#902 = VECTOR ( 'NONE', #2361, 1000.000000000000000 ) ;
#903 = EDGE_CURVE ( 'NONE', #1657, #737, #742, .T. ) ;
#904 = DIRECTION ( 'NONE',  ( 0.0000000000000000000, -2.043497108812547200E-016, -1.000000000000000000 ) ) ;
#905 = DIRECTION ( 'NONE',  ( -1.000000000000000000, 0.0000000000000000000, 0.0000000000000000000 ) ) ;
#906 = PRESENTATION_STYLE_ASSIGNMENT (( #3292 ) ) ;
#907 = FILL_AREA_STYLE_COLOUR ( '', #3194 ) ;
#908 = ORIENTED_EDGE ( 'NONE', *, *, #486, .F. ) ;
#909 = CARTESIAN_POINT ( 'NONE',  ( -0.005000000000000000100, -0.05393646921602023700, -1.001545525218872500 ) ) ;
#910 = CARTESIAN_POINT ( 'NONE',  ( 22.00000000000000000, -1.750000000000000000, 0.0000000000000000000 ) ) ;
#911 = AXIS2_PLACEMENT_3D ( 'NONE', #1622, #573, #583 ) ;
#912 = FILL_AREA_STYLE ('',( #1924 ) ) ;
#913 = ADVANCED_FACE ( 'NONE', ( #22 ), #889, .F. ) ;
#914 = ORIENTED_EDGE ( 'NONE', *, *, #1283, .F. ) ;
#915 = FACE_OUTER_BOUND ( 'NONE', #3037, .T. ) ;
#916 = AXIS2_PLACEMENT_3D ( 'NONE', #113, #1959, #608 ) ;
#917 =( GEOMETRIC_REPRESENTATION_CONTEXT ( 3 ) GLOBAL_UNCERTAINTY_ASSIGNED_CONTEXT ( ( #1244 ) ) GLOBAL_UNIT_ASSIGNED_CONTEXT ( ( #888, #1698, #2462 ) ) REPRESENTATION_CONTEXT ( 'NONE', 'WORKASPACE' ) );
#918 = ORIENTED_EDGE ( 'NONE', *, *, #3263, .T. ) ;
#919 =( LENGTH_UNIT ( ) NAMED_UNIT ( * ) SI_UNIT ( .MILLI., .METRE. ) );
#920 = CARTESIAN_POINT ( 'NONE',  ( 0.0000000000000000000, 0.1188375638308398200, 1.448532829377931200 ) ) ;
#921 = DIRECTION ( 'NONE',  ( 0.0000000000000000000, 0.9985542843760947300, 0.05375259206908281800 ) ) ;
#922 = COLOUR_RGB ( '',0.0000000000000000000, 0.0000000000000000000, 0.0000000000000000000 ) ;
#923 = FILL_AREA_STYLE ('',( #2731 ) ) ;
#924 = AXIS2_PLACEMENT_3D ( 'NONE', #799, #2344, #3118 ) ;
#925 = FACE_OUTER_BOUND ( 'NONE', #2773, .T. ) ;
#926 = EDGE_LOOP ( 'NONE', ( #2958, #1719, #2064, #155 ) ) ;
#927 = CARTESIAN_POINT ( 'NONE',  ( -0.005000000000000000100, 0.4706612939571654900, 0.7713295621164777400 ) ) ;
#928 = DIRECTION ( 'NONE',  ( 1.000000000000000000, 0.0000000000000000000, 0.0000000000000000000 ) ) ;
#929 = CIRCLE ( 'NONE', #1189, 4.250000000000000000 ) ;
#930 = ORIENTED_EDGE ( 'NONE', *, *, #3022, .F. ) ;
#931 = EDGE_CURVE ( 'NONE', #1169, #737, #1788, .T. ) ;
#932 =( NAMED_UNIT ( * ) SI_UNIT ( $, .STERADIAN. ) SOLID_ANGLE_UNIT ( ) );
#933 = ORIENTED_EDGE ( 'NONE', *, *, #837, .T. ) ;
#934 = SURFACE_SIDE_STYLE ('',( #3053 ) ) ;
#935 = CARTESIAN_POINT ( 'NONE',  ( -0.005000000000000000100, 0.3721009671810895400, 0.5051709197727064500 ) ) ;
#936 =( GEOMETRIC_REPRESENTATION_CONTEXT ( 3 ) GLOBAL_UNCERTAINTY_ASSIGNED_CONTEXT ( ( #325 ) ) GLOBAL_UNIT_ASSIGNED_CONTEXT ( ( #1394, #3233, #2484 ) ) REPRESENTATION_CONTEXT ( 'NONE', 'WORKASPACE' ) );
#937 = AXIS2_PLACEMENT_3D ( 'NONE', #3238, #1894, #1920 ) ;
#938 = SURFACE_STYLE_USAGE ( .BOTH. , #699 ) ;
#939 = FILL_AREA_STYLE ('',( #729 ) ) ;
#940 = ORIENTED_EDGE ( 'NONE', *, *, #2959, .T. ) ;
#941 = SURFACE_STYLE_FILL_AREA ( #1134 ) ;
#942 = ORIENTED_EDGE ( 'NONE', *, *, #105, .F. ) ;
#943 = AXIS2_PLACEMENT_3D ( 'NONE', #181, #1501, #2251 ) ;
#944 = CARTESIAN_POINT ( 'NONE',  ( -0.005000000000000000100, -0.4641000000000287100, 0.06373707393421716700 ) ) ;
#945 = DIRECTION ( 'NONE',  ( 0.0000000000000000000, 0.9620200793799048600, 0.2729786930694068600 ) ) ;
#946 = VECTOR ( 'NONE', #1330, 1000.000000000000000 ) ;
#947 = LINE ( 'NONE', #3128, #241 ) ;
#948 = DIRECTION ( 'NONE',  ( 0.0000000000000000000, -1.213189754119655800E-016, -1.000000000000000000 ) ) ;
#949 = ADVANCED_FACE ( 'NONE', ( #389 ), #2010, .F. ) ;
#950 = VECTOR ( 'NONE', #2000, 1000.000000000000100 ) ;
#951 = FILL_AREA_STYLE ('',( #2282 ) ) ;
#952 = SURFACE_SIDE_STYLE ('',( #1796 ) ) ;
#953 = EDGE_CURVE ( 'NONE', #1032, #292, #1862, .T. ) ;
#954 = SURFACE_STYLE_FILL_AREA ( #939 ) ;
#955 = UNCERTAINTY_MEASURE_WITH_UNIT (LENGTH_MEASURE( 1.000000000000000100E-005 ), #33, 'distance_accuracy_value', 'NONE');
#956 = EDGE_CURVE ( 'NONE', #2668, #2836, #2210, .T. ) ;
#957 = PLANE ( 'NONE',  #1005 ) ;
#958 = PLANE ( 'NONE',  #3036 ) ;
#959 = CARTESIAN_POINT ( 'NONE',  ( 0.0000000000000000000, 0.4706612939571654900, -1.853707125018472200 ) ) ;
#960 = FILL_AREA_STYLE ('',( #2301 ) ) ;
#961 = ORIENTED_EDGE ( 'NONE', *, *, #1028, .T. ) ;
#962 = FILL_AREA_STYLE_COLOUR ( '', #3340 ) ;
#963 = MECHANICAL_DESIGN_GEOMETRIC_PRESENTATION_REPRESENTATION (  '', ( #1740 ), #2316 ) ;
#964 = SURFACE_SIDE_STYLE ('',( #1039 ) ) ;
#965 = COLOUR_RGB ( '',0.0000000000000000000, 0.0000000000000000000, 0.0000000000000000000 ) ;
#966 = ORIENTED_EDGE ( 'NONE', *, *, #396, .F. ) ;
#967 = SURFACE_STYLE_USAGE ( .BOTH. , #1989 ) ;
#968 = FILL_AREA_STYLE ('',( #3062 ) ) ;
#969 = STYLED_ITEM ( 'NONE', ( #2850 ), #3203 ) ;
#970 = MECHANICAL_DESIGN_GEOMETRIC_PRESENTATION_REPRESENTATION (  '', ( #602 ), #148 ) ;
#971 = ADVANCED_FACE ( 'NONE', ( #269 ), #1383, .T. ) ;
#972 = VECTOR ( 'NONE', #3352, 1000.000000000000000 ) ;
#973 =( LENGTH_UNIT ( ) NAMED_UNIT ( * ) SI_UNIT ( .MILLI., .METRE. ) );
#974 = EDGE_LOOP ( 'NONE', ( #3091, #2314, #2378, #1030 ) ) ;
#975 = CARTESIAN_POINT ( 'NONE',  ( 0.1999999999999996500, 0.0000000000000000000, 0.0000000000000000000 ) ) ;
#976 = CARTESIAN_POINT ( 'NONE',  ( 0.0000000000000000000, -0.4641000000000284300, 1.321314205319506200 ) ) ;
#977 = UNCERTAINTY_MEASURE_WITH_UNIT (LENGTH_MEASURE( 1.000000000000000100E-005 ), #1597, 'distance_accuracy_value', 'NONE');
#978 = LINE ( 'NONE', #1375, #2039 ) ;
#979 = ORIENTED_EDGE ( 'NONE', *, *, #131, .T. ) ;
#980 = DIRECTION ( 'NONE',  ( 0.0000000000000000000, 0.9612861490927304700, 0.2755520632520628300 ) ) ;
#981 = DIRECTION ( 'NONE',  ( 1.000000000000000000, 0.0000000000000000000, 0.0000000000000000000 ) ) ;
#982 = EDGE_CURVE ( 'NONE', #2165, #3006, #61, .T. ) ;
#983 = VECTOR ( 'NONE', #2057, 1000.000000000000000 ) ;
#984 = ORIENTED_EDGE ( 'NONE', *, *, #526, .F. ) ;
#985 = UNCERTAINTY_MEASURE_WITH_UNIT (LENGTH_MEASURE( 1.000000000000000100E-005 ), #2246, 'distance_accuracy_value', 'NONE');
#986 = ORIENTED_EDGE ( 'NONE', *, *, #3131, .T. ) ;
#987 = FILL_AREA_STYLE ('',( #2024 ) ) ;
#988 = VECTOR ( 'NONE', #2327, 1000.000000000000000 ) ;
#989 = ORIENTED_EDGE ( 'NONE', *, *, #659, .T. ) ;
#990 = STYLED_ITEM ( 'NONE', ( #906 ), #57 ) ;
#991 = SURFACE_STYLE_USAGE ( .BOTH. , #2068 ) ;
#992 = CARTESIAN_POINT ( 'NONE',  ( -0.005000000000000000100, 0.04345001279228703100, -1.977222312223316100 ) ) ;
#993 = LINE ( 'NONE', #2167, #2164 ) ;
#994 = ORIENTED_EDGE ( 'NONE', *, *, #1480, .T. ) ;
#995 = SHAPE_DEFINITION_REPRESENTATION ( #1180, #3067 ) ;
#996 = AXIS2_PLACEMENT_3D ( 'NONE', #2710, #1143, #2981 ) ;
#997 =( NAMED_UNIT ( * ) PLANE_ANGLE_UNIT ( ) SI_UNIT ( $, .RADIAN. ) );
#998 = SURFACE_STYLE_FILL_AREA ( #521 ) ;
#999 = VERTEX_POINT ( 'NONE', #1775 ) ;
#1000 = SURFACE_SIDE_STYLE ('',( #1598 ) ) ;
#1001 = SURFACE_SIDE_STYLE ('',( #627 ) ) ;
#1002 = DIRECTION ( 'NONE',  ( -1.000000000000000000, -0.0000000000000000000, -0.0000000000000000000 ) ) ;
#1003 = SURFACE_STYLE_FILL_AREA ( #1466 ) ;
#1004 = ORIENTED_EDGE ( 'NONE', *, *, #1205, .F. ) ;
#1005 = AXIS2_PLACEMENT_3D ( 'NONE', #1714, #1994, #2518 ) ;
#1006 = ORIENTED_EDGE ( 'NONE', *, *, #2486, .F. ) ;
#1007 = LINE ( 'NONE', #3373, #3346 ) ;
#1008 = ORIENTED_EDGE ( 'NONE', *, *, #3240, .T. ) ;
#1009 = VECTOR ( 'NONE', #2174, 1000.000000000000100 ) ;
#1010 = EDGE_CURVE ( 'NONE', #109, #309, #2120, .T. ) ;
#1011 = CARTESIAN_POINT ( 'NONE',  ( -0.005000000000000000100, 0.04345001279229223500, -1.699458807457130600 ) ) ;
#1012 = DIRECTION ( 'NONE',  ( 1.000000000000000000, 0.0000000000000000000, 0.0000000000000000000 ) ) ;
#1013 = VERTEX_POINT ( 'NONE', #459 ) ;
#1014 = DIRECTION ( 'NONE',  ( -1.000000000000000000, -0.0000000000000000000, -0.0000000000000000000 ) ) ;
#1015 = AXIS2_PLACEMENT_3D ( 'NONE', #2402, #2641, #3164 ) ;
#1016 = PRESENTATION_STYLE_ASSIGNMENT (( #1195 ) ) ;
#1017 = CARTESIAN_POINT ( 'NONE',  ( -0.005000000000000000100, -0.05393646921773419900, 0.9980834009764542000 ) ) ;
#1018 = COLOUR_RGB ( '',0.7921568627450980000, 0.8196078431372548800, 0.9333333333333333500 ) ;
#1019 = PRODUCT_DEFINITION_CONTEXT ( 'detailed design', #511, 'design' ) ;
#1020 = STYLED_ITEM ( 'NONE', ( #1603 ), #1897 ) ;
#1021 = EDGE_LOOP ( 'NONE', ( #2535, #432, #3110, #3014, #984, #2463, #2586, #371, #2979, #2209, #3074 ) ) ;
#1022 = DIRECTION ( 'NONE',  ( 1.000000000000000000, -0.0000000000000000000, -0.0000000000000000000 ) ) ;
#1023 = CARTESIAN_POINT ( 'NONE',  ( 0.0000000000000000000, 0.2927030167103896200, 1.097976737910209200 ) ) ;
#1024 = PRESENTATION_STYLE_ASSIGNMENT (( #3078 ) ) ;
#1025 = ORIENTED_EDGE ( 'NONE', *, *, #757, .T. ) ;
#1026 = VECTOR ( 'NONE', #3394, 1000.000000000000000 ) ;
#1027 = FILL_AREA_STYLE_COLOUR ( '', #2964 ) ;
#1028 = EDGE_CURVE ( 'NONE', #1777, #1890, #1424, .T. ) ;
#1029 = SURFACE_STYLE_FILL_AREA ( #987 ) ;
#1030 = ORIENTED_EDGE ( 'NONE', *, *, #58, .F. ) ;
#1031 = EDGE_CURVE ( 'NONE', #358, #1710, #556, .T. ) ;
#1032 = VERTEX_POINT ( 'NONE', #691 ) ;
#1033 = PLANE ( 'NONE',  #1755 ) ;
#1034 = CARTESIAN_POINT ( 'NONE',  ( -0.005000000000000000100, 0.3680934099909672900, -0.1388150986193753000 ) ) ;
#1035 = AXIS2_PLACEMENT_3D ( 'NONE', #157, #1985, #1502 ) ;
#1036 = FACE_OUTER_BOUND ( 'NONE', #1377, .T. ) ;
#1037 = EDGE_LOOP ( 'NONE', ( #687, #2105, #703, #2437 ) ) ;
#1038 = DIRECTION ( 'NONE',  ( 0.0000000000000000000, 0.9615454294334483400, 0.2746459304916885600 ) ) ;
#1039 = SURFACE_STYLE_FILL_AREA ( #2471 ) ;
#1040 =( GEOMETRIC_REPRESENTATION_CONTEXT ( 3 ) GLOBAL_UNCERTAINTY_ASSIGNED_CONTEXT ( ( #1369 ) ) GLOBAL_UNIT_ASSIGNED_CONTEXT ( ( #3231, #653, #1644 ) ) REPRESENTATION_CONTEXT ( 'NONE', 'WORKASPACE' ) );
#1041 = FACE_OUTER_BOUND ( 'NONE', #390, .T. ) ;
#1042 = LINE ( 'NONE', #2236, #2094 ) ;
#1043 = CARTESIAN_POINT ( 'NONE',  ( -0.005000000000000000100, -0.2862610967964894200, -0.5495612876816065000 ) ) ;
#1044 = CARTESIAN_POINT ( 'NONE',  ( 6.326249999999999900, 0.0000000000000000000, 0.0000000000000000000 ) ) ;
#1045 = VERTEX_POINT ( 'NONE', #2534 ) ;
#1046 = LINE ( 'NONE', #1789, #125 ) ;
#1047 = ORIENTED_EDGE ( 'NONE', *, *, #1759, .F. ) ;
#1048 = PRESENTATION_STYLE_ASSIGNMENT (( #720 ) ) ;
#1049 = UNCERTAINTY_MEASURE_WITH_UNIT (LENGTH_MEASURE( 1.000000000000000100E-005 ), #2713, 'distance_accuracy_value', 'NONE');
#1050 = PRESENTATION_LAYER_ASSIGNMENT (  '', '', ( #163 ) ) ;
#1051 = SURFACE_STYLE_FILL_AREA ( #1968 ) ;
#1052 =( LENGTH_UNIT ( ) NAMED_UNIT ( * ) SI_UNIT ( .MILLI., .METRE. ) );
#1053 =( GEOMETRIC_REPRESENTATION_CONTEXT ( 3 ) GLOBAL_UNCERTAINTY_ASSIGNED_CONTEXT ( ( #451 ) ) GLOBAL_UNIT_ASSIGNED_CONTEXT ( ( #2136, #65, #1127 ) ) REPRESENTATION_CONTEXT ( 'NONE', 'WORKASPACE' ) );
#1054 = CARTESIAN_POINT ( 'NONE',  ( 0.0000000000000000000, -0.4641000000000288200, -1.773493452664154600 ) ) ;
#1055 = CARTESIAN_POINT ( 'NONE',  ( 0.0000000000000000000, 0.4706612939571652700, -1.263084146543252100 ) ) ;
#1056 = PRESENTATION_STYLE_ASSIGNMENT (( #678 ) ) ;
#1057 = PRESENTATION_LAYER_ASSIGNMENT (  '', '', ( #3156 ) ) ;
#1058 = MECHANICAL_DESIGN_GEOMETRIC_PRESENTATION_REPRESENTATION (  '', ( #1301 ), #230 ) ;
#1059 = DIRECTION ( 'NONE',  ( 0.0000000000000000000, 0.9601763114346040200, 0.2793947940814899800 ) ) ;
#1060 = VERTEX_POINT ( 'NONE', #3079 ) ;
#1062 = CARTESIAN_POINT ( 'NONE',  ( -0.005000000000000000100, 0.1188375638308397100, 1.047384881157789300 ) ) ;
#1061 = AXIS2_PLACEMENT_3D ( 'NONE', #1510, #3167, #3138 ) ;
#1063 = COLOUR_RGB ( '',0.0000000000000000000, 0.0000000000000000000, 0.0000000000000000000 ) ;
#1064 = CARTESIAN_POINT ( 'NONE',  ( -0.005000000000000000100, -0.4641000000000286000, 0.2650415035041395800 ) ) ;
#1065 = APPLICATION_PROTOCOL_DEFINITION ( 'draft international standard', 'automotive_design', 1998, #295 ) ;
#1066 = CARTESIAN_POINT ( 'NONE',  ( 0.0000000000000000000, 0.2901762661115319700, 1.810514722201963700 ) ) ;
#1067 = LINE ( 'NONE', #1658, #2 ) ;
#1068 = ORIENTED_EDGE ( 'NONE', *, *, #303, .F. ) ;
#1069 = EDGE_CURVE ( 'NONE', #1906, #1281, #640, .T. ) ;
#1070 = CARTESIAN_POINT ( 'NONE',  ( -0.005000000000000000100, 0.4706612939571654900, 0.3613496161570116700 ) ) ;
#1071 = ORIENTED_EDGE ( 'NONE', *, *, #3236, .T. ) ;
#1072 = EDGE_CURVE ( 'NONE', #1948, #3304, #2661, .T. ) ;
#1073 = DIRECTION ( 'NONE',  ( 0.0000000000000000000, 0.9610876102172872800, 0.2762437428917142200 ) ) ;
#1074 = STYLED_ITEM ( 'NONE', ( #3285 ), #425 ) ;
#1075 = CARTESIAN_POINT ( 'NONE',  ( -0.005000000000000000100, -0.4641000000000289900, -0.3777621434046455900 ) ) ;
#1076 = AXIS2_PLACEMENT_3D ( 'NONE', #1091, #300, #1602 ) ;
#1077 = ORIENTED_EDGE ( 'NONE', *, *, #466, .F. ) ;
#1078 = PRESENTATION_LAYER_ASSIGNMENT (  '', '', ( #1587 ) ) ;
#1079 = VECTOR ( 'NONE', #2610, 1000.000000000000000 ) ;
#1080 = CARTESIAN_POINT ( 'NONE',  ( -0.005000000000000000100, -0.4641000000000289900, -0.3777621434046455900 ) ) ;
#1081 = SURFACE_STYLE_USAGE ( .BOTH. , #809 ) ;
#1082 = ORIENTED_EDGE ( 'NONE', *, *, #1929, .F. ) ;
#1083 = SURFACE_STYLE_FILL_AREA ( #3084 ) ;
#1084 = CARTESIAN_POINT ( 'NONE',  ( 0.0000000000000000000, 0.0000000000000000000, -4.050000000000000700 ) ) ;
#1085 = FILL_AREA_STYLE ('',( #2411 ) ) ;
#1086 = ORIENTED_EDGE ( 'NONE', *, *, #17, .F. ) ;
#1087 = UNCERTAINTY_MEASURE_WITH_UNIT (LENGTH_MEASURE( 1.000000000000000100E-005 ), #3324, 'distance_accuracy_value', 'NONE');
#1088 = COLOUR_RGB ( '',0.0000000000000000000, 0.0000000000000000000, 0.0000000000000000000 ) ;
#1089 = EDGE_CURVE ( 'NONE', #3409, #1318, #2735, .T. ) ;
#1090 = ORIENTED_EDGE ( 'NONE', *, *, #548, .F. ) ;
#1091 = CARTESIAN_POINT ( 'NONE',  ( 6.107499999999999900, 0.0000000000000000000, 0.0000000000000000000 ) ) ;
#1092 = STYLED_ITEM ( 'NONE', ( #1830 ), #344 ) ;
#1093 = CARTESIAN_POINT ( 'NONE',  ( 6.107499999999999900, 5.204748896376250700E-016, 4.250000000000000000 ) ) ;
#1094 = CYLINDRICAL_SURFACE ( 'NONE', #27, 4.250000000000000000 ) ;
#1095 =( GEOMETRIC_REPRESENTATION_CONTEXT ( 3 ) GLOBAL_UNCERTAINTY_ASSIGNED_CONTEXT ( ( #2441 ) ) GLOBAL_UNIT_ASSIGNED_CONTEXT ( ( #2585, #1515, #2062 ) ) REPRESENTATION_CONTEXT ( 'NONE', 'WORKASPACE' ) );
#1096 = STYLED_ITEM ( 'NONE', ( #1056 ), #1695 ) ;
#1097 = CARTESIAN_POINT ( 'NONE',  ( 0.0000000000000000000, 0.07204293857864706200, -1.967970823063391200 ) ) ;
#1098 = EDGE_LOOP ( 'NONE', ( #355, #1827, #2913, #1885 ) ) ;
#1099 = SURFACE_STYLE_FILL_AREA ( #2337 ) ;
#1100 = DIRECTION ( 'NONE',  ( 0.0000000000000000000, 0.9610992334304873100, 0.2762033010290240200 ) ) ;
#1101 = CARTESIAN_POINT ( 'NONE',  ( 0.0000000000000000000, 0.4706612939571654900, -1.853707125018472200 ) ) ;
#1102 = UNCERTAINTY_MEASURE_WITH_UNIT (LENGTH_MEASURE( 1.000000000000000100E-005 ), #2975, 'distance_accuracy_value', 'NONE');
#1103 = VERTEX_POINT ( 'NONE', #518 ) ;
#1104 = CARTESIAN_POINT ( 'NONE',  ( -0.005000000000000000100, -0.2862610967964894200, -1.067741274870060300 ) ) ;
#1105 =( NAMED_UNIT ( * ) PLANE_ANGLE_UNIT ( ) SI_UNIT ( $, .RADIAN. ) );
#1106 = SURFACE_STYLE_FILL_AREA ( #1436 ) ;
#1107 = ORIENTED_EDGE ( 'NONE', *, *, #80, .F. ) ;
#1108 = PRESENTATION_STYLE_ASSIGNMENT (( #3397 ) ) ;
#1109 = DIRECTION ( 'NONE',  ( 0.0000000000000000000, -2.088488394260788100E-016, -1.000000000000000000 ) ) ;
#1110 = VERTEX_POINT ( 'NONE', #759 ) ;
#1111 = SURFACE_STYLE_USAGE ( .BOTH. , #2684 ) ;
#1112 = AXIS2_PLACEMENT_3D ( 'NONE', #1645, #1860, #1113 ) ;
#1113 = DIRECTION ( 'NONE',  ( 0.0000000000000000000, -2.104574761018632200E-016, -1.000000000000000000 ) ) ;
#1114 = VECTOR ( 'NONE', #87, 1000.000000000000200 ) ;
#1115 = PRESENTATION_STYLE_ASSIGNMENT (( #2003 ) ) ;
#1116 = CARTESIAN_POINT ( 'NONE',  ( 0.0000000000000000000, 0.4706612939571652700, -2.119865767362318000 ) ) ;
#1117 = DIRECTION ( 'NONE',  ( 0.0000000000000000000, 0.0000000000000000000, -1.000000000000000000 ) ) ;
#1118 = DIRECTION ( 'NONE',  ( 0.0000000000000000000, -1.903994955167360800E-016, -1.000000000000000000 ) ) ;
#1119 = MECHANICAL_DESIGN_GEOMETRIC_PRESENTATION_REPRESENTATION (  '', ( #228 ), #402 ) ;
#1120 = AXIS2_PLACEMENT_3D ( 'NONE', #1168, #3283, #921 ) ;
#1121 = SURFACE_SIDE_STYLE ('',( #132 ) ) ;
#1122 = ORIENTED_EDGE ( 'NONE', *, *, #760, .F. ) ;
#1123 = SURFACE_STYLE_FILL_AREA ( #2673 ) ;
#1124 = ORIENTED_EDGE ( 'NONE', *, *, #2005, .T. ) ;
#1125 = LINE ( 'NONE', #2289, #1726 ) ;
#1126 = CARTESIAN_POINT ( 'NONE',  ( -0.005000000000000000100, -0.4641000000000286000, 0.6150746229693603300 ) ) ;
#1127 =( NAMED_UNIT ( * ) SI_UNIT ( $, .STERADIAN. ) SOLID_ANGLE_UNIT ( ) );
#1128 = ADVANCED_FACE ( 'NONE', ( #386 ), #806, .T. ) ;
#1129 = UNCERTAINTY_MEASURE_WITH_UNIT (LENGTH_MEASURE( 1.000000000000000100E-005 ), #1896, 'distance_accuracy_value', 'NONE');
#1130 = ORIENTED_EDGE ( 'NONE', *, *, #2032, .F. ) ;
#1131 = LINE ( 'NONE', #2672, #625 ) ;
#1132 = EDGE_CURVE ( 'NONE', #1169, #258, #1188, .T. ) ;
#1133 = DIRECTION ( 'NONE',  ( 0.0000000000000000000, 0.9999960426590095400, 0.002813301676022605800 ) ) ;
#1134 = FILL_AREA_STYLE ('',( #81 ) ) ;
#1135 = EDGE_CURVE ( 'NONE', #2061, #842, #263, .T. ) ;
#1136 = DIRECTION ( 'NONE',  ( 0.0000000000000000000, -0.2760118818968558800, 0.9611542233438691300 ) ) ;
#1137 = PLANE ( 'NONE',  #2733 ) ;
#1138 = ORIENTED_EDGE ( 'NONE', *, *, #903, .F. ) ;
#1139 = MECHANICAL_DESIGN_GEOMETRIC_PRESENTATION_REPRESENTATION (  '', ( #885 ), #725 ) ;
#1140 = SURFACE_STYLE_USAGE ( .BOTH. , #2706 ) ;
#1141 = ORIENTED_EDGE ( 'NONE', *, *, #548, .T. ) ;
#1142 = MECHANICAL_DESIGN_GEOMETRIC_PRESENTATION_REPRESENTATION (  '', ( #969 ), #1824 ) ;
#1143 = DIRECTION ( 'NONE',  ( 1.000000000000000000, 0.0000000000000000000, 0.0000000000000000000 ) ) ;
#1144 =( LENGTH_UNIT ( ) NAMED_UNIT ( * ) SI_UNIT ( .MILLI., .METRE. ) );
#1145 = FACE_OUTER_BOUND ( 'NONE', #129, .T. ) ;
#1146 = ORIENTED_EDGE ( 'NONE', *, *, #341, .T. ) ;
#1147 = CARTESIAN_POINT ( 'NONE',  ( -0.005000000000000000100, -0.4641000000000000100, -2.388500000000000500 ) ) ;
#1148 = SURFACE_STYLE_FILL_AREA ( #838 ) ;
#1149 = CARTESIAN_POINT ( 'NONE',  ( 6.107499999999999900, 4.936857409062767600E-016, 4.031250000000000000 ) ) ;
#1150 = VERTEX_POINT ( 'NONE', #1034 ) ;
#1151 = COLOUR_RGB ( '',0.0000000000000000000, 0.0000000000000000000, 0.0000000000000000000 ) ;
#1152 = ORIENTED_EDGE ( 'NONE', *, *, #663, .F. ) ;
#1153 = EDGE_CURVE ( 'NONE', #1318, #762, #3151, .T. ) ;
#1154 = PRESENTATION_STYLE_ASSIGNMENT (( #1549 ) ) ;
#1155 = DIRECTION ( 'NONE',  ( 1.000000000000000000, 0.0000000000000000000, 0.0000000000000000000 ) ) ;
#1156 =( NAMED_UNIT ( * ) SI_UNIT ( $, .STERADIAN. ) SOLID_ANGLE_UNIT ( ) );
#1157 = FACE_OUTER_BOUND ( 'NONE', #2258, .T. ) ;
#1158 = VECTOR ( 'NONE', #981, 1000.000000000000000 ) ;
#1159 = SURFACE_STYLE_FILL_AREA ( #2014 ) ;
#1160 =( NAMED_UNIT ( * ) PLANE_ANGLE_UNIT ( ) SI_UNIT ( $, .RADIAN. ) );
#1161 = STYLED_ITEM ( 'NONE', ( #1321 ), #159 ) ;
#1162 = DIRECTION ( 'NONE',  ( -0.0000000000000000000, -0.9610992334315856500, -0.2762033010252023000 ) ) ;
#1163 = ORIENTED_EDGE ( 'NONE', *, *, #2834, .F. ) ;
#1164 =( GEOMETRIC_REPRESENTATION_CONTEXT ( 3 ) GLOBAL_UNCERTAINTY_ASSIGNED_CONTEXT ( ( #1102 ) ) GLOBAL_UNIT_ASSIGNED_CONTEXT ( ( #2975, #1647, #78 ) ) REPRESENTATION_CONTEXT ( 'NONE', 'WORKASPACE' ) );
#1165 =( GEOMETRIC_REPRESENTATION_CONTEXT ( 3 ) GLOBAL_UNCERTAINTY_ASSIGNED_CONTEXT ( ( #2318 ) ) GLOBAL_UNIT_ASSIGNED_CONTEXT ( ( #2505, #392, #665 ) ) REPRESENTATION_CONTEXT ( 'NONE', 'WORKASPACE' ) );
#1166 = LINE ( 'NONE', #901, #175 ) ;
#1167 =( LENGTH_UNIT ( ) NAMED_UNIT ( * ) SI_UNIT ( .MILLI., .METRE. ) );
#1168 = CARTESIAN_POINT ( 'NONE',  ( -0.005000000000000000100, -0.1971441846550018600, 0.03013995228619021500 ) ) ;
#1169 = VERTEX_POINT ( 'NONE', #1322 ) ;
#1170 = SURFACE_STYLE_FILL_AREA ( #150 ) ;
#1171 = SURFACE_SIDE_STYLE ('',( #3109 ) ) ;
#1172 = MECHANICAL_DESIGN_GEOMETRIC_PRESENTATION_REPRESENTATION (  '', ( #2660 ), #630 ) ;
#1173 = PLANE ( 'NONE',  #916 ) ;
#1174 = DIRECTION ( 'NONE',  ( 0.0000000000000000000, 0.0000000000000000000, 1.000000000000000000 ) ) ;
#1175 = DIRECTION ( 'NONE',  ( 1.000000000000000000, 0.0000000000000000000, 0.0000000000000000000 ) ) ;
#1176 = SURFACE_STYLE_FILL_AREA ( #1235 ) ;
#1177 = COLOUR_RGB ( '',0.0000000000000000000, 0.0000000000000000000, 0.0000000000000000000 ) ;
#1178 = CARTESIAN_POINT ( 'NONE',  ( -0.005000000000000000100, 0.3721009671810895400, 0.5051709197727064500 ) ) ;
#1179 =( LENGTH_UNIT ( ) NAMED_UNIT ( * ) SI_UNIT ( .MILLI., .METRE. ) );
#1180 = PRODUCT_DEFINITION_SHAPE ( 'NONE', 'NONE',  #1535 ) ;
#1181 = SURFACE_STYLE_USAGE ( .BOTH. , #107 ) ;
#1182 = CARTESIAN_POINT ( 'NONE',  ( -0.005000000000000000100, 0.3680934099909672900, -0.1388150986193753000 ) ) ;
#1183 = EDGE_CURVE ( 'NONE', #2288, #2840, #1747, .T. ) ;
#1184 = LINE ( 'NONE', #637, #473 ) ;
#1185 = VERTEX_POINT ( 'NONE', #1023 ) ;
#1186 = SURFACE_SIDE_STYLE ('',( #1051 ) ) ;
#1187 = DIRECTION ( 'NONE',  ( 0.0000000000000000000, -0.9610664548999087200, -0.2763173343569341200 ) ) ;
#1188 = LINE ( 'NONE', #1064, #2490 ) ;
#1189 = AXIS2_PLACEMENT_3D ( 'NONE', #2922, #2380, #1614 ) ;
#1190 = FILL_AREA_STYLE ('',( #427 ) ) ;
#1191 = VECTOR ( 'NONE', #1012, 1000.000000000000000 ) ;
#1192 = ORIENTED_EDGE ( 'NONE', *, *, #1599, .F. ) ;
#1193 =( GEOMETRIC_REPRESENTATION_CONTEXT ( 3 ) GLOBAL_UNCERTAINTY_ASSIGNED_CONTEXT ( ( #977 ) ) GLOBAL_UNIT_ASSIGNED_CONTEXT ( ( #1597, #2384, #1568 ) ) REPRESENTATION_CONTEXT ( 'NONE', 'WORKASPACE' ) );
#1194 = SURFACE_STYLE_USAGE ( .BOTH. , #1460 ) ;
#1195 = SURFACE_STYLE_USAGE ( .BOTH. , #379 ) ;
#1196 = MECHANICAL_DESIGN_GEOMETRIC_PRESENTATION_REPRESENTATION (  '', ( #2400 ), #1343 ) ;
#1197 = DIRECTION ( 'NONE',  ( 0.0000000000000000000, 2.480431458422449600E-016, 1.000000000000000000 ) ) ;
#1198 = VECTOR ( 'NONE', #153, 1000.000000000000000 ) ;
#1199 = ORIENTED_EDGE ( 'NONE', *, *, #2176, .F. ) ;
#1200 = FILL_AREA_STYLE ('',( #962 ) ) ;
#1201 = VECTOR ( 'NONE', #948, 1000.000000000000000 ) ;
#1202 = ORIENTED_EDGE ( 'NONE', *, *, #105, .T. ) ;
#1203 = ADVANCED_FACE ( 'NONE', ( #2208 ), #2096, .F. ) ;
#1204 = CARTESIAN_POINT ( 'NONE',  ( -0.005000000000000000100, 0.4706612939571652700, -1.263084146543252100 ) ) ;
#1205 = EDGE_CURVE ( 'NONE', #2142, #1472, #2116, .T. ) ;
#1206 = COLOUR_RGB ( '',0.0000000000000000000, 0.0000000000000000000, 0.0000000000000000000 ) ;
#1207 = SURFACE_STYLE_FILL_AREA ( #1284 ) ;
#1208 = EDGE_CURVE ( 'NONE', #2266, #1214, #2835, .T. ) ;
#1209 = DIRECTION ( 'NONE',  ( 1.000000000000000000, 0.0000000000000000000, 0.0000000000000000000 ) ) ;
#1210 = CARTESIAN_POINT ( 'NONE',  ( -0.005000000000000000100, -0.08311769719428983800, -0.01128161535484577600 ) ) ;
#1211 = FILL_AREA_STYLE_COLOUR ( '', #1177 ) ;
#1212 = CARTESIAN_POINT ( 'NONE',  ( -0.005000000000000000100, 0.3680934099909672900, -0.1388150986193753000 ) ) ;
#1213 = LINE ( 'NONE', #2135, #569 ) ;
#1214 = VERTEX_POINT ( 'NONE', #1793 ) ;
#1215 = COLOUR_RGB ( '',0.0000000000000000000, 0.0000000000000000000, 0.0000000000000000000 ) ;
#1216 = FILL_AREA_STYLE_COLOUR ( '', #2321 ) ;
#1217 = AXIS2_PLACEMENT_3D ( 'NONE', #2547, #2524, #412 ) ;
#1218 = DIRECTION ( 'NONE',  ( 1.000000000000000000, -0.0000000000000000000, -0.0000000000000000000 ) ) ;
#1219 = ORIENTED_EDGE ( 'NONE', *, *, #1542, .F. ) ;
#1220 = LINE ( 'NONE', #739, #1402 ) ;
#1221 = DIRECTION ( 'NONE',  ( 0.0000000000000000000, 0.0000000000000000000, -1.000000000000000000 ) ) ;
#1222 = SURFACE_STYLE_USAGE ( .BOTH. , #3085 ) ;
#1223 = MECHANICAL_DESIGN_GEOMETRIC_PRESENTATION_REPRESENTATION (  '', ( #1649 ), #917 ) ;
#1224 = ADVANCED_FACE ( 'NONE', ( #101 ), #766, .F. ) ;
#1225 = ORIENTED_EDGE ( 'NONE', *, *, #523, .F. ) ;
#1226 = DIRECTION ( 'NONE',  ( 0.0000000000000000000, 0.2763139702539114700, -0.9610674221107073900 ) ) ;
#1227 = CARTESIAN_POINT ( 'NONE',  ( 7.000000000000000000, 0.0000000000000000000, 0.0000000000000000000 ) ) ;
#1228 = DIRECTION ( 'NONE',  ( 0.0000000000000000000, 0.9999891854650021500, 0.004650693823678241100 ) ) ;
#1229 = CARTESIAN_POINT ( 'NONE',  ( 0.0000000000000000000, 0.4706612939571652700, -1.263084146543252100 ) ) ;
#1230 =( NAMED_UNIT ( * ) PLANE_ANGLE_UNIT ( ) SI_UNIT ( $, .RADIAN. ) );
#1231 = CARTESIAN_POINT ( 'NONE',  ( 0.0000000000000000000, 0.4706612939571654900, 0.3613496161570116700 ) ) ;
#1232 = STYLED_ITEM ( 'NONE', ( #414 ), #2244 ) ;
#1233 = VERTEX_POINT ( 'NONE', #238 ) ;
#1234 = SURFACE_SIDE_STYLE ('',( #789 ) ) ;
#1235 = FILL_AREA_STYLE ('',( #2811 ) ) ;
#1236 = CARTESIAN_POINT ( 'NONE',  ( 7.000000000000000000, 0.0000000000000000000, 0.0000000000000000000 ) ) ;
#1237 =( GEOMETRIC_REPRESENTATION_CONTEXT ( 3 ) GLOBAL_UNCERTAINTY_ASSIGNED_CONTEXT ( ( #2171 ) ) GLOBAL_UNIT_ASSIGNED_CONTEXT ( ( #1052, #1770, #1840 ) ) REPRESENTATION_CONTEXT ( 'NONE', 'WORKASPACE' ) );
#1238 = ADVANCED_FACE ( 'NONE', ( #803 ), #43, .F. ) ;
#1239 =( GEOMETRIC_REPRESENTATION_CONTEXT ( 3 ) GLOBAL_UNCERTAINTY_ASSIGNED_CONTEXT ( ( #1971 ) ) GLOBAL_UNIT_ASSIGNED_CONTEXT ( ( #3305, #1442, #183 ) ) REPRESENTATION_CONTEXT ( 'NONE', 'WORKASPACE' ) );
#1240 = MECHANICAL_DESIGN_GEOMETRIC_PRESENTATION_REPRESENTATION (  '', ( #2357 ), #403 ) ;
#1241 = LINE ( 'NONE', #166, #3371 ) ;
#1242 = DIRECTION ( 'NONE',  ( 0.0000000000000000000, -1.000000000000000000, 2.088488394260788600E-016 ) ) ;
#1243 = ORIENTED_EDGE ( 'NONE', *, *, #185, .F. ) ;
#1244 = UNCERTAINTY_MEASURE_WITH_UNIT (LENGTH_MEASURE( 1.000000000000000100E-005 ), #888, 'distance_accuracy_value', 'NONE');
#1245 = AXIS2_PLACEMENT_3D ( 'NONE', #492, #745, #3092 ) ;
#1246 = SURFACE_SIDE_STYLE ('',( #1446 ) ) ;
#1247 =( NAMED_UNIT ( * ) PLANE_ANGLE_UNIT ( ) SI_UNIT ( $, .RADIAN. ) );
#1248 = COLOUR_RGB ( '',0.8941176470588234600, 0.9137254901960784000, 0.9294117647058823800 ) ;
#1249 =( NAMED_UNIT ( * ) SI_UNIT ( $, .STERADIAN. ) SOLID_ANGLE_UNIT ( ) );
#1250 =( LENGTH_UNIT ( ) NAMED_UNIT ( * ) SI_UNIT ( .MILLI., .METRE. ) );
#1251 = LINE ( 'NONE', #1440, #2884 ) ;
#1252 = LINE ( 'NONE', #695, #950 ) ;
#1253 = CARTESIAN_POINT ( 'NONE',  ( -0.005000000000000000100, 0.1188375638308398200, 1.448532829377931200 ) ) ;
#1254 = EDGE_CURVE ( 'NONE', #204, #2759, #978, .T. ) ;
#1255 = SURFACE_STYLE_FILL_AREA ( #968 ) ;
#1256 = LINE ( 'NONE', #2482, #2560 ) ;
#1257 = EDGE_CURVE ( 'NONE', #3327, #785, #2112, .T. ) ;
#1258 = DIRECTION ( 'NONE',  ( 0.0000000000000000000, 0.9237839814038914000, -0.3829140317376404900 ) ) ;
#1259 = FILL_AREA_STYLE_COLOUR ( '', #727 ) ;
#1260 = SURFACE_SIDE_STYLE ('',( #1950 ) ) ;
#1261 = ORIENTED_EDGE ( 'NONE', *, *, #1308, .F. ) ;
#1262 = VECTOR ( 'NONE', #2310, 1000.000000000000000 ) ;
#1263 = ORIENTED_EDGE ( 'NONE', *, *, #110, .T. ) ;
#1264 = CARTESIAN_POINT ( 'NONE',  ( 6.107499999999999900, 0.0000000000000000000, 0.0000000000000000000 ) ) ;
#1265 = FACE_OUTER_BOUND ( 'NONE', #641, .T. ) ;
#1266 = FACE_BOUND ( 'NONE', #2503, .T. ) ;
#1267 = EDGE_LOOP ( 'NONE', ( #2892, #2602, #1047, #2025 ) ) ;
#1268 = UNCERTAINTY_MEASURE_WITH_UNIT (LENGTH_MEASURE( 1.000000000000000100E-005 ), #244, 'distance_accuracy_value', 'NONE');
#1269 = CARTESIAN_POINT ( 'NONE',  ( 0.0000000000000000000, -0.4641000000000282700, 1.859929891948954200 ) ) ;
#1270 = CARTESIAN_POINT ( 'NONE',  ( 0.0000000000000000000, 0.2901559482957898300, 2.332659225181929100 ) ) ;
#1271 = VERTEX_POINT ( 'NONE', #2115 ) ;
#1272 = CARTESIAN_POINT ( 'NONE',  ( -0.005000000000000000100, 0.4706612939571652700, -0.4252303785879496000 ) ) ;
#1273 = PLANE ( 'NONE',  #1519 ) ;
#1274 =( LENGTH_UNIT ( ) NAMED_UNIT ( * ) SI_UNIT ( .MILLI., .METRE. ) );
#1275 = VECTOR ( 'NONE', #2202, 1000.000000000000000 ) ;
#1276 = DIRECTION ( 'NONE',  ( 1.000000000000000000, 0.0000000000000000000, 0.0000000000000000000 ) ) ;
#1277 = LINE ( 'NONE', #1995, #1898 ) ;
#1278 = ORIENTED_EDGE ( 'NONE', *, *, #1859, .F. ) ;
#1279 = CARTESIAN_POINT ( 'NONE',  ( -0.005000000000000000100, 0.07204293857864706200, -1.967970823063391200 ) ) ;
#1280 = EDGE_CURVE ( 'NONE', #217, #1110, #1418, .T. ) ;
#1281 = VERTEX_POINT ( 'NONE', #3213 ) ;
#1282 = ORIENTED_EDGE ( 'NONE', *, *, #3093, .F. ) ;
#1283 = EDGE_CURVE ( 'NONE', #1346, #1774, #192, .T. ) ;
#1284 = FILL_AREA_STYLE ('',( #1027 ) ) ;
#1285 = ORIENTED_EDGE ( 'NONE', *, *, #2671, .T. ) ;
#1286 = MECHANICAL_DESIGN_GEOMETRIC_PRESENTATION_REPRESENTATION (  '', ( #195 ), #1095 ) ;
#1287 = STYLED_ITEM ( 'NONE', ( #430 ), #1448 ) ;
#1288 = LINE ( 'NONE', #2146, #3244 ) ;
#1289 = FACE_OUTER_BOUND ( 'NONE', #1932, .T. ) ;
#1290 =( LENGTH_UNIT ( ) NAMED_UNIT ( * ) SI_UNIT ( .MILLI., .METRE. ) );
#1291 = STYLED_ITEM ( 'NONE', ( #2936 ), #2111 ) ;
#1292 = VERTEX_POINT ( 'NONE', #2153 ) ;
#1293 = SURFACE_STYLE_FILL_AREA ( #2889 ) ;
#1294 = VECTOR ( 'NONE', #728, 1000.000000000000100 ) ;
#1295 = ORIENTED_EDGE ( 'NONE', *, *, #2179, .T. ) ;
#1296 = PRESENTATION_LAYER_ASSIGNMENT (  '', '', ( #1092 ) ) ;
#1297 =( NAMED_UNIT ( * ) SI_UNIT ( $, .STERADIAN. ) SOLID_ANGLE_UNIT ( ) );
#1298 = CARTESIAN_POINT ( 'NONE',  ( -0.005000000000000000100, 0.4706612939571654900, 0.06608819870102282400 ) ) ;
#1299 = ORIENTED_EDGE ( 'NONE', *, *, #718, .F. ) ;
#1300 = FILL_AREA_STYLE ('',( #2874 ) ) ;
#1301 = STYLED_ITEM ( 'NONE', ( #692 ), #875 ) ;
#1302 = VECTOR ( 'NONE', #137, 1000.000000000000000 ) ;
#1303 = CARTESIAN_POINT ( 'NONE',  ( 0.0000000000000000000, 0.07204293857864706200, -1.967970823063391200 ) ) ;
#1304 = FILL_AREA_STYLE ('',( #2611 ) ) ;
#1305 = EDGE_LOOP ( 'NONE', ( #2335, #1928, #2084, #2688 ) ) ;
#1306 =( NAMED_UNIT ( * ) SI_UNIT ( $, .STERADIAN. ) SOLID_ANGLE_UNIT ( ) );
#1307 = ORIENTED_EDGE ( 'NONE', *, *, #1208, .T. ) ;
#1308 = EDGE_CURVE ( 'NONE', #3261, #3007, #929, .T. ) ;
#1309 = VECTOR ( 'NONE', #750, 1000.000000000000000 ) ;
#1310 = EDGE_CURVE ( 'NONE', #1456, #2668, #1998, .T. ) ;
#1311 = CARTESIAN_POINT ( 'NONE',  ( -0.005000000000000000100, -0.4641000000000286000, 0.5025787976740189200 ) ) ;
#1312 = ORIENTED_EDGE ( 'NONE', *, *, #2176, .T. ) ;
#1313 = CARTESIAN_POINT ( 'NONE',  ( -0.005000000000000000100, 0.2927342813417931900, -0.9016521882828797400 ) ) ;
#1314 = SURFACE_STYLE_USAGE ( .BOTH. , #489 ) ;
#1315 = PRESENTATION_LAYER_ASSIGNMENT (  '', '', ( #2076 ) ) ;
#1316 = ORIENTED_EDGE ( 'NONE', *, *, #3284, .F. ) ;
#1317 = UNCERTAINTY_MEASURE_WITH_UNIT (LENGTH_MEASURE( 1.000000000000000100E-005 ), #1753, 'distance_accuracy_value', 'NONE');
#1318 = VERTEX_POINT ( 'NONE', #2667 ) ;
#1319 = PRESENTATION_LAYER_ASSIGNMENT (  '', '', ( #600 ) ) ;
#1320 = CARTESIAN_POINT ( 'NONE',  ( 6.107499999999999900, 0.0000000000000000000, -4.031250000000000000 ) ) ;
#1321 = PRESENTATION_STYLE_ASSIGNMENT (( #1081 ) ) ;
#1322 = CARTESIAN_POINT ( 'NONE',  ( -0.005000000000000000100, -0.4641000000000286000, 0.2650415035041395800 ) ) ;
#1323 = PRESENTATION_STYLE_ASSIGNMENT (( #1222 ) ) ;
#1324 = PRESENTATION_STYLE_ASSIGNMENT (( #1654 ) ) ;
#1325 = VERTEX_POINT ( 'NONE', #800 ) ;
#1326 = FILL_AREA_STYLE ('',( #2893 ) ) ;
#1327 = SURFACE_STYLE_FILL_AREA ( #2636 ) ;
#1328 = EDGE_CURVE ( 'NONE', #298, #1405, #1382, .T. ) ;
#1329 = DIRECTION ( 'NONE',  ( 0.0000000000000000000, 0.0000000000000000000, 1.000000000000000000 ) ) ;
#1330 = DIRECTION ( 'NONE',  ( 1.000000000000000000, 0.0000000000000000000, 0.0000000000000000000 ) ) ;
#1331 = ORIENTED_EDGE ( 'NONE', *, *, #40, .F. ) ;
#1332 = ADVANCED_FACE ( 'NONE', ( #1818 ), #3147, .T. ) ;
#1333 = AXIS2_PLACEMENT_3D ( 'NONE', #542, #2389, #2615 ) ;
#1334 = CARTESIAN_POINT ( 'NONE',  ( -0.005000000000000000100, -0.4641000000000000100, -2.388500000000000500 ) ) ;
#1335 = FILL_AREA_STYLE ('',( #2421 ) ) ;
#1336 = FACE_OUTER_BOUND ( 'NONE', #2117, .T. ) ;
#1337 = AXIS2_PLACEMENT_3D ( 'NONE', #160, #1242, #3071 ) ;
#1338 = FILL_AREA_STYLE ('',( #535 ) ) ;
#1339 = AXIS2_PLACEMENT_3D ( 'NONE', #2640, #2687, #1117 ) ;
#1340 = DIRECTION ( 'NONE',  ( 0.0000000000000000000, -1.207321276394593500E-016, -1.000000000000000000 ) ) ;
#1341 = CARTESIAN_POINT ( 'NONE',  ( -0.005000000000000000100, -0.2862610967964894200, -0.5495612876816065000 ) ) ;
#1342 = ORIENTED_EDGE ( 'NONE', *, *, #590, .F. ) ;
#1343 =( GEOMETRIC_REPRESENTATION_CONTEXT ( 3 ) GLOBAL_UNCERTAINTY_ASSIGNED_CONTEXT ( ( #467 ) ) GLOBAL_UNIT_ASSIGNED_CONTEXT ( ( #832, #1609, #2159 ) ) REPRESENTATION_CONTEXT ( 'NONE', 'WORKASPACE' ) );
#1344 = DIRECTION ( 'NONE',  ( 0.0000000000000000000, -3.147719821763145200E-016, -1.000000000000000000 ) ) ;
#1345 = SURFACE_SIDE_STYLE ('',( #2077 ) ) ;
#1346 = VERTEX_POINT ( 'NONE', #3260 ) ;
#1347 = ADVANCED_FACE ( 'NONE', ( #260 ), #2189, .T. ) ;
#1348 =( GEOMETRIC_REPRESENTATION_CONTEXT ( 3 ) GLOBAL_UNCERTAINTY_ASSIGNED_CONTEXT ( ( #443 ) ) GLOBAL_UNIT_ASSIGNED_CONTEXT ( ( #3100, #2860, #3364 ) ) REPRESENTATION_CONTEXT ( 'NONE', 'WORKASPACE' ) );
#1349 = PRESENTATION_STYLE_ASSIGNMENT (( #3090 ) ) ;
#1350 = ORIENTED_EDGE ( 'NONE', *, *, #772, .F. ) ;
#1351 = ORIENTED_EDGE ( 'NONE', *, *, #1660, .T. ) ;
#1352 = FILL_AREA_STYLE ('',( #1778 ) ) ;
#1353 = EDGE_CURVE ( 'NONE', #831, #1972, #1184, .T. ) ;
#1354 = FILL_AREA_STYLE_COLOUR ( '', #2678 ) ;
#1355 = AXIS2_PLACEMENT_3D ( 'NONE', #55, #1592, #1866 ) ;
#1356 = LINE ( 'NONE', #2550, #1158 ) ;
#1357 = COLOUR_RGB ( '',0.8980392156862745400, 0.9215686274509803400, 0.9294117647058823800 ) ;
#1358 = VECTOR ( 'NONE', #2666, 1000.000000000000200 ) ;
#1359 = VECTOR ( 'NONE', #2417, 1000.000000000000000 ) ;
#1360 = ORIENTED_EDGE ( 'NONE', *, *, #982, .F. ) ;
#1361 = CYLINDRICAL_SURFACE ( 'NONE', #1735, 0.2500000000000000000 ) ;
#1362 = FILL_AREA_STYLE ('',( #1354 ) ) ;
#1363 =( NAMED_UNIT ( * ) SI_UNIT ( $, .STERADIAN. ) SOLID_ANGLE_UNIT ( ) );
#1364 = EDGE_LOOP ( 'NONE', ( #1386, #134, #1077, #3258 ) ) ;
#1365 = EDGE_CURVE ( 'NONE', #2097, #2266, #3073, .T. ) ;
#1366 = DIRECTION ( 'NONE',  ( 0.0000000000000000000, 0.0000000000000000000, -1.000000000000000000 ) ) ;
#1367 = EDGE_CURVE ( 'NONE', #1612, #1045, #381, .T. ) ;
#1368 = ORIENTED_EDGE ( 'NONE', *, *, #2837, .T. ) ;
#1369 = UNCERTAINTY_MEASURE_WITH_UNIT (LENGTH_MEASURE( 1.000000000000000100E-005 ), #3231, 'distance_accuracy_value', 'NONE');
#1370 =( NAMED_UNIT ( * ) SI_UNIT ( $, .STERADIAN. ) SOLID_ANGLE_UNIT ( ) );
#1371 = CARTESIAN_POINT ( 'NONE',  ( -0.005000000000000000100, 0.4706612939571654900, 0.8839447622066248800 ) ) ;
#1372 = VECTOR ( 'NONE', #39, 1000.000000000000100 ) ;
#1373 =( GEOMETRIC_REPRESENTATION_CONTEXT ( 3 ) GLOBAL_UNCERTAINTY_ASSIGNED_CONTEXT ( ( #3249 ) ) GLOBAL_UNIT_ASSIGNED_CONTEXT ( ( #1574, #3228, #1156 ) ) REPRESENTATION_CONTEXT ( 'NONE', 'WORKASPACE' ) );
#1374 =( NAMED_UNIT ( * ) PLANE_ANGLE_UNIT ( ) SI_UNIT ( $, .RADIAN. ) );
#1375 = CARTESIAN_POINT ( 'NONE',  ( 0.0000000000000000000, -0.4641000000000289300, -0.5441468228588440800 ) ) ;
#1376 = LINE ( 'NONE', #638, #801 ) ;
#1377 = EDGE_LOOP ( 'NONE', ( #3293, #1497, #3279, #771 ) ) ;
#1378 = ADVANCED_FACE ( 'NONE', ( #925 ), #338, .F. ) ;
#1379 = STYLED_ITEM ( 'NONE', ( #1324 ), #3075 ) ;
#1380 = PRESENTATION_LAYER_ASSIGNMENT (  '', '', ( #2395 ) ) ;
#1381 = ORIENTED_EDGE ( 'NONE', *, *, #1578, .T. ) ;
#1382 = CIRCLE ( 'NONE', #1355, 0.2500000000000000000 ) ;
#1383 = CYLINDRICAL_SURFACE ( 'NONE', #512, 0.2500000000000000000 ) ;
#1384 = ORIENTED_EDGE ( 'NONE', *, *, #760, .T. ) ;
#1385 = CIRCLE ( 'NONE', #2101, 4.250000000000000000 ) ;
#1386 = ORIENTED_EDGE ( 'NONE', *, *, #3129, .T. ) ;
#1387 = PRESENTATION_LAYER_ASSIGNMENT (  '', '', ( #388 ) ) ;
#1388 = CARTESIAN_POINT ( 'NONE',  ( -0.005000000000000000100, 0.4706612939571652700, -0.3319935657280985200 ) ) ;
#1389 = CARTESIAN_POINT ( 'NONE',  ( -0.005000000000000000100, 0.3680934099909672900, -0.1388150986193753000 ) ) ;
#1390 = EDGE_LOOP ( 'NONE', ( #77, #1278, #3098, #413 ) ) ;
#1391 = LINE ( 'NONE', #2605, #1829 ) ;
#1392 = CARTESIAN_POINT ( 'NONE',  ( 0.0000000000000000000, 0.1188375638308397100, 1.047384881157789300 ) ) ;
#1393 =( NAMED_UNIT ( * ) PLANE_ANGLE_UNIT ( ) SI_UNIT ( $, .RADIAN. ) );
#1394 =( LENGTH_UNIT ( ) NAMED_UNIT ( * ) SI_UNIT ( .MILLI., .METRE. ) );
#1395 = FACE_OUTER_BOUND ( 'NONE', #538, .T. ) ;
#1396 = DIRECTION ( 'NONE',  ( 0.0000000000000000000, -0.9610853065513910200, -0.2762517575166151300 ) ) ;
#1397 = EDGE_LOOP ( 'NONE', ( #697, #3239, #3362, #2854 ) ) ;
#1398 = CARTESIAN_POINT ( 'NONE',  ( 6.107499999999999900, 0.0000000000000000000, 0.0000000000000000000 ) ) ;
#1399 = PRESENTATION_STYLE_ASSIGNMENT (( #3413 ) ) ;
#1400 = LINE ( 'NONE', #2992, #2717 ) ;
#1401 =( GEOMETRIC_REPRESENTATION_CONTEXT ( 3 ) GLOBAL_UNCERTAINTY_ASSIGNED_CONTEXT ( ( #605 ) ) GLOBAL_UNIT_ASSIGNED_CONTEXT ( ( #815, #2656, #1306 ) ) REPRESENTATION_CONTEXT ( 'NONE', 'WORKASPACE' ) );
#1402 = VECTOR ( 'NONE', #465, 1000.000000000000000 ) ;
#1403 = CARTESIAN_POINT ( 'NONE',  ( 26.00000000000000000, 1.750000000000000000, -0.2500000000000000000 ) ) ;
#1404 = CARTESIAN_POINT ( 'NONE',  ( 22.00000000000000000, -1.750000000000000000, -0.2500000000000000000 ) ) ;
#1405 = VERTEX_POINT ( 'NONE', #59 ) ;
#1406 = AXIS2_PLACEMENT_3D ( 'NONE', #1093, #1604, #2921 ) ;
#1407 = EDGE_CURVE ( 'NONE', #1150, #1470, #587, .T. ) ;
#1408 = ORIENTED_EDGE ( 'NONE', *, *, #2426, .T. ) ;
#1409 = FILL_AREA_STYLE ('',( #1211 ) ) ;
#1410 = DIRECTION ( 'NONE',  ( 0.0000000000000000000, 0.0000000000000000000, -1.000000000000000000 ) ) ;
#1411 = UNCERTAINTY_MEASURE_WITH_UNIT (LENGTH_MEASURE( 1.000000000000000100E-005 ), #1553, 'distance_accuracy_value', 'NONE');
#1412 = EDGE_CURVE ( 'NONE', #1405, #298, #147, .T. ) ;
#1413 = LINE ( 'NONE', #2440, #620 ) ;
#1414 = PLANE ( 'NONE',  #1217 ) ;
#1415 = UNCERTAINTY_MEASURE_WITH_UNIT (LENGTH_MEASURE( 1.000000000000000100E-005 ), #1762, 'distance_accuracy_value', 'NONE');
#1416 = PRESENTATION_LAYER_ASSIGNMENT (  '', '', ( #3385 ) ) ;
#1417 = DIRECTION ( 'NONE',  ( 1.000000000000000000, 0.0000000000000000000, 0.0000000000000000000 ) ) ;
#1418 = CIRCLE ( 'NONE', #1015, 0.2187500000000001900 ) ;
#1419 = VERTEX_POINT ( 'NONE', #1904 ) ;
#1420 = PRESENTATION_LAYER_ASSIGNMENT (  '', '', ( #374 ) ) ;
#1421 = CARTESIAN_POINT ( 'NONE',  ( 0.0000000000000000000, -0.4641000000000287100, 0.06373707393421716700 ) ) ;
#1422 = DIRECTION ( 'NONE',  ( 0.0000000000000000000, -0.002813301676022606200, 0.9999960426590096500 ) ) ;
#1423 =( GEOMETRIC_REPRESENTATION_CONTEXT ( 3 ) GLOBAL_UNCERTAINTY_ASSIGNED_CONTEXT ( ( #1539 ) ) GLOBAL_UNIT_ASSIGNED_CONTEXT ( ( #2762, #84, #932 ) ) REPRESENTATION_CONTEXT ( 'NONE', 'WORKASPACE' ) );
#1424 = LINE ( 'NONE', #2827, #1999 ) ;
#1425 = ORIENTED_EDGE ( 'NONE', *, *, #58, .T. ) ;
#1426 = SURFACE_SIDE_STYLE ('',( #2187 ) ) ;
#1427 = ORIENTED_EDGE ( 'NONE', *, *, #956, .T. ) ;
#1428 = CARTESIAN_POINT ( 'NONE',  ( -0.005000000000000000100, 0.2927342813417934100, -0.4757653905587055400 ) ) ;
#1429 = FILL_AREA_STYLE ('',( #1667 ) ) ;
#1430 = PLANE ( 'NONE',  #2699 ) ;
#1431 = ORIENTED_EDGE ( 'NONE', *, *, #468, .T. ) ;
#1432 = EDGE_CURVE ( 'NONE', #2840, #1032, #1277, .T. ) ;
#1433 = FILL_AREA_STYLE_COLOUR ( '', #2143 ) ;
#1434 = CARTESIAN_POINT ( 'NONE',  ( -0.005000000000000000100, 0.2927030167103896200, 1.097976737910209200 ) ) ;
#1435 =( NAMED_UNIT ( * ) PLANE_ANGLE_UNIT ( ) SI_UNIT ( $, .RADIAN. ) );
#1436 = FILL_AREA_STYLE ('',( #907 ) ) ;
#1437 = VECTOR ( 'NONE', #755, 1000.000000000000000 ) ;
#1438 = PLANE ( 'NONE',  #3123 ) ;
#1439 =( GEOMETRIC_REPRESENTATION_CONTEXT ( 3 ) GLOBAL_UNCERTAINTY_ASSIGNED_CONTEXT ( ( #2539 ) ) GLOBAL_UNIT_ASSIGNED_CONTEXT ( ( #2908, #2897, #2918 ) ) REPRESENTATION_CONTEXT ( 'NONE', 'WORKASPACE' ) );
#1440 = CARTESIAN_POINT ( 'NONE',  ( -0.005000000000000000100, -0.4641000000000288200, -1.773493452664154600 ) ) ;
#1441 = LINE ( 'NONE', #3196, #1359 ) ;
#1442 =( NAMED_UNIT ( * ) PLANE_ANGLE_UNIT ( ) SI_UNIT ( $, .RADIAN. ) );
#1443 = STYLED_ITEM ( 'NONE', ( #2138 ), #2863 ) ;
#1444 = EDGE_LOOP ( 'NONE', ( #680, #2041, #672, #1819 ) ) ;
#1445 = PRESENTATION_LAYER_ASSIGNMENT (  '', '', ( #2040 ) ) ;
#1446 = SURFACE_STYLE_FILL_AREA ( #2336 ) ;
#1447 = LINE ( 'NONE', #1269, #2761 ) ;
#1448 = ADVANCED_FACE ( 'NONE', ( #2485 ), #3028, .F. ) ;
#1449 =( LENGTH_UNIT ( ) NAMED_UNIT ( * ) SI_UNIT ( .MILLI., .METRE. ) );
#1450 = DIRECTION ( 'NONE',  ( -1.000000000000000000, -0.0000000000000000000, -0.0000000000000000000 ) ) ;
#1451 = EDGE_LOOP ( 'NONE', ( #1261, #29, #519, #255 ) ) ;
#1452 = VECTOR ( 'NONE', #1733, 1000.000000000000000 ) ;
#1453 = DIRECTION ( 'NONE',  ( 0.0000000000000000000, 0.9615825319869135700, 0.2745159998572695400 ) ) ;
#1454 =( NAMED_UNIT ( * ) SI_UNIT ( $, .STERADIAN. ) SOLID_ANGLE_UNIT ( ) );
#1455 =( NAMED_UNIT ( * ) PLANE_ANGLE_UNIT ( ) SI_UNIT ( $, .RADIAN. ) );
#1456 = VERTEX_POINT ( 'NONE', #2166 ) ;
#1457 = CARTESIAN_POINT ( 'NONE',  ( 0.0000000000000000000, -0.4641000000000289900, -0.3777621434046455900 ) ) ;
#1458 = SURFACE_SIDE_STYLE ('',( #954 ) ) ;
#1459 = DIRECTION ( 'NONE',  ( 1.000000000000000000, 0.0000000000000000000, 0.0000000000000000000 ) ) ;
#1460 = SURFACE_SIDE_STYLE ('',( #2249 ) ) ;
#1461 = DIRECTION ( 'NONE',  ( 0.0000000000000000000, 0.4668459304955202000, -0.8843386665637617000 ) ) ;
#1462 =( NAMED_UNIT ( * ) PLANE_ANGLE_UNIT ( ) SI_UNIT ( $, .RADIAN. ) );
#1463 = AXIS2_PLACEMENT_3D ( 'NONE', #384, #354, #1174 ) ;
#1464 = VECTOR ( 'NONE', #1422, 999.9999999999998900 ) ;
#1465 = DIRECTION ( 'NONE',  ( 1.000000000000000000, 0.0000000000000000000, 0.0000000000000000000 ) ) ;
#1466 = FILL_AREA_STYLE ('',( #2523 ) ) ;
#1467 = ADVANCED_FACE ( 'NONE', ( #1991 ), #958, .F. ) ;
#1468 = AXIS2_PLACEMENT_3D ( 'NONE', #1624, #812, #2955 ) ;
#1469 = PRESENTATION_LAYER_ASSIGNMENT (  '', '', ( #2296 ) ) ;
#1470 = VERTEX_POINT ( 'NONE', #1499 ) ;
#1471 = DIRECTION ( 'NONE',  ( 0.0000000000000000000, -2.077185425486953400E-016, -1.000000000000000000 ) ) ;
#1472 = VERTEX_POINT ( 'NONE', #2245 ) ;
#1473 =( LENGTH_UNIT ( ) NAMED_UNIT ( * ) SI_UNIT ( .MILLI., .METRE. ) );
#1474 = PLANE ( 'NONE',  #234 ) ;
#1475 = DIRECTION ( 'NONE',  ( 0.0000000000000000000, 0.9610674221107072800, 0.2763139702539114700 ) ) ;
#1476 = COLOUR_RGB ( '',0.0000000000000000000, 0.0000000000000000000, 0.0000000000000000000 ) ;
#1477 = DIRECTION ( 'NONE',  ( 0.0000000000000000000, 1.000000000000000000, -1.224646799147353200E-016 ) ) ;
#1478 = COLOUR_RGB ( '',0.8941176470588234600, 0.9137254901960784000, 0.9294117647058823800 ) ;
#1479 = LINE ( 'NONE', #681, #1201 ) ;
#1480 = EDGE_CURVE ( 'NONE', #1325, #1527, #3182, .T. ) ;
#1481 = LINE ( 'NONE', #563, #2173 ) ;
#1482 = ADVANCED_FACE ( 'NONE', ( #1986 ), #1094, .T. ) ;
#1483 = EDGE_CURVE ( 'NONE', #2994, #23, #585, .T. ) ;
#1484 = CARTESIAN_POINT ( 'NONE',  ( 0.0000000000000000000, 0.4706612939571654900, 0.7713295621164777400 ) ) ;
#1485 = CARTESIAN_POINT ( 'NONE',  ( -0.005000000000000000100, -0.4641000000000286000, 0.2650415035041395800 ) ) ;
#1486 = COLOUR_RGB ( '',0.0000000000000000000, 0.0000000000000000000, 0.0000000000000000000 ) ;
#1487 = SURFACE_STYLE_FILL_AREA ( #787 ) ;
#1488 = FILL_AREA_STYLE ('',( #1216 ) ) ;
#1489 = MECHANICAL_DESIGN_GEOMETRIC_PRESENTATION_REPRESENTATION (  '', ( #2076 ), #455 ) ;
#1490 = DIRECTION ( 'NONE',  ( 0.0000000000000000000, -0.9610664548999087200, -0.2763173343569341200 ) ) ;
#1491 = ORIENTED_EDGE ( 'NONE', *, *, #1483, .F. ) ;
#1492 = COLOUR_RGB ( '',0.0000000000000000000, 0.0000000000000000000, 0.0000000000000000000 ) ;
#1493 =( NAMED_UNIT ( * ) PLANE_ANGLE_UNIT ( ) SI_UNIT ( $, .RADIAN. ) );
#1494 = AXIS2_PLACEMENT_3D ( 'NONE', #910, #2775, #3043 ) ;
#1495 = LINE ( 'NONE', #1178, #2028 ) ;
#1496 = PRESENTATION_STYLE_ASSIGNMENT (( #967 ) ) ;
#1497 = ORIENTED_EDGE ( 'NONE', *, *, #1690, .F. ) ;
#1498 =( NAMED_UNIT ( * ) PLANE_ANGLE_UNIT ( ) SI_UNIT ( $, .RADIAN. ) );
#1499 = CARTESIAN_POINT ( 'NONE',  ( -0.005000000000000000100, -0.4641000000000289300, -0.1854619274410220200 ) ) ;
#1500 = VECTOR ( 'NONE', #1895, 1000.000000000000200 ) ;
#1501 = DIRECTION ( 'NONE',  ( 0.0000000000000000000, -1.000000000000000000, 3.147719821763145700E-016 ) ) ;
#1502 = DIRECTION ( 'NONE',  ( 0.0000000000000000000, 0.0000000000000000000, -1.000000000000000000 ) ) ;
#1503 = LINE ( 'NONE', #2261, #3021 ) ;
#1504 = SURFACE_SIDE_STYLE ('',( #1327 ) ) ;
#1505 = EDGE_CURVE ( 'NONE', #1281, #217, #2154, .T. ) ;
#1506 = COLOUR_RGB ( '',0.8941176470588234600, 0.9137254901960784000, 0.9294117647058823800 ) ;
#1507 = CARTESIAN_POINT ( 'NONE',  ( -0.005000000000000000100, -0.05393646921602023700, -1.001545525218872500 ) ) ;
#1508 = SURFACE_STYLE_USAGE ( .BOTH. , #2312 ) ;
#1509 = STYLED_ITEM ( 'NONE', ( #1323 ), #25 ) ;
#1510 = CARTESIAN_POINT ( 'NONE',  ( 0.0000000000000000000, 0.0000000000000000000, 0.0000000000000000000 ) ) ;
#1511 = DIRECTION ( 'NONE',  ( 0.0000000000000000000, 0.9619530280415594700, 0.2732148821745892200 ) ) ;
#1512 = ORIENTED_EDGE ( 'NONE', *, *, #1934, .T. ) ;
#1513 = MECHANICAL_DESIGN_GEOMETRIC_PRESENTATION_REPRESENTATION (  '', ( #2630 ), #2392 ) ;
#1514 = STYLED_ITEM ( 'NONE', ( #144 ), #1613 ) ;
#1515 =( NAMED_UNIT ( * ) PLANE_ANGLE_UNIT ( ) SI_UNIT ( $, .RADIAN. ) );
#1516 = ORIENTED_EDGE ( 'NONE', *, *, #1844, .F. ) ;
#1517 = VECTOR ( 'NONE', #793, 1000.000000000000000 ) ;
#1518 = DIRECTION ( 'NONE',  ( 0.0000000000000000000, -0.8958676361827028200, -0.4443210308329064200 ) ) ;
#1519 = AXIS2_PLACEMENT_3D ( 'NONE', #690, #1228, #3051 ) ;
#1520 = FILL_AREA_STYLE_COLOUR ( '', #73 ) ;
#1521 = MECHANICAL_DESIGN_GEOMETRIC_PRESENTATION_REPRESENTATION (  '', ( #388 ), #1557 ) ;
#1522 = DIRECTION ( 'NONE',  ( -1.000000000000000000, 0.0000000000000000000, 0.0000000000000000000 ) ) ;
#1523 = PRESENTATION_STYLE_ASSIGNMENT (( #353 ) ) ;
#1524 = EDGE_CURVE ( 'NONE', #2988, #2859, #2692, .T. ) ;
#1525 =( LENGTH_UNIT ( ) NAMED_UNIT ( * ) SI_UNIT ( .MILLI., .METRE. ) );
#1526 = CARTESIAN_POINT ( 'NONE',  ( -0.005000000000000000100, 0.4706612939571652700, -1.115800696540586400 ) ) ;
#1527 = VERTEX_POINT ( 'NONE', #3050 ) ;
#1528 = PRESENTATION_STYLE_ASSIGNMENT (( #1111 ) ) ;
#1529 = ORIENTED_EDGE ( 'NONE', *, *, #2461, .T. ) ;
#1530 =( NAMED_UNIT ( * ) SI_UNIT ( $, .STERADIAN. ) SOLID_ANGLE_UNIT ( ) );
#1531 = PRESENTATION_LAYER_ASSIGNMENT (  '', '', ( #3291 ) ) ;
#1532 = LINE ( 'NONE', #613, #579 ) ;
#1533 = SURFACE_STYLE_USAGE ( .BOTH. , #3161 ) ;
#1534 = COLOUR_RGB ( '',0.0000000000000000000, 0.0000000000000000000, 0.0000000000000000000 ) ;
#1535 = PRODUCT_DEFINITION ( 'UNKNOWN', '', #119, #1019 ) ;
#1536 = ORIENTED_EDGE ( 'NONE', *, *, #1072, .T. ) ;
#1537 = PRESENTATION_LAYER_ASSIGNMENT (  '', '', ( #1020 ) ) ;
#1538 = DIRECTION ( 'NONE',  ( 1.000000000000000000, 0.0000000000000000000, 0.0000000000000000000 ) ) ;
#1539 = UNCERTAINTY_MEASURE_WITH_UNIT (LENGTH_MEASURE( 1.000000000000000100E-005 ), #2762, 'distance_accuracy_value', 'NONE');
#1540 = EDGE_CURVE ( 'NONE', #2526, #437, #2828, .T. ) ;
#1541 = ORIENTED_EDGE ( 'NONE', *, *, #2422, .F. ) ;
#1542 = EDGE_CURVE ( 'NONE', #1060, #2097, #2905, .T. ) ;
#1543 = VECTOR ( 'NONE', #3381, 1000.000000000000200 ) ;
#1544 = ORIENTED_EDGE ( 'NONE', *, *, #442, .T. ) ;
#1545 = SURFACE_STYLE_USAGE ( .BOTH. , #2871 ) ;
#1546 = DIRECTION ( 'NONE',  ( 0.0000000000000000000, -2.104574761018632000E-016, -1.000000000000000000 ) ) ;
#1547 = EDGE_LOOP ( 'NONE', ( #460, #836, #2263, #3132 ) ) ;
#1548 = PRESENTATION_LAYER_ASSIGNMENT (  '', '', ( #2473 ) ) ;
#1549 = SURFACE_STYLE_USAGE ( .BOTH. , #2865 ) ;
#1550 = ORIENTED_EDGE ( 'NONE', *, *, #931, .F. ) ;
#1551 = MECHANICAL_DESIGN_GEOMETRIC_PRESENTATION_REPRESENTATION (  '', ( #1786 ), #1962 ) ;
#1552 =( GEOMETRIC_REPRESENTATION_CONTEXT ( 3 ) GLOBAL_UNCERTAINTY_ASSIGNED_CONTEXT ( ( #732 ) ) GLOBAL_UNIT_ASSIGNED_CONTEXT ( ( #892, #1435, #626 ) ) REPRESENTATION_CONTEXT ( 'NONE', 'WORKASPACE' ) );
#1553 =( LENGTH_UNIT ( ) NAMED_UNIT ( * ) SI_UNIT ( .MILLI., .METRE. ) );
#1554 = VECTOR ( 'NONE', #873, 1000.000000000000000 ) ;
#1555 = VECTOR ( 'NONE', #3189, 1000.000000000000000 ) ;
#1556 = UNCERTAINTY_MEASURE_WITH_UNIT (LENGTH_MEASURE( 1.000000000000000100E-005 ), #187, 'distance_accuracy_value', 'NONE');
#1557 =( GEOMETRIC_REPRESENTATION_CONTEXT ( 3 ) GLOBAL_UNCERTAINTY_ASSIGNED_CONTEXT ( ( #1411 ) ) GLOBAL_UNIT_ASSIGNED_CONTEXT ( ( #1553, #2066, #2107 ) ) REPRESENTATION_CONTEXT ( 'NONE', 'WORKASPACE' ) );
#1558 = ORIENTED_EDGE ( 'NONE', *, *, #1779, .T. ) ;
#1559 = CARTESIAN_POINT ( 'NONE',  ( -0.005000000000000000100, 0.2901762661091321600, 2.076730209328213000 ) ) ;
#1560 = ORIENTED_EDGE ( 'NONE', *, *, #1524, .T. ) ;
#1561 = COLOUR_RGB ( '',0.7921568627450980000, 0.8196078431372548800, 0.9333333333333333500 ) ;
#1562 = CARTESIAN_POINT ( 'NONE',  ( -0.005000000000000000100, 0.04345001279229223500, -1.699458807457130600 ) ) ;
#1563 =( NAMED_UNIT ( * ) PLANE_ANGLE_UNIT ( ) SI_UNIT ( $, .RADIAN. ) );
#1564 = VECTOR ( 'NONE', #618, 1000.000000000000000 ) ;
#1565 = COLOUR_RGB ( '',0.8941176470588234600, 0.9137254901960784000, 0.9294117647058823800 ) ;
#1566 = ORIENTED_EDGE ( 'NONE', *, *, #2999, .T. ) ;
#1567 = MECHANICAL_DESIGN_GEOMETRIC_PRESENTATION_REPRESENTATION (  '', ( #802 ), #45 ) ;
#1568 =( NAMED_UNIT ( * ) SI_UNIT ( $, .STERADIAN. ) SOLID_ANGLE_UNIT ( ) );
#1569 = MECHANICAL_DESIGN_GEOMETRIC_PRESENTATION_REPRESENTATION (  '', ( #293 ), #2700 ) ;
#1570 = UNCERTAINTY_MEASURE_WITH_UNIT (LENGTH_MEASURE( 1.000000000000000100E-005 ), #1290, 'distance_accuracy_value', 'NONE');
#1571 = DIRECTION ( 'NONE',  ( 0.0000000000000000000, -0.2763173343569341700, 0.9610664548999087200 ) ) ;
#1572 =( NAMED_UNIT ( * ) SI_UNIT ( $, .STERADIAN. ) SOLID_ANGLE_UNIT ( ) );
#1573 = PRESENTATION_LAYER_ASSIGNMENT (  '', '', ( #2052 ) ) ;
#1574 =( LENGTH_UNIT ( ) NAMED_UNIT ( * ) SI_UNIT ( .MILLI., .METRE. ) );
#1575 = EDGE_LOOP ( 'NONE', ( #382, #199, #1219, #3146 ) ) ;
#1576 = EDGE_CURVE ( 'NONE', #2097, #3006, #2577, .T. ) ;
#1577 = FILL_AREA_STYLE ('',( #808 ) ) ;
#1578 = EDGE_CURVE ( 'NONE', #1110, #2994, #3309, .T. ) ;
#1579 = DIRECTION ( 'NONE',  ( 1.000000000000000000, 0.0000000000000000000, 0.0000000000000000000 ) ) ;
#1580 = VERTEX_POINT ( 'NONE', #2222 ) ;
#1581 = SURFACE_STYLE_USAGE ( .BOTH. , #3163 ) ;
#1582 = STYLED_ITEM ( 'NONE', ( #1758 ), #596 ) ;
#1583 = PRESENTATION_STYLE_ASSIGNMENT (( #4 ) ) ;
#1584 = LINE ( 'NONE', #792, #2051 ) ;
#1585 = SURFACE_STYLE_USAGE ( .BOTH. , #547 ) ;
#1586 = CLOSED_SHELL ( 'NONE', ( #2517, #3331, #2287, #2654, #2130, #2151, #3058, #2399, #1917, #2794, #3235, #92, #1748 ) ) ;
#1587 = STYLED_ITEM ( 'NONE', ( #417 ), #1940 ) ;
#1588 = DIRECTION ( 'NONE',  ( 0.0000000000000000000, -7.938847109764682000E-005, 0.9999999968487352000 ) ) ;
#1589 = DIRECTION ( 'NONE',  ( 1.000000000000000000, 0.0000000000000000000, 0.0000000000000000000 ) ) ;
#1590 = LINE ( 'NONE', #1428, #2558 ) ;
#1591 = DIRECTION ( 'NONE',  ( 1.000000000000000000, 0.0000000000000000000, 0.0000000000000000000 ) ) ;
#1592 = DIRECTION ( 'NONE',  ( 1.000000000000000000, 0.0000000000000000000, 0.0000000000000000000 ) ) ;
#1593 = FACE_OUTER_BOUND ( 'NONE', #1098, .T. ) ;
#1594 = FACE_OUTER_BOUND ( 'NONE', #2349, .T. ) ;
#1595 = VECTOR ( 'NONE', #1187, 1000.000000000000000 ) ;
#1596 = EDGE_LOOP ( 'NONE', ( #3210, #2477, #2928, #2916 ) ) ;
#1597 =( LENGTH_UNIT ( ) NAMED_UNIT ( * ) SI_UNIT ( .MILLI., .METRE. ) );
#1598 = SURFACE_STYLE_FILL_AREA ( #2569 ) ;
#1599 = EDGE_CURVE ( 'NONE', #2765, #1013, #1376, .T. ) ;
#1600 = ORIENTED_EDGE ( 'NONE', *, *, #2758, .F. ) ;
#1601 = VECTOR ( 'NONE', #683, 1000.000000000000200 ) ;
#1602 = DIRECTION ( 'NONE',  ( 0.0000000000000000000, 0.0000000000000000000, -1.000000000000000000 ) ) ;
#1603 = PRESENTATION_STYLE_ASSIGNMENT (( #1945 ) ) ;
#1604 = DIRECTION ( 'NONE',  ( 0.0000000000000000000, 1.000000000000000000, -1.224646799147353200E-016 ) ) ;
#1605 = CARTESIAN_POINT ( 'NONE',  ( -0.005000000000000000100, 0.4706612939571654900, 0.8839447622066248800 ) ) ;
#1606 = PRESENTATION_LAYER_ASSIGNMENT (  '', '', ( #1649 ) ) ;
#1607 = FILL_AREA_STYLE_COLOUR ( '', #1151 ) ;
#1608 = ORIENTED_EDGE ( 'NONE', *, *, #3363, .F. ) ;
#1609 =( NAMED_UNIT ( * ) PLANE_ANGLE_UNIT ( ) SI_UNIT ( $, .RADIAN. ) );
#1610 = CARTESIAN_POINT ( 'NONE',  ( 0.0000000000000000000, -0.4641000000000282700, 1.859929891948954200 ) ) ;
#1611 = SURFACE_SIDE_STYLE ('',( #1757 ) ) ;
#1612 = VERTEX_POINT ( 'NONE', #2722 ) ;
#1613 = MANIFOLD_SOLID_BREP ( 'Body-Move/Copy1[3]', #3170 ) ;
#1614 = DIRECTION ( 'NONE',  ( 0.0000000000000000000, 0.0000000000000000000, -1.000000000000000000 ) ) ;
#1615 = AXIS2_PLACEMENT_3D ( 'NONE', #651, #1226, #3310 ) ;
#1616 =( NAMED_UNIT ( * ) SI_UNIT ( $, .STERADIAN. ) SOLID_ANGLE_UNIT ( ) );
#1617 = ORIENTED_EDGE ( 'NONE', *, *, #2406, .T. ) ;
#1618 = SURFACE_SIDE_STYLE ('',( #3224 ) ) ;
#1619 = ORIENTED_EDGE ( 'NONE', *, *, #419, .F. ) ;
#1620 = CARTESIAN_POINT ( 'NONE',  ( -0.005000000000000000100, -0.4641000000000289300, -0.1854619274410220200 ) ) ;
#1621 = PRESENTATION_LAYER_ASSIGNMENT (  '', '', ( #861 ) ) ;
#1622 = CARTESIAN_POINT ( 'NONE',  ( -0.005000000000000000100, 0.2927342813417934100, -0.4757653905587055400 ) ) ;
#1623 = SURFACE_STYLE_FILL_AREA ( #1326 ) ;
#1624 = CARTESIAN_POINT ( 'NONE',  ( -0.005000000000000000100, -0.4641000000000283800, 1.593651875561089100 ) ) ;
#1625 = ORIENTED_EDGE ( 'NONE', *, *, #1432, .T. ) ;
#1626 = CARTESIAN_POINT ( 'NONE',  ( -0.005000000000000000100, -0.4641000000000282700, 1.859929891948954200 ) ) ;
#1627 = PRESENTATION_LAYER_ASSIGNMENT (  '', '', ( #3398 ) ) ;
#1628 = VECTOR ( 'NONE', #3096, 1000.000000000000100 ) ;
#1629 = UNCERTAINTY_MEASURE_WITH_UNIT (LENGTH_MEASURE( 1.000000000000000100E-005 ), #1167, 'distance_accuracy_value', 'NONE');
#1630 = FILL_AREA_STYLE_COLOUR ( '', #503 ) ;
#1631 = DIRECTION ( 'NONE',  ( 0.0000000000000000000, 0.9611638845409016300, 0.2759782365590523500 ) ) ;
#1632 = CIRCLE ( 'NONE', #2831, 0.2500000000000000000 ) ;
#1633 = CIRCLE ( 'NONE', #1076, 4.031250000000000000 ) ;
#1634 = DIRECTION ( 'NONE',  ( 0.0000000000000000000, -1.087414869261074500E-013, 1.000000000000000000 ) ) ;
#1635 = VERTEX_POINT ( 'NONE', #2206 ) ;
#1636 = CIRCLE ( 'NONE', #2690, 4.250000000000000000 ) ;
#1637 = ADVANCED_FACE ( 'NONE', ( #2870 ), #1661, .F. ) ;
#1638 = EDGE_CURVE ( 'NONE', #592, #2420, #10, .T. ) ;
#1639 = CARTESIAN_POINT ( 'NONE',  ( -0.005000000000000000100, -0.4641000000000282700, 1.859929891948954200 ) ) ;
#1640 = VECTOR ( 'NONE', #1709, 1000.000000000000000 ) ;
#1641 = EDGE_CURVE ( 'NONE', #2680, #3220, #2650, .T. ) ;
#1642 = ORIENTED_EDGE ( 'NONE', *, *, #837, .F. ) ;
#1643 = CARTESIAN_POINT ( 'NONE',  ( -0.005000000000000000100, -0.05393646921773419900, 0.9980834009764542000 ) ) ;
#1644 =( NAMED_UNIT ( * ) SI_UNIT ( $, .STERADIAN. ) SOLID_ANGLE_UNIT ( ) );
#1645 = CARTESIAN_POINT ( 'NONE',  ( -0.005000000000000000100, 0.4706612939571654900, 0.06608819870102282400 ) ) ;
#1646 = FACE_OUTER_BOUND ( 'NONE', #3192, .T. ) ;
#1647 =( NAMED_UNIT ( * ) PLANE_ANGLE_UNIT ( ) SI_UNIT ( $, .RADIAN. ) );
#1648 = PRESENTATION_LAYER_ASSIGNMENT (  '', '', ( #1443 ) ) ;
#1649 = STYLED_ITEM ( 'NONE', ( #2302 ), #1347 ) ;
#1650 = CARTESIAN_POINT ( 'NONE',  ( -0.005000000000000000100, -0.4641000000000284300, 1.321314205319506200 ) ) ;
#1651 = ORIENTED_EDGE ( 'NONE', *, *, #2307, .F. ) ;
#1652 = SURFACE_STYLE_FILL_AREA ( #584 ) ;
#1653 = VERTEX_POINT ( 'NONE', #920 ) ;
#1654 = SURFACE_STYLE_USAGE ( .BOTH. , #2725 ) ;
#1655 = DIRECTION ( 'NONE',  ( 0.0000000000000000000, -0.9280290862137297000, 0.3725077383643324300 ) ) ;
#1656 = ADVANCED_FACE ( 'NONE', ( #797 ), #2489, .F. ) ;
#1657 = VERTEX_POINT ( 'NONE', #2193 ) ;
#1658 = CARTESIAN_POINT ( 'NONE',  ( 0.0000000000000000000, -0.4641000000000288800, -2.122696638299635700 ) ) ;
#1659 = ORIENTED_EDGE ( 'NONE', *, *, #2055, .T. ) ;
#1660 = EDGE_CURVE ( 'NONE', #767, #23, #2613, .T. ) ;
#1661 = PLANE ( 'NONE',  #1720 ) ;
#1662 = VECTOR ( 'NONE', #3259, 1000.000000000000000 ) ;
#1663 = ORIENTED_EDGE ( 'NONE', *, *, #3129, .F. ) ;
#1664 =( NAMED_UNIT ( * ) SI_UNIT ( $, .STERADIAN. ) SOLID_ANGLE_UNIT ( ) );
#1665 =( LENGTH_UNIT ( ) NAMED_UNIT ( * ) SI_UNIT ( .MILLI., .METRE. ) );
#1666 = AXIS2_PLACEMENT_3D ( 'NONE', #2787, #2255, #440 ) ;
#1667 = FILL_AREA_STYLE_COLOUR ( '', #209 ) ;
#1668 = CARTESIAN_POINT ( 'NONE',  ( -0.005000000000000000100, -0.2862610967964894200, -1.067741274870060300 ) ) ;
#1669 = FACE_OUTER_BOUND ( 'NONE', #1305, .T. ) ;
#1670 = STYLED_ITEM ( 'NONE', ( #1496 ), #2705 ) ;
#1671 = MECHANICAL_DESIGN_GEOMETRIC_PRESENTATION_REPRESENTATION (  '', ( #1514 ), #1849 ) ;
#1672 = SURFACE_SIDE_STYLE ('',( #2331 ) ) ;
#1673 = LINE ( 'NONE', #2513, #2324 ) ;
#1674 = DIRECTION ( 'NONE',  ( 0.0000000000000000000, 0.0000000000000000000, -1.000000000000000000 ) ) ;
#1675 = FILL_AREA_STYLE ('',( #2232 ) ) ;
#1676 = COLOUR_RGB ( '',0.0000000000000000000, 0.0000000000000000000, 0.0000000000000000000 ) ;
#1677 = EDGE_LOOP ( 'NONE', ( #582, #1342, #1225, #1536 ) ) ;
#1678 = AXIS2_PLACEMENT_3D ( 'NONE', #1485, #2023, #447 ) ;
#1679 = DIRECTION ( 'NONE',  ( 0.0000000000000000000, -0.9611542233438690200, -0.2760118818968558300 ) ) ;
#1680 =( LENGTH_UNIT ( ) NAMED_UNIT ( * ) SI_UNIT ( .MILLI., .METRE. ) );
#1681 = ORIENTED_EDGE ( 'NONE', *, *, #2709, .T. ) ;
#1682 = LINE ( 'NONE', #106, #3300 ) ;
#1683 = DIRECTION ( 'NONE',  ( 1.000000000000000000, 0.0000000000000000000, 0.0000000000000000000 ) ) ;
#1684 = PRESENTATION_LAYER_ASSIGNMENT (  '', '', ( #567 ) ) ;
#1685 = VECTOR ( 'NONE', #2456, 1000.000000000000100 ) ;
#1686 = ORIENTED_EDGE ( 'NONE', *, *, #2467, .T. ) ;
#1687 = DIRECTION ( 'NONE',  ( 0.0000000000000000000, 0.8843386665637617000, 0.4668459304955201400 ) ) ;
#1688 = DIRECTION ( 'NONE',  ( 0.0000000000000000000, 0.0000000000000000000, -1.000000000000000000 ) ) ;
#1689 = DIRECTION ( 'NONE',  ( 0.0000000000000000000, 3.146308679943554500E-016, 1.000000000000000000 ) ) ;
#1690 = EDGE_CURVE ( 'NONE', #2288, #1346, #1503, .T. ) ;
#1691 = SURFACE_STYLE_FILL_AREA ( #3297 ) ;
#1692 = CARTESIAN_POINT ( 'NONE',  ( 0.0000000000000000000, 0.4706612939571652700, -0.3319935657280985200 ) ) ;
#1693 = CARTESIAN_POINT ( 'NONE',  ( 7.000000000000000000, -1.750000000000000000, 0.0000000000000000000 ) ) ;
#1694 = CARTESIAN_POINT ( 'NONE',  ( 0.0000000000000000000, 0.3680934099909672900, -0.1388150986193753000 ) ) ;
#1695 = ADVANCED_FACE ( 'NONE', ( #332 ), #1273, .F. ) ;
#1696 = MECHANICAL_DESIGN_GEOMETRIC_PRESENTATION_REPRESENTATION (  '', ( #3398 ), #624 ) ;
#1697 =( NAMED_UNIT ( * ) SI_UNIT ( $, .STERADIAN. ) SOLID_ANGLE_UNIT ( ) );
#1698 =( NAMED_UNIT ( * ) PLANE_ANGLE_UNIT ( ) SI_UNIT ( $, .RADIAN. ) );
#1699 = ORIENTED_EDGE ( 'NONE', *, *, #2562, .F. ) ;
#1700 = PLANE ( 'NONE',  #1615 ) ;
#1701 =( NAMED_UNIT ( * ) PLANE_ANGLE_UNIT ( ) SI_UNIT ( $, .RADIAN. ) );
#1702 = SURFACE_STYLE_USAGE ( .BOTH. , #1943 ) ;
#1703 = MECHANICAL_DESIGN_GEOMETRIC_PRESENTATION_REPRESENTATION (  '', ( #1825 ), #2376 ) ;
#1704 =( NAMED_UNIT ( * ) PLANE_ANGLE_UNIT ( ) SI_UNIT ( $, .RADIAN. ) );
#1705 = SURFACE_SIDE_STYLE ('',( #2572 ) ) ;
#1706 = EDGE_LOOP ( 'NONE', ( #3178, #2381, #1107, #3149 ) ) ;
#1707 = DIRECTION ( 'NONE',  ( 1.000000000000000000, 0.0000000000000000000, 0.0000000000000000000 ) ) ;
#1708 =( LENGTH_UNIT ( ) NAMED_UNIT ( * ) SI_UNIT ( .MILLI., .METRE. ) );
#1709 = DIRECTION ( 'NONE',  ( 0.0000000000000000000, 0.0000000000000000000, -1.000000000000000000 ) ) ;
#1710 = VERTEX_POINT ( 'NONE', #2556 ) ;
#1711 = EDGE_CURVE ( 'NONE', #53, #1777, #2033, .T. ) ;
#1712 = ORIENTED_EDGE ( 'NONE', *, *, #1432, .F. ) ;
#1713 = EDGE_CURVE ( 'NONE', #644, #264, #256, .T. ) ;
#1714 = CARTESIAN_POINT ( 'NONE',  ( -0.005000000000000000100, -0.4641000000000288200, -1.489076266063151800 ) ) ;
#1715 = PRESENTATION_STYLE_ASSIGNMENT (( #3403 ) ) ;
#1716 = DIRECTION ( 'NONE',  ( -0.0000000000000000000, -0.9610029908221280300, -0.2765379750249951600 ) ) ;
#1717 = FILL_AREA_STYLE_COLOUR ( '', #1206 ) ;
#1718 = AXIS2_PLACEMENT_3D ( 'NONE', #631, #1136, #1679 ) ;
#1719 = ORIENTED_EDGE ( 'NONE', *, *, #2422, .T. ) ;
#1720 = AXIS2_PLACEMENT_3D ( 'NONE', #94, #1461, #666 ) ;
#1721 = LINE ( 'NONE', #1043, #1079 ) ;
#1722 = VECTOR ( 'NONE', #2322, 1000.000000000000000 ) ;
#1723 = SURFACE_SIDE_STYLE ('',( #3145 ) ) ;
#1724 = DIRECTION ( 'NONE',  ( 0.0000000000000000000, 0.0000000000000000000, 1.000000000000000000 ) ) ;
#1725 = EDGE_LOOP ( 'NONE', ( #562, #2304, #1978, #2493 ) ) ;
#1726 = VECTOR ( 'NONE', #458, 1000.000000000000000 ) ;
#1727 = COLOUR_RGB ( '',0.0000000000000000000, 0.0000000000000000000, 0.0000000000000000000 ) ;
#1728 = DIRECTION ( 'NONE',  ( 1.000000000000000000, 0.0000000000000000000, 0.0000000000000000000 ) ) ;
#1729 =( NAMED_UNIT ( * ) SI_UNIT ( $, .STERADIAN. ) SOLID_ANGLE_UNIT ( ) );
#1730 = FACE_OUTER_BOUND ( 'NONE', #719, .T. ) ;
#1731 = ADVANCED_FACE ( 'NONE', ( #1336 ), #186, .F. ) ;
#1732 = ORIENTED_EDGE ( 'NONE', *, *, #1815, .T. ) ;
#1733 = DIRECTION ( 'NONE',  ( 0.0000000000000000000, 0.6995643972268819100, 0.7145695586383381500 ) ) ;
#1734 = DIRECTION ( 'NONE',  ( 1.000000000000000000, 0.0000000000000000000, 0.0000000000000000000 ) ) ;
#1735 = AXIS2_PLACEMENT_3D ( 'NONE', #3065, #1736, #2008 ) ;
#1736 = DIRECTION ( 'NONE',  ( -1.000000000000000000, -0.0000000000000000000, -0.0000000000000000000 ) ) ;
#1737 =( LENGTH_UNIT ( ) NAMED_UNIT ( * ) SI_UNIT ( .MILLI., .METRE. ) );
#1738 = DIRECTION ( 'NONE',  ( 0.0000000000000000000, 0.0000000000000000000, -1.000000000000000000 ) ) ;
#1739 = DIRECTION ( 'NONE',  ( 0.0000000000000000000, 0.9601763114346040200, 0.2793947940814899800 ) ) ;
#1740 = STYLED_ITEM ( 'NONE', ( #3002 ), #359 ) ;
#1741 = SURFACE_STYLE_USAGE ( .BOTH. , #2264 ) ;
#1742 = CARTESIAN_POINT ( 'NONE',  ( 0.0000000000000000000, 0.2927342813417934100, -0.4757653905587055400 ) ) ;
#1743 = VECTOR ( 'NONE', #647, 1000.000000000000000 ) ;
#1744 =( GEOMETRIC_REPRESENTATION_CONTEXT ( 3 ) GLOBAL_UNCERTAINTY_ASSIGNED_CONTEXT ( ( #1415 ) ) GLOBAL_UNIT_ASSIGNED_CONTEXT ( ( #1762, #211, #2543 ) ) REPRESENTATION_CONTEXT ( 'NONE', 'WORKASPACE' ) );
#1745 = VERTEX_POINT ( 'NONE', #2311 ) ;
#1746 = CARTESIAN_POINT ( 'NONE',  ( -0.005000000000000000100, -0.2862610967964894200, -1.067741274870060300 ) ) ;
#1747 = LINE ( 'NONE', #1833, #1026 ) ;
#1748 = ADVANCED_FACE ( 'NONE', ( #469 ), #1474, .T. ) ;
#1749 =( NAMED_UNIT ( * ) PLANE_ANGLE_UNIT ( ) SI_UNIT ( $, .RADIAN. ) );
#1750 = LINE ( 'NONE', #95, #2878 ) ;
#1751 = ORIENTED_EDGE ( 'NONE', *, *, #3117, .T. ) ;
#1752 =( NAMED_UNIT ( * ) SI_UNIT ( $, .STERADIAN. ) SOLID_ANGLE_UNIT ( ) );
#1753 =( LENGTH_UNIT ( ) NAMED_UNIT ( * ) SI_UNIT ( .MILLI., .METRE. ) );
#1754 = VERTEX_POINT ( 'NONE', #1814 ) ;
#1755 = AXIS2_PLACEMENT_3D ( 'NONE', #3154, #1571, #262 ) ;
#1756 = FILL_AREA_STYLE ('',( #2529 ) ) ;
#1757 = SURFACE_STYLE_FILL_AREA ( #2685 ) ;
#1758 = PRESENTATION_STYLE_ASSIGNMENT (( #1585 ) ) ;
#1759 = EDGE_CURVE ( 'NONE', #1214, #999, #794, .T. ) ;
#1760 = EDGE_CURVE ( 'NONE', #2515, #13, #88, .T. ) ;
#1761 = CARTESIAN_POINT ( 'NONE',  ( 0.0000000000000000000, -0.1971441846550018600, 0.03013995228619021500 ) ) ;
#1762 =( LENGTH_UNIT ( ) NAMED_UNIT ( * ) SI_UNIT ( .MILLI., .METRE. ) );
#1763 = ORIENTED_EDGE ( 'NONE', *, *, #62, .T. ) ;
#1764 = VECTOR ( 'NONE', #3267, 1000.000000000000100 ) ;
#1765 =( NAMED_UNIT ( * ) SI_UNIT ( $, .STERADIAN. ) SOLID_ANGLE_UNIT ( ) );
#1766 = MECHANICAL_DESIGN_GEOMETRIC_PRESENTATION_REPRESENTATION (  '', ( #2784 ), #669 ) ;
#1767 = ORIENTED_EDGE ( 'NONE', *, *, #1407, .T. ) ;
#1768 = LINE ( 'NONE', #223, #2855 ) ;
#1769 = CARTESIAN_POINT ( 'NONE',  ( 0.0000000000000000000, -0.4641000000000289300, -0.1854619274410220200 ) ) ;
#1770 =( NAMED_UNIT ( * ) PLANE_ANGLE_UNIT ( ) SI_UNIT ( $, .RADIAN. ) );
#1771 = UNCERTAINTY_MEASURE_WITH_UNIT (LENGTH_MEASURE( 1.000000000000000100E-005 ), #508, 'distance_accuracy_value', 'NONE');
#1772 = AXIS2_PLACEMENT_3D ( 'NONE', #2053, #273, #980 ) ;
#1773 = AXIS2_PLACEMENT_3D ( 'NONE', #2156, #2424, #2986 ) ;
#1774 = VERTEX_POINT ( 'NONE', #570 ) ;
#1775 = CARTESIAN_POINT ( 'NONE',  ( -0.005000000000000000100, 0.4706612939571657200, 2.384533340352226200 ) ) ;
#1776 = COLOUR_RGB ( '',0.0000000000000000000, 0.0000000000000000000, 0.0000000000000000000 ) ;
#1777 = VERTEX_POINT ( 'NONE', #323 ) ;
#1778 = FILL_AREA_STYLE_COLOUR ( '', #3056 ) ;
#1779 = EDGE_CURVE ( 'NONE', #309, #139, #1131, .T. ) ;
#1780 = PRESENTATION_STYLE_ASSIGNMENT (( #1965 ) ) ;
#1781 =( NAMED_UNIT ( * ) PLANE_ANGLE_UNIT ( ) SI_UNIT ( $, .RADIAN. ) );
#1782 = DIRECTION ( 'NONE',  ( 0.0000000000000000000, 0.0000000000000000000, 1.000000000000000000 ) ) ;
#1783 = UNCERTAINTY_MEASURE_WITH_UNIT (LENGTH_MEASURE( 1.000000000000000100E-005 ), #2002, 'distance_accuracy_value', 'NONE');
#1784 = ORIENTED_EDGE ( 'NONE', *, *, #1028, .F. ) ;
#1785 = STYLED_ITEM ( 'NONE', ( #1715 ), #177 ) ;
#1786 = STYLED_ITEM ( 'NONE', ( #1528 ), #2966 ) ;
#1787 = AXIS2_PLACEMENT_3D ( 'NONE', #302, #633, #2203 ) ;
#1788 = LINE ( 'NONE', #2035, #988 ) ;
#1789 = CARTESIAN_POINT ( 'NONE',  ( -0.005000000000000000100, 0.1188375638308398200, 1.448532829377931200 ) ) ;
#1790 = ORIENTED_EDGE ( 'NONE', *, *, #337, .T. ) ;
#1791 = ORIENTED_EDGE ( 'NONE', *, *, #2857, .F. ) ;
#1792 =( LENGTH_UNIT ( ) NAMED_UNIT ( * ) SI_UNIT ( .MILLI., .METRE. ) );
#1793 = CARTESIAN_POINT ( 'NONE',  ( -0.005000000000000000100, 0.2901559482957898300, 2.332659225181929100 ) ) ;
#1794 = CARTESIAN_POINT ( 'NONE',  ( 7.000000000000000000, 0.0000000000000000000, 4.250000000000000000 ) ) ;
#1795 =( GEOMETRIC_REPRESENTATION_CONTEXT ( 3 ) GLOBAL_UNCERTAINTY_ASSIGNED_CONTEXT ( ( #780 ) ) GLOBAL_UNIT_ASSIGNED_CONTEXT ( ( #1449, #361, #391 ) ) REPRESENTATION_CONTEXT ( 'NONE', 'WORKASPACE' ) );
#1796 = SURFACE_STYLE_FILL_AREA ( #1990 ) ;
#1797 = PRESENTATION_STYLE_ASSIGNMENT (( #554 ) ) ;
#1798 = AXIS2_PLACEMENT_3D ( 'NONE', #405, #2778, #2020 ) ;
#1799 = CARTESIAN_POINT ( 'NONE',  ( -0.005000000000000000100, 0.4706612939571657200, 2.384533340352226200 ) ) ;
#1800 = ORIENTED_EDGE ( 'NONE', *, *, #2055, .F. ) ;
#1801 = LINE ( 'NONE', #2170, #176 ) ;
#1802 = PRESENTATION_LAYER_ASSIGNMENT (  '', '', ( #228 ) ) ;
#1803 = ORIENTED_EDGE ( 'NONE', *, *, #903, .T. ) ;
#1804 =( NAMED_UNIT ( * ) PLANE_ANGLE_UNIT ( ) SI_UNIT ( $, .RADIAN. ) );
#1805 = STYLED_ITEM ( 'NONE', ( #2257 ), #971 ) ;
#1806 = LINE ( 'NONE', #2777, #621 ) ;
#1807 = EDGE_LOOP ( 'NONE', ( #966, #1381, #2588, #754 ) ) ;
#1808 = VECTOR ( 'NONE', #307, 1000.000000000000000 ) ;
#1809 = COLOUR_RGB ( '',0.0000000000000000000, 0.0000000000000000000, 0.0000000000000000000 ) ;
#1810 = CARTESIAN_POINT ( 'NONE',  ( 0.0000000000000000000, -0.2862610967964894200, -1.067741274870060300 ) ) ;
#1811 = CARTESIAN_POINT ( 'NONE',  ( 26.00000000000000000, 1.750000000000000000, -0.2500000000000000000 ) ) ;
#1812 = COLOUR_RGB ( '',0.0000000000000000000, 0.0000000000000000000, 0.0000000000000000000 ) ;
#1813 = EDGE_LOOP ( 'NONE', ( #2346, #1800, #3153, #322 ) ) ;
#1814 = CARTESIAN_POINT ( 'NONE',  ( 0.0000000000000000000, -0.4641000000000288800, -2.122696638299635700 ) ) ;
#1815 = EDGE_CURVE ( 'NONE', #3029, #500, #2106, .T. ) ;
#1816 = DIRECTION ( 'NONE',  ( -0.0000000000000000000, -0.9610853065513910200, -0.2762517575166151300 ) ) ;
#1817 = UNCERTAINTY_MEASURE_WITH_UNIT (LENGTH_MEASURE( 1.000000000000000100E-005 ), #1969, 'distance_accuracy_value', 'NONE');
#1818 = FACE_OUTER_BOUND ( 'NONE', #974, .T. ) ;
#1819 = ORIENTED_EDGE ( 'NONE', *, *, #240, .T. ) ;
#1820 = DIRECTION ( 'NONE',  ( 0.0000000000000000000, 0.2755265765474756400, -0.9612934544747655500 ) ) ;
#1821 = DIRECTION ( 'NONE',  ( 0.0000000000000000000, -2.104574761018632000E-016, -1.000000000000000000 ) ) ;
#1822 = VECTOR ( 'NONE', #945, 1000.000000000000200 ) ;
#1823 = ORIENTED_EDGE ( 'NONE', *, *, #3097, .F. ) ;
#1824 =( GEOMETRIC_REPRESENTATION_CONTEXT ( 3 ) GLOBAL_UNCERTAINTY_ASSIGNED_CONTEXT ( ( #2045 ) ) GLOBAL_UNIT_ASSIGNED_CONTEXT ( ( #2783, #711, #1249 ) ) REPRESENTATION_CONTEXT ( 'NONE', 'WORKASPACE' ) );
#1825 = STYLED_ITEM ( 'NONE', ( #2243 ), #1880 ) ;
#1826 = LINE ( 'NONE', #559, #2914 ) ;
#1827 = ORIENTED_EDGE ( 'NONE', *, *, #2007, .F. ) ;
#1828 = CARTESIAN_POINT ( 'NONE',  ( -0.005000000000000000100, -0.08311769719428983800, -0.01128161535484577600 ) ) ;
#1829 = VECTOR ( 'NONE', #1276, 1000.000000000000000 ) ;
#1830 = PRESENTATION_STYLE_ASSIGNMENT (( #2214 ) ) ;
#1831 = FILL_AREA_STYLE_COLOUR ( '', #575 ) ;
#1832 = ORIENTED_EDGE ( 'NONE', *, *, #2622, .T. ) ;
#1833 = CARTESIAN_POINT ( 'NONE',  ( -0.005000000000000000100, 0.2927342813417931900, -0.9016521882828797400 ) ) ;
#1834 = LINE ( 'NONE', #1404, #32 ) ;
#1835 = EDGE_CURVE ( 'NONE', #3393, #1908, #2866, .T. ) ;
#1836 = CYLINDRICAL_SURFACE ( 'NONE', #450, 4.250000000000000000 ) ;
#1837 = CARTESIAN_POINT ( 'NONE',  ( 26.00000000000000000, 1.750000000000000000, 0.0000000000000000000 ) ) ;
#1838 = EDGE_CURVE ( 'NONE', #2954, #1346, #2727, .T. ) ;
#1839 = VECTOR ( 'NONE', #1538, 1000.000000000000000 ) ;
#1840 =( NAMED_UNIT ( * ) SI_UNIT ( $, .STERADIAN. ) SOLID_ANGLE_UNIT ( ) );
#1841 = ORIENTED_EDGE ( 'NONE', *, *, #1135, .F. ) ;
#1842 = SURFACE_STYLE_FILL_AREA ( #2043 ) ;
#1843 = UNCERTAINTY_MEASURE_WITH_UNIT (LENGTH_MEASURE( 1.000000000000000100E-005 ), #1525, 'distance_accuracy_value', 'NONE');
#1844 = EDGE_CURVE ( 'NONE', #2898, #648, #3390, .T. ) ;
#1845 = ORIENTED_EDGE ( 'NONE', *, *, #1205, .T. ) ;
#1846 = COLOUR_RGB ( '',0.0000000000000000000, 0.0000000000000000000, 0.0000000000000000000 ) ;
#1847 = ADVANCED_FACE ( 'NONE', ( #2689 ), #593, .F. ) ;
#1848 = PRESENTATION_LAYER_ASSIGNMENT (  '', '', ( #2356 ) ) ;
#1849 =( GEOMETRIC_REPRESENTATION_CONTEXT ( 3 ) GLOBAL_UNCERTAINTY_ASSIGNED_CONTEXT ( ( #985 ) ) GLOBAL_UNIT_ASSIGNED_CONTEXT ( ( #2246, #2478, #363 ) ) REPRESENTATION_CONTEXT ( 'NONE', 'WORKASPACE' ) );
#1850 = DIRECTION ( 'NONE',  ( 0.0000000000000000000, 0.9620200793799048600, 0.2729786930694068600 ) ) ;
#1851 = FILL_AREA_STYLE_COLOUR ( '', #1874 ) ;
#1852 = PRESENTATION_STYLE_ASSIGNMENT (( #2826 ) ) ;
#1853 = DIRECTION ( 'NONE',  ( 0.0000000000000000000, -0.2762033010252023000, 0.9610992334315856500 ) ) ;
#1854 = SURFACE_STYLE_USAGE ( .BOTH. , #1345 ) ;
#1855 = EDGE_LOOP ( 'NONE', ( #2403, #2036 ) ) ;
#1856 = SURFACE_STYLE_FILL_AREA ( #3392 ) ;
#1857 = CARTESIAN_POINT ( 'NONE',  ( -0.005000000000000000100, -0.4641000000000284300, 1.321314205319506200 ) ) ;
#1858 = PLANE ( 'NONE',  #2867 ) ;
#1859 = EDGE_CURVE ( 'NONE', #2836, #2468, #5, .T. ) ;
#1860 = DIRECTION ( 'NONE',  ( 0.0000000000000000000, -1.000000000000000000, 2.104574761018632200E-016 ) ) ;
#1861 = ADVANCED_FACE ( 'NONE', ( #3306 ), #852, .F. ) ;
#1862 = LINE ( 'NONE', #3353, #1191 ) ;
#1863 = ORIENTED_EDGE ( 'NONE', *, *, #1711, .T. ) ;
#1864 = UNCERTAINTY_MEASURE_WITH_UNIT (LENGTH_MEASURE( 1.000000000000000100E-005 ), #684, 'distance_accuracy_value', 'NONE');
#1865 = CARTESIAN_POINT ( 'NONE',  ( -0.005000000000000000100, 0.4706612939571654900, 0.8839447622066248800 ) ) ;
#1866 = DIRECTION ( 'NONE',  ( 0.0000000000000000000, 0.0000000000000000000, -1.000000000000000000 ) ) ;
#1867 = PRESENTATION_LAYER_ASSIGNMENT (  '', '', ( #293 ) ) ;
#1868 = EDGE_LOOP ( 'NONE', ( #2230, #1316, #1791, #346 ) ) ;
#1869 = ORIENTED_EDGE ( 'NONE', *, *, #2234, .F. ) ;
#1870 = MECHANICAL_DESIGN_GEOMETRIC_PRESENTATION_REPRESENTATION (  '', ( #1020 ), #537 ) ;
#1871 =( LENGTH_UNIT ( ) NAMED_UNIT ( * ) SI_UNIT ( .MILLI., .METRE. ) );
#1872 = PLANE ( 'NONE',  #911 ) ;
#1873 = SURFACE_STYLE_FILL_AREA ( #1429 ) ;
#1874 = COLOUR_RGB ( '',0.0000000000000000000, 0.0000000000000000000, 0.0000000000000000000 ) ;
#1875 = FACE_OUTER_BOUND ( 'NONE', #2609, .T. ) ;
#1876 = DIRECTION ( 'NONE',  ( 0.0000000000000000000, -0.2764273280489771300, 0.9610348236706635100 ) ) ;
#1877 =( LENGTH_UNIT ( ) NAMED_UNIT ( * ) SI_UNIT ( .MILLI., .METRE. ) );
#1878 = COLOUR_RGB ( '',0.0000000000000000000, 0.0000000000000000000, 0.0000000000000000000 ) ;
#1879 = SURFACE_STYLE_FILL_AREA ( #3017 ) ;
#1880 = ADVANCED_FACE ( 'NONE', ( #1646 ), #1958, .F. ) ;
#1881 = EDGE_CURVE ( 'NONE', #842, #831, #2364, .T. ) ;
#1882 = CARTESIAN_POINT ( 'NONE',  ( -0.005000000000000000100, -0.2862610967964894200, -1.067741274870060300 ) ) ;
#1883 = PRESENTATION_STYLE_ASSIGNMENT (( #1545 ) ) ;
#1884 = EDGE_CURVE ( 'NONE', #2180, #401, #2476, .T. ) ;
#1885 = ORIENTED_EDGE ( 'NONE', *, *, #2070, .T. ) ;
#1886 = LINE ( 'NONE', #3264, #539 ) ;
#1887 = DIRECTION ( 'NONE',  ( 1.000000000000000000, 0.0000000000000000000, 0.0000000000000000000 ) ) ;
#1888 = MECHANICAL_DESIGN_GEOMETRIC_PRESENTATION_REPRESENTATION (  '', ( #2473 ), #2653 ) ;
#1889 = FILL_AREA_STYLE_COLOUR ( '', #122 ) ;
#1890 = VERTEX_POINT ( 'NONE', #2990 ) ;
#1891 = AXIS2_PLACEMENT_3D ( 'NONE', #99, #883, #2972 ) ;
#1892 = DIRECTION ( 'NONE',  ( 0.0000000000000000000, -0.002813301676022605800, 0.9999960426590095400 ) ) ;
#1893 = AXIS2_PLACEMENT_3D ( 'NONE', #120, #2464, #1955 ) ;
#1894 = DIRECTION ( 'NONE',  ( 0.0000000000000000000, 0.2793947940878290800, -0.9601763114327596100 ) ) ;
#1895 = DIRECTION ( 'NONE',  ( 0.0000000000000000000, 0.9601763114327595000, 0.2793947940878290200 ) ) ;
#1896 =( LENGTH_UNIT ( ) NAMED_UNIT ( * ) SI_UNIT ( .MILLI., .METRE. ) );
#1897 = ADVANCED_FACE ( 'NONE', ( #2238 ), #2250, .T. ) ;
#1898 = VECTOR ( 'NONE', #151, 1000.000000000000000 ) ;
#1899 = ORIENTED_EDGE ( 'NONE', *, *, #3263, .F. ) ;
#1900 = FILL_AREA_STYLE_COLOUR ( '', #1486 ) ;
#1901 = PRESENTATION_STYLE_ASSIGNMENT (( #1854 ) ) ;
#1902 = ORIENTED_EDGE ( 'NONE', *, *, #416, .T. ) ;
#1903 = MECHANICAL_DESIGN_GEOMETRIC_PRESENTATION_REPRESENTATION (  '', ( #2514 ), #1348 ) ;
#1904 = CARTESIAN_POINT ( 'NONE',  ( 0.0000000000000000000, 0.4706612939571652700, -1.570705373510844000 ) ) ;
#1905 = DIRECTION ( 'NONE',  ( 1.000000000000000000, 0.0000000000000000000, 0.0000000000000000000 ) ) ;
#1906 = VERTEX_POINT ( 'NONE', #352 ) ;
#1907 = FILL_AREA_STYLE ('',( #1630 ) ) ;
#1908 = VERTEX_POINT ( 'NONE', #629 ) ;
#1909 = DIRECTION ( 'NONE',  ( 0.0000000000000000000, -1.213189754119655800E-016, -1.000000000000000000 ) ) ;
#1910 = PRESENTATION_LAYER_ASSIGNMENT (  '', '', ( #1785 ) ) ;
#1911 = UNCERTAINTY_MEASURE_WITH_UNIT (LENGTH_MEASURE( 1.000000000000000100E-005 ), #1708, 'distance_accuracy_value', 'NONE');
#1912 = PLANE ( 'NONE',  #1987 ) ;
#1913 = ORIENTED_EDGE ( 'NONE', *, *, #3022, .T. ) ;
#1914 = AXIS2_PLACEMENT_3D ( 'NONE', #1865, #1876, #855 ) ;
#1915 = AXIS2_PLACEMENT_3D ( 'NONE', #1398, #2947, #1366 ) ;
#1916 = ORIENTED_EDGE ( 'NONE', *, *, #442, .F. ) ;
#1917 = ADVANCED_FACE ( 'NONE', ( #499 ), #668, .F. ) ;
#1918 = FILL_AREA_STYLE ('',( #2177 ) ) ;
#1919 =( NAMED_UNIT ( * ) PLANE_ANGLE_UNIT ( ) SI_UNIT ( $, .RADIAN. ) );
#1920 = DIRECTION ( 'NONE',  ( 0.0000000000000000000, 0.9601763114327596100, 0.2793947940878290800 ) ) ;
#1921 = LINE ( 'NONE', #2953, #3241 ) ;
#1922 = DIRECTION ( 'NONE',  ( 0.0000000000000000000, 0.0000000000000000000, 1.000000000000000000 ) ) ;
#1923 =( NAMED_UNIT ( * ) SI_UNIT ( $, .STERADIAN. ) SOLID_ANGLE_UNIT ( ) );
#1924 = FILL_AREA_STYLE_COLOUR ( '', #2459 ) ;
#1925 = FACE_OUTER_BOUND ( 'NONE', #3195, .T. ) ;
#1926 = FACE_OUTER_BOUND ( 'NONE', #2067, .T. ) ;
#1927 = FACE_OUTER_BOUND ( 'NONE', #1267, .T. ) ;
#1928 = ORIENTED_EDGE ( 'NONE', *, *, #2070, .F. ) ;
#1929 = EDGE_CURVE ( 'NONE', #3064, #3409, #296, .T. ) ;
#1930 = DIRECTION ( 'NONE',  ( -1.000000000000000000, -0.0000000000000000000, -0.0000000000000000000 ) ) ;
#1931 = CARTESIAN_POINT ( 'NONE',  ( -0.005000000000000000100, 0.4706612939571652700, -1.570705373510844000 ) ) ;
#1932 = EDGE_LOOP ( 'NONE', ( #1558, #865, #1957, #395 ) ) ;
#1933 = UNCERTAINTY_MEASURE_WITH_UNIT (LENGTH_MEASURE( 1.000000000000000100E-005 ), #882, 'distance_accuracy_value', 'NONE');
#1934 = EDGE_CURVE ( 'NONE', #1745, #1890, #2285, .T. ) ;
#1935 = ORIENTED_EDGE ( 'NONE', *, *, #2712, .F. ) ;
#1936 = DIRECTION ( 'NONE',  ( 0.0000000000000000000, -0.7083077534943953400, -0.7059037656364519600 ) ) ;
#1937 = DIRECTION ( 'NONE',  ( 1.000000000000000000, 0.0000000000000000000, 0.0000000000000000000 ) ) ;
#1938 = FILL_AREA_STYLE_COLOUR ( '', #3124 ) ;
#1939 = VECTOR ( 'NONE', #841, 1000.000000000000000 ) ;
#1940 = ADVANCED_FACE ( 'NONE', ( #3175 ), #1438, .F. ) ;
#1941 = ORIENTED_EDGE ( 'NONE', *, *, #2179, .F. ) ;
#1942 = CARTESIAN_POINT ( 'NONE',  ( -0.005000000000000000100, 0.2927030167103896200, 1.097976737910209200 ) ) ;
#1943 = SURFACE_SIDE_STYLE ('',( #471 ) ) ;
#1944 = STYLED_ITEM ( 'NONE', ( #3219 ), #1993 ) ;
#1945 = SURFACE_STYLE_USAGE ( .BOTH. , #1426 ) ;
#1946 = FILL_AREA_STYLE_COLOUR ( '', #3099 ) ;
#1947 = VECTOR ( 'NONE', #498, 1000.000000000000000 ) ;
#1948 = VERTEX_POINT ( 'NONE', #897 ) ;
#1949 = CARTESIAN_POINT ( 'NONE',  ( -0.005000000000000000100, -0.2862610967964894200, -0.5495612876816065000 ) ) ;
#1950 = SURFACE_STYLE_FILL_AREA ( #960 ) ;
#1951 = ORIENTED_EDGE ( 'NONE', *, *, #3361, .T. ) ;
#1952 = EDGE_CURVE ( 'NONE', #2420, #2994, #834, .T. ) ;
#1953 = CARTESIAN_POINT ( 'NONE',  ( -0.005000000000000000100, 0.07204293857864706200, -1.967970823063391200 ) ) ;
#1954 = CARTESIAN_POINT ( 'NONE',  ( 6.107499999999999900, 0.0000000000000000000, 0.0000000000000000000 ) ) ;
#1955 = DIRECTION ( 'NONE',  ( 0.0000000000000000000, 0.0000000000000000000, -1.000000000000000000 ) ) ;
#1956 = SURFACE_SIDE_STYLE ('',( #2621 ) ) ;
#1957 = ORIENTED_EDGE ( 'NONE', *, *, #1257, .F. ) ;
#1958 = PLANE ( 'NONE',  #3298 ) ;
#1959 = DIRECTION ( 'NONE',  ( 0.0000000000000000000, 0.7145695586383381500, -0.6995643972268819100 ) ) ;
#1960 = STYLED_ITEM ( 'NONE', ( #2843 ), #316 ) ;
#1961 = VECTOR ( 'NONE', #1511, 1000.000000000000000 ) ;
#1962 =( GEOMETRIC_REPRESENTATION_CONTEXT ( 3 ) GLOBAL_UNCERTAINTY_ASSIGNED_CONTEXT ( ( #859 ) ) GLOBAL_UNIT_ASSIGNED_CONTEXT ( ( #2930, #30, #2438 ) ) REPRESENTATION_CONTEXT ( 'NONE', 'WORKASPACE' ) );
#1963 = VECTOR ( 'NONE', #1038, 1000.000000000000000 ) ;
#1964 = AXIS2_PLACEMENT_3D ( 'NONE', #319, #905, #3011 ) ;
#1965 = SURFACE_STYLE_USAGE ( .BOTH. , #136 ) ;
#1966 = FILL_AREA_STYLE_COLOUR ( '', #922 ) ;
#1967 = ORIENTED_EDGE ( 'NONE', *, *, #1641, .F. ) ;
#1968 = FILL_AREA_STYLE ('',( #2508 ) ) ;
#1969 =( LENGTH_UNIT ( ) NAMED_UNIT ( * ) SI_UNIT ( .MILLI., .METRE. ) );
#1970 = DIRECTION ( 'NONE',  ( -0.0000000000000000000, -1.000000000000000000, -0.0000000000000000000 ) ) ;
#1971 = UNCERTAINTY_MEASURE_WITH_UNIT (LENGTH_MEASURE( 1.000000000000000100E-005 ), #3305, 'distance_accuracy_value', 'NONE');
#1972 = VERTEX_POINT ( 'NONE', #1810 ) ;
#1973 = FACE_OUTER_BOUND ( 'NONE', #44, .T. ) ;
#1974 =( NAMED_UNIT ( * ) SI_UNIT ( $, .STERADIAN. ) SOLID_ANGLE_UNIT ( ) );
#1975 =( LENGTH_UNIT ( ) NAMED_UNIT ( * ) SI_UNIT ( .MILLI., .METRE. ) );
#1976 = MECHANICAL_DESIGN_GEOMETRIC_PRESENTATION_REPRESENTATION (  '', ( #814 ), #2155 ) ;
#1977 = UNCERTAINTY_MEASURE_WITH_UNIT (LENGTH_MEASURE( 1.000000000000000100E-005 ), #2711, 'distance_accuracy_value', 'NONE');
#1978 = ORIENTED_EDGE ( 'NONE', *, *, #1208, .F. ) ;
#1979 = DIRECTION ( 'NONE',  ( 1.000000000000000000, 0.0000000000000000000, 0.0000000000000000000 ) ) ;
#1980 = FILL_AREA_STYLE_COLOUR ( '', #1506 ) ;
#1981 =( NAMED_UNIT ( * ) SI_UNIT ( $, .STERADIAN. ) SOLID_ANGLE_UNIT ( ) );
#1982 = MECHANICAL_DESIGN_GEOMETRIC_PRESENTATION_REPRESENTATION (  '', ( #368 ), #3268 ) ;
#1983 = ORIENTED_EDGE ( 'NONE', *, *, #1407, .F. ) ;
#1984 = SURFACE_STYLE_USAGE ( .BOTH. , #398 ) ;
#1985 = DIRECTION ( 'NONE',  ( 1.000000000000000000, 0.0000000000000000000, 0.0000000000000000000 ) ) ;
#1986 = FACE_OUTER_BOUND ( 'NONE', #1451, .T. ) ;
#1987 = AXIS2_PLACEMENT_3D ( 'NONE', #1668, #2965, #357 ) ;
#1988 = MECHANICAL_DESIGN_GEOMETRIC_PRESENTATION_REPRESENTATION (  '', ( #2296 ), #1744 ) ;
#1989 = SURFACE_SIDE_STYLE ('',( #2103 ) ) ;
#1990 = FILL_AREA_STYLE ('',( #1717 ) ) ;
#1991 = FACE_OUTER_BOUND ( 'NONE', #3019, .T. ) ;
#1992 = ORIENTED_EDGE ( 'NONE', *, *, #642, .T. ) ;
#1993 = ADVANCED_FACE ( 'NONE', ( #2333 ), #867, .F. ) ;
#1994 = DIRECTION ( 'NONE',  ( 0.0000000000000000000, 1.000000000000000000, 0.0000000000000000000 ) ) ;
#1995 = CARTESIAN_POINT ( 'NONE',  ( -0.005000000000000000100, 0.2927342813417934100, -0.4757653905587055400 ) ) ;
#1996 = CARTESIAN_POINT ( 'NONE',  ( 7.000000000000000000, 0.0000000000000000000, 4.250000000000000000 ) ) ;
#1997 = FILL_AREA_STYLE_COLOUR ( '', #2544 ) ;
#1998 = LINE ( 'NONE', #576, #2950 ) ;
#1999 = VECTOR ( 'NONE', #1782, 1000.000000000000000 ) ;
#2000 = DIRECTION ( 'NONE',  ( 0.0000000000000000000, 0.9985542843760947300, 0.05375259206908281800 ) ) ;
#2001 = FILL_AREA_STYLE_COLOUR ( '', #1248 ) ;
#2002 =( LENGTH_UNIT ( ) NAMED_UNIT ( * ) SI_UNIT ( .MILLI., .METRE. ) );
#2003 = SURFACE_STYLE_USAGE ( .BOTH. , #952 ) ;
#2004 = EDGE_LOOP ( 'NONE', ( #1368, #2342, #3121, #3102 ) ) ;
#2005 = EDGE_CURVE ( 'NONE', #2639, #264, #1532, .T. ) ;
#2006 = ORIENTED_EDGE ( 'NONE', *, *, #1540, .T. ) ;
#2007 = EDGE_CURVE ( 'NONE', #2859, #1653, #2817, .T. ) ;
#2008 = DIRECTION ( 'NONE',  ( 0.0000000000000000000, 0.0000000000000000000, 1.000000000000000000 ) ) ;
#2009 =( NAMED_UNIT ( * ) PLANE_ANGLE_UNIT ( ) SI_UNIT ( $, .RADIAN. ) );
#2010 = PLANE ( 'NONE',  #2163 ) ;
#2011 = CIRCLE ( 'NONE', #2495, 0.2500000000000000000 ) ;
#2012 = EDGE_LOOP ( 'NONE', ( #1686, #1299, #1282, #1124 ) ) ;
#2013 = CYLINDRICAL_SURFACE ( 'NONE', #2637, 0.2500000000000000000 ) ;
#2014 = FILL_AREA_STYLE ('',( #156 ) ) ;
#2015 =( GEOMETRIC_REPRESENTATION_CONTEXT ( 3 ) GLOBAL_UNCERTAINTY_ASSIGNED_CONTEXT ( ( #200 ) ) GLOBAL_UNIT_ASSIGNED_CONTEXT ( ( #3069, #2265, #439 ) ) REPRESENTATION_CONTEXT ( 'NONE', 'WORKASPACE' ) );
#2016 = SURFACE_SIDE_STYLE ('',( #702 ) ) ;
#2017 = ADVANCED_FACE ( 'NONE', ( #1 ), #1700, .F. ) ;
#2018 = LINE ( 'NONE', #515, #902 ) ;
#2019 =( LENGTH_UNIT ( ) NAMED_UNIT ( * ) SI_UNIT ( .MILLI., .METRE. ) );
#2020 = DIRECTION ( 'NONE',  ( 0.0000000000000000000, 0.9615323037684296900, 0.2746918797667241000 ) ) ;
#2021 =( GEOMETRIC_REPRESENTATION_CONTEXT ( 3 ) GLOBAL_UNCERTAINTY_ASSIGNED_CONTEXT ( ( #1049 ) ) GLOBAL_UNIT_ASSIGNED_CONTEXT ( ( #2713, #2951, #1370 ) ) REPRESENTATION_CONTEXT ( 'NONE', 'WORKASPACE' ) );
#2022 = CARTESIAN_POINT ( 'NONE',  ( 22.00000000000000000, -1.750000000000000000, 0.2500000000000000000 ) ) ;
#2023 = DIRECTION ( 'NONE',  ( 0.0000000000000000000, 1.000000000000000000, 0.0000000000000000000 ) ) ;
#2024 = FILL_AREA_STYLE_COLOUR ( '', #2491 ) ;
#2025 = ORIENTED_EDGE ( 'NONE', *, *, #2566, .T. ) ;
#2026 = CARTESIAN_POINT ( 'NONE',  ( 0.1999999999999996500, 4.959819536546780600E-016, 4.050000000000000700 ) ) ;
#2027 = DIRECTION ( 'NONE',  ( 0.0000000000000000000, 0.0000000000000000000, -1.000000000000000000 ) ) ;
#2028 = VECTOR ( 'NONE', #1209, 1000.000000000000000 ) ;
#2029 = ORIENTED_EDGE ( 'NONE', *, *, #486, .T. ) ;
#2030 = CARTESIAN_POINT ( 'NONE',  ( -0.005000000000000000100, -0.05393646921602023700, -1.001545525218872500 ) ) ;
#2031 = UNCERTAINTY_MEASURE_WITH_UNIT (LENGTH_MEASURE( 1.000000000000000100E-005 ), #1250, 'distance_accuracy_value', 'NONE');
#2032 = EDGE_CURVE ( 'NONE', #445, #1657, #3215, .T. ) ;
#2033 = LINE ( 'NONE', #1507, #972 ) ;
#2034 = FILL_AREA_STYLE_COLOUR ( '', #3169 ) ;
#2035 = CARTESIAN_POINT ( 'NONE',  ( -0.005000000000000000100, -0.4641000000000286000, 0.2650415035041395800 ) ) ;
#2036 = ORIENTED_EDGE ( 'NONE', *, *, #3363, .T. ) ;
#2037 = CARTESIAN_POINT ( 'NONE',  ( 0.0000000000000000000, 0.4706612939571652700, -1.570705373510844000 ) ) ;
#2038 = PRESENTATION_LAYER_ASSIGNMENT (  '', '', ( #761 ) ) ;
#2039 = VECTOR ( 'NONE', #2651, 1000.000000000000000 ) ;
#2040 = STYLED_ITEM ( 'NONE', ( #2984 ), #1637 ) ;
#2041 = ORIENTED_EDGE ( 'NONE', *, *, #2806, .F. ) ;
#2042 = ORIENTED_EDGE ( 'NONE', *, *, #2999, .F. ) ;
#2043 = FILL_AREA_STYLE ('',( #3088 ) ) ;
#2044 = DIRECTION ( 'NONE',  ( 1.000000000000000000, -0.0000000000000000000, -0.0000000000000000000 ) ) ;
#2045 = UNCERTAINTY_MEASURE_WITH_UNIT (LENGTH_MEASURE( 1.000000000000000100E-005 ), #2783, 'distance_accuracy_value', 'NONE');
#2046 = ORIENTED_EDGE ( 'NONE', *, *, #396, .T. ) ;
#2047 = MECHANICAL_DESIGN_GEOMETRIC_PRESENTATION_REPRESENTATION (  '', ( #2122 ), #2021 ) ;
#2048 = CARTESIAN_POINT ( 'NONE',  ( -0.005000000000000000100, -0.4641000000000288800, -2.122696638299635700 ) ) ;
#2049 = UNCERTAINTY_MEASURE_WITH_UNIT (LENGTH_MEASURE( 1.000000000000000100E-005 ), #2235, 'distance_accuracy_value', 'NONE');
#2050 = VERTEX_POINT ( 'NONE', #2192 ) ;
#2051 = VECTOR ( 'NONE', #3180, 1000.000000000000000 ) ;
#2052 = STYLED_ITEM ( 'NONE', ( #356 ), #2458 ) ;
#2053 = CARTESIAN_POINT ( 'NONE',  ( -0.005000000000000000100, 0.4706612939571654900, -1.853707125018472200 ) ) ;
#2054 = CLOSED_SHELL ( 'NONE', ( #2111, #359, #825, #329, #1993, #1656, #2536, #1880, #1847, #1203, #713, #344, #316, #2186, #2705, #1238, #2937, #875, #2966, #1637, #3018, #1731, #2017, #1467, #1897 ) ) ;
#2055 = EDGE_CURVE ( 'NONE', #401, #1657, #1495, .T. ) ;
#2056 = DIRECTION ( 'NONE',  ( 0.0000000000000000000, 0.0000000000000000000, -1.000000000000000000 ) ) ;
#2057 = DIRECTION ( 'NONE',  ( 1.000000000000000000, 0.0000000000000000000, 0.0000000000000000000 ) ) ;
#2058 = LINE ( 'NONE', #423, #1963 ) ;
#2059 = SURFACE_STYLE_FILL_AREA ( #3242 ) ;
#2060 = DIRECTION ( 'NONE',  ( 1.000000000000000000, 0.0000000000000000000, 0.0000000000000000000 ) ) ;
#2061 = VERTEX_POINT ( 'NONE', #2795 ) ;
#2062 =( NAMED_UNIT ( * ) SI_UNIT ( $, .STERADIAN. ) SOLID_ANGLE_UNIT ( ) );
#2063 = PRESENTATION_LAYER_ASSIGNMENT (  '', '', ( #349 ) ) ;
#2064 = ORIENTED_EDGE ( 'NONE', *, *, #839, .T. ) ;
#2065 = PRESENTATION_STYLE_ASSIGNMENT (( #2487 ) ) ;
#2066 =( NAMED_UNIT ( * ) PLANE_ANGLE_UNIT ( ) SI_UNIT ( $, .RADIAN. ) );
#2067 = EDGE_LOOP ( 'NONE', ( #1544, #1086, #930, #1529 ) ) ;
#2068 = SURFACE_SIDE_STYLE ('',( #3336 ) ) ;
#2069 = VECTOR ( 'NONE', #2134, 1000.000000000000000 ) ;
#2070 = EDGE_CURVE ( 'NONE', #2988, #314, #1886, .T. ) ;
#2071 = EDGE_CURVE ( 'NONE', #785, #139, #1682, .T. ) ;
#2072 = SURFACE_STYLE_FILL_AREA ( #1409 ) ;
#2073 = CARTESIAN_POINT ( 'NONE',  ( -0.005000000000000000100, -0.05393646921602029300, -0.6003918925204553300 ) ) ;
#2074 = CARTESIAN_POINT ( 'NONE',  ( -0.005000000000000000100, 0.1188688284627371100, -0.5510335675551548700 ) ) ;
#2075 = EDGE_LOOP ( 'NONE', ( #3122, #2991, #1491, #3041 ) ) ;
#2076 = STYLED_ITEM ( 'NONE', ( #2548 ), #713 ) ;
#2077 = SURFACE_STYLE_FILL_AREA ( #1085 ) ;
#2078 =( NAMED_UNIT ( * ) SI_UNIT ( $, .STERADIAN. ) SOLID_ANGLE_UNIT ( ) );
#2079 = AXIS2_PLACEMENT_3D ( 'NONE', #1693, #1937, #127 ) ;
#2080 = VECTOR ( 'NONE', #479, 1000.000000000000000 ) ;
#2081 = ORIENTED_EDGE ( 'NONE', *, *, #1257, .T. ) ;
#2082 = UNCERTAINTY_MEASURE_WITH_UNIT (LENGTH_MEASURE( 1.000000000000000100E-005 ), #748, 'distance_accuracy_value', 'NONE');
#2083 = LINE ( 'NONE', #421, #1822 ) ;
#2084 = ORIENTED_EDGE ( 'NONE', *, *, #819, .F. ) ;
#2085 = SURFACE_SIDE_STYLE ('',( #1487 ) ) ;
#2086 =( NAMED_UNIT ( * ) SI_UNIT ( $, .STERADIAN. ) SOLID_ANGLE_UNIT ( ) );
#2087 = ORIENTED_EDGE ( 'NONE', *, *, #1835, .F. ) ;
#2088 = FACE_OUTER_BOUND ( 'NONE', #543, .T. ) ;
#2089 = FACE_OUTER_BOUND ( 'NONE', #3234, .T. ) ;
#2090 = ORIENTED_EDGE ( 'NONE', *, *, #659, .F. ) ;
#2091 = LINE ( 'NONE', #2048, #652 ) ;
#2092 = DIRECTION ( 'NONE',  ( 0.0000000000000000000, 0.0000000000000000000, 1.000000000000000000 ) ) ;
#2093 = PRESENTATION_STYLE_ASSIGNMENT (( #2201 ) ) ;
#2094 = VECTOR ( 'NONE', #1909, 1000.000000000000000 ) ;
#2095 = CARTESIAN_POINT ( 'NONE',  ( 26.00000000000000000, 1.750000000000000000, 0.0000000000000000000 ) ) ;
#2096 = PLANE ( 'NONE',  #3366 ) ;
#2097 = VERTEX_POINT ( 'NONE', #2274 ) ;
#2098 = LINE ( 'NONE', #2073, #3294 ) ;
#2099 = FACE_OUTER_BOUND ( 'NONE', #3372, .T. ) ;
#2100 = DIRECTION ( 'NONE',  ( 1.000000000000000000, 0.0000000000000000000, 0.0000000000000000000 ) ) ;
#2101 = AXIS2_PLACEMENT_3D ( 'NONE', #3052, #639, #3313 ) ;
#2102 = DIRECTION ( 'NONE',  ( 0.0000000000000000000, -1.000000000000000000, 1.207321276394593500E-016 ) ) ;
#2103 = SURFACE_STYLE_FILL_AREA ( #951 ) ;
#2104 = CARTESIAN_POINT ( 'NONE',  ( 0.0000000000000000000, 0.4706612939571657200, 2.384533340352226200 ) ) ;
#2105 = ORIENTED_EDGE ( 'NONE', *, *, #2646, .F. ) ;
#2106 = LINE ( 'NONE', #1857, #1808 ) ;
#2107 =( NAMED_UNIT ( * ) SI_UNIT ( $, .STERADIAN. ) SOLID_ANGLE_UNIT ( ) );
#2108 = DIRECTION ( 'NONE',  ( 0.0000000000000000000, -1.000000000000000000, 0.0000000000000000000 ) ) ;
#2109 = EDGE_CURVE ( 'NONE', #1185, #2898, #2606, .T. ) ;
#2110 =( LENGTH_UNIT ( ) NAMED_UNIT ( * ) SI_UNIT ( .MILLI., .METRE. ) );
#2111 = ADVANCED_FACE ( 'NONE', ( #82 ), #664, .F. ) ;
#2112 = LINE ( 'NONE', #1605, #2253 ) ;
#2113 = ORIENTED_EDGE ( 'NONE', *, *, #2942, .F. ) ;
#2114 = DIRECTION ( 'NONE',  ( 0.0000000000000000000, 2.372545677633582300E-016, 1.000000000000000000 ) ) ;
#2115 = CARTESIAN_POINT ( 'NONE',  ( 0.0000000000000000000, 0.04345001279228703100, -1.977222312223316100 ) ) ;
#2116 = LINE ( 'NONE', #1298, #340 ) ;
#2117 = EDGE_LOOP ( 'NONE', ( #1681, #477, #2820, #2397 ) ) ;
#2118 = PRESENTATION_LAYER_ASSIGNMENT (  '', '', ( #1582 ) ) ;
#2119 = ORIENTED_EDGE ( 'NONE', *, *, #1310, .T. ) ;
#2120 = LINE ( 'NONE', #3325, #19 ) ;
#2121 = VERTEX_POINT ( 'NONE', #1953 ) ;
#2122 = STYLED_ITEM ( 'NONE', ( #723 ), #1861 ) ;
#2123 = LINE ( 'NONE', #2669, #1517 ) ;
#2124 = ORIENTED_EDGE ( 'NONE', *, *, #2896, .T. ) ;
#2125 = FILL_AREA_STYLE_COLOUR ( '', #2224 ) ;
#2126 = VECTOR ( 'NONE', #3328, 1000.000000000000000 ) ;
#2127 = SURFACE_SIDE_STYLE ('',( #2511 ) ) ;
#2128 = VERTEX_POINT ( 'NONE', #636 ) ;
#2129 = LINE ( 'NONE', #1147, #2319 ) ;
#2130 = ADVANCED_FACE ( 'NONE', ( #1265 ), #957, .F. ) ;
#2131 = SURFACE_STYLE_FILL_AREA ( #2369 ) ;
#2132 = DIRECTION ( 'NONE',  ( 0.0000000000000000000, 0.0000000000000000000, -1.000000000000000000 ) ) ;
#2133 = EDGE_CURVE ( 'NONE', #2515, #358, #1007, .T. ) ;
#2134 = DIRECTION ( 'NONE',  ( -1.000000000000000000, -0.0000000000000000000, -0.0000000000000000000 ) ) ;
#2135 = CARTESIAN_POINT ( 'NONE',  ( 0.0000000000000000000, 0.2901762661091321600, 2.076730209328213000 ) ) ;
#2136 =( LENGTH_UNIT ( ) NAMED_UNIT ( * ) SI_UNIT ( .MILLI., .METRE. ) );
#2137 = ORIENTED_EDGE ( 'NONE', *, *, #242, .T. ) ;
#2138 = PRESENTATION_STYLE_ASSIGNMENT (( #3108 ) ) ;
#2139 = AXIS2_PLACEMENT_3D ( 'NONE', #2657, #2102, #1340 ) ;
#2140 =( NAMED_UNIT ( * ) SI_UNIT ( $, .STERADIAN. ) SOLID_ANGLE_UNIT ( ) );
#2141 = SURFACE_STYLE_USAGE ( .BOTH. , #2945 ) ;
#2142 = VERTEX_POINT ( 'NONE', #2300 ) ;
#2143 = COLOUR_RGB ( '',0.0000000000000000000, 0.0000000000000000000, 0.0000000000000000000 ) ;
#2144 =( GEOMETRIC_REPRESENTATION_CONTEXT ( 3 ) GLOBAL_UNCERTAINTY_ASSIGNED_CONTEXT ( ( #34 ) ) GLOBAL_UNIT_ASSIGNED_CONTEXT ( ( #3095, #2833, #3359 ) ) REPRESENTATION_CONTEXT ( 'NONE', 'WORKASPACE' ) );
#2145 = MECHANICAL_DESIGN_GEOMETRIC_PRESENTATION_REPRESENTATION (  '', ( #2395 ), #2575 ) ;
#2146 = CARTESIAN_POINT ( 'NONE',  ( -0.005000000000000000100, -0.4641000000000289300, -0.1854619274410220200 ) ) ;
#2147 = ORIENTED_EDGE ( 'NONE', *, *, #3001, .F. ) ;
#2148 = DIRECTION ( 'NONE',  ( 0.0000000000000000000, 0.2746459304916885100, -0.9615454294334483400 ) ) ;
#2149 =( NAMED_UNIT ( * ) SI_UNIT ( $, .STERADIAN. ) SOLID_ANGLE_UNIT ( ) );
#2150 =( LENGTH_UNIT ( ) NAMED_UNIT ( * ) SI_UNIT ( .MILLI., .METRE. ) );
#2151 = ADVANCED_FACE ( 'NONE', ( #3008 ), #2770, .F. ) ;
#2152 = FILL_AREA_STYLE ('',( #1889 ) ) ;
#2153 = CARTESIAN_POINT ( 'NONE',  ( -0.005000000000000000100, 0.1188688284627370000, -0.9522440450364015900 ) ) ;
#2154 = CIRCLE ( 'NONE', #677, 0.2187500000000001900 ) ;
#2155 =( GEOMETRIC_REPRESENTATION_CONTEXT ( 3 ) GLOBAL_UNCERTAINTY_ASSIGNED_CONTEXT ( ( #180 ) ) GLOBAL_UNIT_ASSIGNED_CONTEXT ( ( #919, #2755, #406 ) ) REPRESENTATION_CONTEXT ( 'NONE', 'WORKASPACE' ) );
#2156 = CARTESIAN_POINT ( 'NONE',  ( 0.1999999999999996500, 0.0000000000000000000, -4.050000000000000700 ) ) ;
#2157 = EDGE_LOOP ( 'NONE', ( #3105, #2701, #2362, #1138, #1130, #667, #850, #1068, #2168, #574, #1663, #2745, #914, #3342, #3054, #56, #1784, #2876, #513, #2233, #1841, #1199, #149 ) ) ;
#2158 = ORIENTED_EDGE ( 'NONE', *, *, #1089, .T. ) ;
#2159 =( NAMED_UNIT ( * ) SI_UNIT ( $, .STERADIAN. ) SOLID_ANGLE_UNIT ( ) );
#2160 = DIRECTION ( 'NONE',  ( 0.0000000000000000000, 6.723885967566622100E-016, 1.000000000000000000 ) ) ;
#2161 = DIRECTION ( 'NONE',  ( 0.0000000000000000000, 0.0000000000000000000, -1.000000000000000000 ) ) ;
#2162 = ORIENTED_EDGE ( 'NONE', *, *, #2309, .T. ) ;
#2163 = AXIS2_PLACEMENT_3D ( 'NONE', #2579, #722, #1739 ) ;
#2164 = VECTOR ( 'NONE', #1905, 1000.000000000000000 ) ;
#2165 = VERTEX_POINT ( 'NONE', #3351 ) ;
#2166 = CARTESIAN_POINT ( 'NONE',  ( -0.005000000000000000100, -0.2862269899289315300, 1.371786688027796000 ) ) ;
#2167 = CARTESIAN_POINT ( 'NONE',  ( -0.005000000000000000100, 0.4706612939571652700, -2.119865767362318000 ) ) ;
#2168 = ORIENTED_EDGE ( 'NONE', *, *, #1254, .F. ) ;
#2169 = SURFACE_STYLE_USAGE ( .BOTH. , #74 ) ;
#2170 = CARTESIAN_POINT ( 'NONE',  ( -0.005000000000000000100, 0.4706612939571654900, 0.06608819870102282400 ) ) ;
#2171 = UNCERTAINTY_MEASURE_WITH_UNIT (LENGTH_MEASURE( 1.000000000000000100E-005 ), #1052, 'distance_accuracy_value', 'NONE');
#2172 = PRESENTATION_STYLE_ASSIGNMENT (( #2802 ) ) ;
#2173 = VECTOR ( 'NONE', #2407, 1000.000000000000200 ) ;
#2174 = DIRECTION ( 'NONE',  ( 0.0000000000000000000, -0.9611542233438690200, -0.2760118818968558800 ) ) ;
#2175 =( NAMED_UNIT ( * ) SI_UNIT ( $, .STERADIAN. ) SOLID_ANGLE_UNIT ( ) );
#2176 = EDGE_CURVE ( 'NONE', #1710, #2061, #786, .T. ) ;
#2177 = FILL_AREA_STYLE_COLOUR ( '', #1534 ) ;
#2178 = VECTOR ( 'NONE', #2114, 1000.000000000000000 ) ;
#2179 = EDGE_CURVE ( 'NONE', #1325, #762, #2933, .T. ) ;
#2180 = VERTEX_POINT ( 'NONE', #944 ) ;
#2181 = FACE_OUTER_BOUND ( 'NONE', #227, .T. ) ;
#2182 = FACE_OUTER_BOUND ( 'NONE', #3350, .T. ) ;
#2183 = FILL_AREA_STYLE_COLOUR ( '', #874 ) ;
#2184 = SURFACE_SIDE_STYLE ('',( #1879 ) ) ;
#2185 = DIRECTION ( 'NONE',  ( 0.0000000000000000000, 0.0000000000000000000, -1.000000000000000000 ) ) ;
#2186 = ADVANCED_FACE ( 'NONE', ( #828 ), #2590, .F. ) ;
#2187 = SURFACE_STYLE_FILL_AREA ( #3042 ) ;
#2188 = LINE ( 'NONE', #89, #790 ) ;
#2189 = PLANE ( 'NONE',  #1964 ) ;
#2190 = UNCERTAINTY_MEASURE_WITH_UNIT (LENGTH_MEASURE( 1.000000000000000100E-005 ), #2019, 'distance_accuracy_value', 'NONE');
#2191 = MECHANICAL_DESIGN_GEOMETRIC_PRESENTATION_REPRESENTATION (  '', ( #600 ), #781 ) ;
#2192 = CARTESIAN_POINT ( 'NONE',  ( 26.00000000000000000, 1.750000000000000000, 0.2500000000000000000 ) ) ;
#2193 = CARTESIAN_POINT ( 'NONE',  ( 0.0000000000000000000, 0.3721009671810895400, 0.5051709197727064500 ) ) ;
#2194 = PRESENTATION_LAYER_ASSIGNMENT (  '', '', ( #1825 ) ) ;
#2195 =( NAMED_UNIT ( * ) SI_UNIT ( $, .STERADIAN. ) SOLID_ANGLE_UNIT ( ) );
#2196 = VECTOR ( 'NONE', #2796, 1000.000000000000100 ) ;
#2197 =( NAMED_UNIT ( * ) PLANE_ANGLE_UNIT ( ) SI_UNIT ( $, .RADIAN. ) );
#2198 = PLANE ( 'NONE',  #1891 ) ;
#2199 = CARTESIAN_POINT ( 'NONE',  ( 5.888749999999999900, 0.0000000000000000000, 0.0000000000000000000 ) ) ;
#2200 = ORIENTED_EDGE ( 'NONE', *, *, #3378, .F. ) ;
#2201 = SURFACE_STYLE_USAGE ( .BOTH. , #2728 ) ;
#2202 = DIRECTION ( 'NONE',  ( 0.0000000000000000000, 0.9615323037684296900, 0.2746918797667240500 ) ) ;
#2203 = DIRECTION ( 'NONE',  ( 0.0000000000000000000, 0.0000000000000000000, -1.000000000000000000 ) ) ;
#2204 = VERTEX_POINT ( 'NONE', #1011 ) ;
#2205 = EDGE_CURVE ( 'NONE', #1580, #1103, #1125, .T. ) ;
#2206 = CARTESIAN_POINT ( 'NONE',  ( -0.005000000000000000100, 0.1188375638308397100, 1.047384881157789300 ) ) ;
#2207 = CARTESIAN_POINT ( 'NONE',  ( 0.0000000000000000000, 0.1188375638308398200, 1.448532829377931200 ) ) ;
#2208 = FACE_OUTER_BOUND ( 'NONE', #623, .T. ) ;
#2209 = ORIENTED_EDGE ( 'NONE', *, *, #2607, .F. ) ;
#2210 = LINE ( 'NONE', #3365, #3191 ) ;
#2211 = ORIENTED_EDGE ( 'NONE', *, *, #2426, .F. ) ;
#2212 = FILL_AREA_STYLE_COLOUR ( '', #1676 ) ;
#2213 =( GEOMETRIC_REPRESENTATION_CONTEXT ( 3 ) GLOBAL_UNCERTAINTY_ASSIGNED_CONTEXT ( ( #1864 ) ) GLOBAL_UNIT_ASSIGNED_CONTEXT ( ( #684, #997, #194 ) ) REPRESENTATION_CONTEXT ( 'NONE', 'WORKASPACE' ) );
#2214 = SURFACE_STYLE_USAGE ( .BOTH. , #2228 ) ;
#2215 = VECTOR ( 'NONE', #614, 1000.000000000000100 ) ;
#2216 = CARTESIAN_POINT ( 'NONE',  ( 0.0000000000000000000, -0.4641000000000289300, -0.1854619274410220200 ) ) ;
#2217 = ORIENTED_EDGE ( 'NONE', *, *, #1367, .T. ) ;
#2218 = MECHANICAL_DESIGN_GEOMETRIC_PRESENTATION_REPRESENTATION (  '', ( #3156 ), #1239 ) ;
#2219 = AXIS2_PLACEMENT_3D ( 'NONE', #1942, #1133, #1892 ) ;
#2220 = LINE ( 'NONE', #3174, #2919 ) ;
#2221 = ORIENTED_EDGE ( 'NONE', *, *, #3076, .T. ) ;
#2222 = CARTESIAN_POINT ( 'NONE',  ( 0.0000000000000000000, -0.2862269899289315300, 1.371786688027796000 ) ) ;
#2223 = DIRECTION ( 'NONE',  ( 0.0000000000000000000, -0.9280290862137297000, 0.3725077383643324300 ) ) ;
#2224 = COLOUR_RGB ( '',0.8941176470588234600, 0.9137254901960784000, 0.9294117647058823800 ) ;
#2225 = PRESENTATION_STYLE_ASSIGNMENT (( #1741 ) ) ;
#2226 =( NAMED_UNIT ( * ) SI_UNIT ( $, .STERADIAN. ) SOLID_ANGLE_UNIT ( ) );
#2227 = AXIS2_PLACEMENT_3D ( 'NONE', #1126, #2960, #3221 ) ;
#2228 = SURFACE_SIDE_STYLE ('',( #3280 ) ) ;
#2229 = DIRECTION ( 'NONE',  ( 0.0000000000000000000, -0.9610992334315856500, -0.2762033010252023000 ) ) ;
#2230 = ORIENTED_EDGE ( 'NONE', *, *, #2442, .T. ) ;
#2231 = SURFACE_SIDE_STYLE ('',( #1170 ) ) ;
#2232 = FILL_AREA_STYLE_COLOUR ( '', #1476 ) ;
#2233 = ORIENTED_EDGE ( 'NONE', *, *, #1881, .F. ) ;
#2234 = EDGE_CURVE ( 'NONE', #1281, #1906, #1636, .T. ) ;
#2235 =( LENGTH_UNIT ( ) NAMED_UNIT ( * ) SI_UNIT ( .MILLI., .METRE. ) );
#2236 = CARTESIAN_POINT ( 'NONE',  ( 0.0000000000000000000, 0.4706612939571652700, -0.4252303785879496000 ) ) ;
#2237 = DIRECTION ( 'NONE',  ( 0.0000000000000000000, -0.4443210308329064200, 0.8958676361827027100 ) ) ;
#2238 = FACE_OUTER_BOUND ( 'NONE', #2157, .T. ) ;
#2239 = ORIENTED_EDGE ( 'NONE', *, *, #2334, .T. ) ;
#2240 = UNCERTAINTY_MEASURE_WITH_UNIT (LENGTH_MEASURE( 1.000000000000000100E-005 ), #1665, 'distance_accuracy_value', 'NONE');
#2241 = STYLED_ITEM ( 'NONE', ( #1901 ), #1332 ) ;
#2242 = CARTESIAN_POINT ( 'NONE',  ( 7.000000000000000000, -1.750000000000000000, -0.2500000000000000000 ) ) ;
#2243 = PRESENTATION_STYLE_ASSIGNMENT (( #126 ) ) ;
#2244 = ADVANCED_FACE ( 'NONE', ( #2181 ), #1361, .T. ) ;
#2245 = CARTESIAN_POINT ( 'NONE',  ( -0.005000000000000000100, 0.4706612939571652700, -0.3319935657280985200 ) ) ;
#2246 =( LENGTH_UNIT ( ) NAMED_UNIT ( * ) SI_UNIT ( .MILLI., .METRE. ) );
#2247 = MECHANICAL_DESIGN_GEOMETRIC_PRESENTATION_REPRESENTATION (  '', ( #1944 ), #2479 ) ;
#2248 = PLANE ( 'NONE',  #698 ) ;
#2249 = SURFACE_STYLE_FILL_AREA ( #689 ) ;
#2250 = PLANE ( 'NONE',  #2949 ) ;
#2251 = DIRECTION ( 'NONE',  ( 0.0000000000000000000, -3.147719821763145700E-016, -1.000000000000000000 ) ) ;
#2252 = DIRECTION ( 'NONE',  ( -1.000000000000000000, -0.0000000000000000000, -0.0000000000000000000 ) ) ;
#2253 = VECTOR ( 'NONE', #2911, 1000.000000000000100 ) ;
#2254 = SURFACE_SIDE_STYLE ('',( #868 ) ) ;
#2255 = DIRECTION ( 'NONE',  ( 1.000000000000000000, 0.0000000000000000000, 0.0000000000000000000 ) ) ;
#2256 = EDGE_CURVE ( 'NONE', #298, #3220, #3103, .T. ) ;
#2257 = PRESENTATION_STYLE_ASSIGNMENT (( #706 ) ) ;
#2258 = EDGE_LOOP ( 'NONE', ( #1751, #3230, #287, #2769 ) ) ;
#2259 = EDGE_CURVE ( 'NONE', #97, #13, #709, .T. ) ;
#2260 = DIRECTION ( 'NONE',  ( 0.0000000000000000000, 0.0000000000000000000, -1.000000000000000000 ) ) ;
#2261 = CARTESIAN_POINT ( 'NONE',  ( -0.005000000000000000100, 0.2927342813417931900, -0.9016521882828797400 ) ) ;
#2262 = CARTESIAN_POINT ( 'NONE',  ( 6.107499999999999900, 0.0000000000000000000, 0.0000000000000000000 ) ) ;
#2263 = ORIENTED_EDGE ( 'NONE', *, *, #1183, .F. ) ;
#2264 = SURFACE_SIDE_STYLE ('',( #118 ) ) ;
#2265 =( NAMED_UNIT ( * ) PLANE_ANGLE_UNIT ( ) SI_UNIT ( $, .RADIAN. ) );
#2266 = VERTEX_POINT ( 'NONE', #776 ) ;
#2267 = UNCERTAINTY_MEASURE_WITH_UNIT (LENGTH_MEASURE( 1.000000000000000100E-005 ), #2533, 'distance_accuracy_value', 'NONE');
#2268 = DIRECTION ( 'NONE',  ( 1.000000000000000000, 0.0000000000000000000, 0.0000000000000000000 ) ) ;
#2269 =( NAMED_UNIT ( * ) PLANE_ANGLE_UNIT ( ) SI_UNIT ( $, .RADIAN. ) );
#2270 = LINE ( 'NONE', #1311, #778 ) ;
#2271 = STYLED_ITEM ( 'NONE', ( #351 ), #3142 ) ;
#2272 = SURFACE_STYLE_FILL_AREA ( #1300 ) ;
#2273 = MECHANICAL_DESIGN_GEOMETRIC_PRESENTATION_REPRESENTATION (  '', ( #1096 ), #2435 ) ;
#2274 = CARTESIAN_POINT ( 'NONE',  ( -0.005000000000000000100, -0.4641000000000282700, 1.859929891948954200 ) ) ;
#2275 = FILL_AREA_STYLE ('',( #434 ) ) ;
#2276 =( NAMED_UNIT ( * ) SI_UNIT ( $, .STERADIAN. ) SOLID_ANGLE_UNIT ( ) );
#2277 = EDGE_LOOP ( 'NONE', ( #320, #682, #3214, #918 ) ) ;
#2278 = CARTESIAN_POINT ( 'NONE',  ( -0.005000000000000000100, 0.4706612939571652700, -1.115800696540586400 ) ) ;
#2279 = VERTEX_POINT ( 'NONE', #1054 ) ;
#2280 = PRESENTATION_STYLE_ASSIGNMENT (( #2838 ) ) ;
#2281 = PRESENTATION_STYLE_ASSIGNMENT (( #2388 ) ) ;
#2282 = FILL_AREA_STYLE_COLOUR ( '', #2525 ) ;
#2283 = CARTESIAN_POINT ( 'NONE',  ( 0.0000000000000000000, 0.4706612939571654900, 0.7713295621164777400 ) ) ;
#2284 = AXIS2_PLACEMENT_3D ( 'NONE', #1272, #3337, #210 ) ;
#2285 = LINE ( 'NONE', #2469, #581 ) ;
#2286 = SURFACE_STYLE_FILL_AREA ( #372 ) ;
#2287 = ADVANCED_FACE ( 'NONE', ( #2760 ), #2900, .F. ) ;
#2288 = VERTEX_POINT ( 'NONE', #1313 ) ;
#2289 = CARTESIAN_POINT ( 'NONE',  ( 0.0000000000000000000, -0.2862269899289315300, 1.371786688027796000 ) ) ;
#2290 = DIRECTION ( 'NONE',  ( 1.000000000000000000, 0.0000000000000000000, 0.0000000000000000000 ) ) ;
#2291 = FILL_AREA_STYLE_COLOUR ( '', #373 ) ;
#2292 = DIRECTION ( 'NONE',  ( 0.0000000000000000000, 0.0000000000000000000, 1.000000000000000000 ) ) ;
#2293 = PRESENTATION_LAYER_ASSIGNMENT (  '', '', ( #1161 ) ) ;
#2294 = CARTESIAN_POINT ( 'NONE',  ( -0.005000000000000000100, -0.4641000000000289300, -0.1854619274410220200 ) ) ;
#2295 =( NAMED_UNIT ( * ) PLANE_ANGLE_UNIT ( ) SI_UNIT ( $, .RADIAN. ) );
#2296 = STYLED_ITEM ( 'NONE', ( #394 ), #913 ) ;
#2297 = CARTESIAN_POINT ( 'NONE',  ( 0.0000000000000000000, 0.1188688284627371100, -0.5510335675551548700 ) ) ;
#2298 = PLANE ( 'NONE',  #1798 ) ;
#2299 = AXIS2_PLACEMENT_3D ( 'NONE', #216, #1014, #2853 ) ;
#2300 = CARTESIAN_POINT ( 'NONE',  ( -0.005000000000000000100, 0.4706612939571654900, 0.06608819870102282400 ) ) ;
#2301 = FILL_AREA_STYLE_COLOUR ( '', #2989 ) ;
#2302 = PRESENTATION_STYLE_ASSIGNMENT (( #877 ) ) ;
#2303 =( NAMED_UNIT ( * ) PLANE_ANGLE_UNIT ( ) SI_UNIT ( $, .RADIAN. ) );
#2304 = ORIENTED_EDGE ( 'NONE', *, *, #2566, .F. ) ;
#2305 = MECHANICAL_DESIGN_GEOMETRIC_PRESENTATION_REPRESENTATION (  '', ( #567 ), #756 ) ;
#2306 = EDGE_LOOP ( 'NONE', ( #3115, #1902, #2604, #480 ) ) ;
#2307 = EDGE_CURVE ( 'NONE', #3064, #2204, #661, .T. ) ;
#2308 = COLOUR_RGB ( '',0.0000000000000000000, 0.0000000000000000000, 0.0000000000000000000 ) ;
#2309 = EDGE_CURVE ( 'NONE', #104, #2879, #3383, .T. ) ;
#2310 = DIRECTION ( 'NONE',  ( 1.000000000000000000, 0.0000000000000000000, 0.0000000000000000000 ) ) ;
#2311 = CARTESIAN_POINT ( 'NONE',  ( -0.005000000000000000100, -0.05393646921602029300, -0.6003918925204553300 ) ) ;
#2312 = SURFACE_SIDE_STYLE ('',( #1106 ) ) ;
#2313 = FACE_OUTER_BOUND ( 'NONE', #364, .T. ) ;
#2314 = ORIENTED_EDGE ( 'NONE', *, *, #3361, .F. ) ;
#2315 = FILL_AREA_STYLE ('',( #1520 ) ) ;
#2316 =( GEOMETRIC_REPRESENTATION_CONTEXT ( 3 ) GLOBAL_UNCERTAINTY_ASSIGNED_CONTEXT ( ( #158 ) ) GLOBAL_UNIT_ASSIGNED_CONTEXT ( ( #3288, #343, #884 ) ) REPRESENTATION_CONTEXT ( 'NONE', 'WORKASPACE' ) );
#2317 = FILL_AREA_STYLE_COLOUR ( '', #3200 ) ;
#2318 = UNCERTAINTY_MEASURE_WITH_UNIT (LENGTH_MEASURE( 1.000000000000000100E-005 ), #2505, 'distance_accuracy_value', 'NONE');
#2319 = VECTOR ( 'NONE', #1162, 1000.000000000000000 ) ;
#2320 = FACE_OUTER_BOUND ( 'NONE', #534, .T. ) ;
#2321 = COLOUR_RGB ( '',0.8980392156862745400, 0.9215686274509803400, 0.9294117647058823800 ) ;
#2322 = DIRECTION ( 'NONE',  ( 1.000000000000000000, 0.0000000000000000000, 0.0000000000000000000 ) ) ;
#2323 = MECHANICAL_DESIGN_GEOMETRIC_PRESENTATION_REPRESENTATION (  '', ( #2375 ), #869 ) ;
#2324 = VECTOR ( 'NONE', #173, 1000.000000000000000 ) ;
#2325 = PRESENTATION_LAYER_ASSIGNMENT (  '', '', ( #1944 ) ) ;
#2326 = CARTESIAN_POINT ( 'NONE',  ( -0.005000000000000000100, 0.04345001279229223500, -1.699458807457130600 ) ) ;
#2327 = DIRECTION ( 'NONE',  ( 1.000000000000000000, 0.0000000000000000000, 0.0000000000000000000 ) ) ;
#2328 = ORIENTED_EDGE ( 'NONE', *, *, #839, .F. ) ;
#2329 = ORIENTED_EDGE ( 'NONE', *, *, #2256, .T. ) ;
#2330 = CARTESIAN_POINT ( 'NONE',  ( 26.00000000000000000, 1.750000000000000000, 0.0000000000000000000 ) ) ;
#2331 = SURFACE_STYLE_FILL_AREA ( #688 ) ;
#2332 = SURFACE_STYLE_USAGE ( .BOTH. , #1504 ) ;
#2333 = FACE_OUTER_BOUND ( 'NONE', #2799, .T. ) ;
#2334 = EDGE_CURVE ( 'NONE', #2624, #2703, #1721, .T. ) ;
#2335 = ORIENTED_EDGE ( 'NONE', *, *, #3408, .T. ) ;
#2336 = FILL_AREA_STYLE ('',( #2810 ) ) ;
#2337 = FILL_AREA_STYLE ('',( #2890 ) ) ;
#2338 = AXIS2_PLACEMENT_3D ( 'NONE', #580, #2982, #1410 ) ;
#2339 =( NAMED_UNIT ( * ) PLANE_ANGLE_UNIT ( ) SI_UNIT ( $, .RADIAN. ) );
#2340 = PRESENTATION_LAYER_ASSIGNMENT (  '', '', ( #195 ) ) ;
#2341 = VECTOR ( 'NONE', #3237, 1000.000000000000100 ) ;
#2342 = ORIENTED_EDGE ( 'NONE', *, *, #284, .F. ) ;
#2343 = PRESENTATION_LAYER_ASSIGNMENT (  '', '', ( #1287 ) ) ;
#2344 = DIRECTION ( 'NONE',  ( 0.0000000000000000000, -1.000000000000000000, 0.0000000000000000000 ) ) ;
#2345 = DIRECTION ( 'NONE',  ( 0.0000000000000000000, 0.0000000000000000000, -1.000000000000000000 ) ) ;
#2346 = ORIENTED_EDGE ( 'NONE', *, *, #2032, .T. ) ;
#2347 = DIRECTION ( 'NONE',  ( 1.000000000000000000, 0.0000000000000000000, 0.0000000000000000000 ) ) ;
#2348 = LINE ( 'NONE', #108, #482 ) ;
#2349 = EDGE_LOOP ( 'NONE', ( #2162, #3270, #1619, #2563 ) ) ;
#2350 = AXIS2_PLACEMENT_3D ( 'NONE', #2326, #2555, #1258 ) ;
#2351 = VECTOR ( 'NONE', #1059, 1000.000000000000100 ) ;
#2352 = EDGE_LOOP ( 'NONE', ( #782, #3330, #1122, #2932 ) ) ;
#2353 = AXIS2_PLACEMENT_3D ( 'NONE', #1828, #1589, #259 ) ;
#2354 = VECTOR ( 'NONE', #254, 1000.000000000000000 ) ;
#2355 = UNCERTAINTY_MEASURE_WITH_UNIT (LENGTH_MEASURE( 1.000000000000000100E-005 ), #2480, 'distance_accuracy_value', 'NONE');
#2356 = STYLED_ITEM ( 'NONE', ( #253 ), #2654 ) ;
#2357 = STYLED_ITEM ( 'NONE', ( #736 ), #1128 ) ;
#2358 = ORIENTED_EDGE ( 'NONE', *, *, #419, .T. ) ;
#2359 = SURFACE_STYLE_FILL_AREA ( #2379 ) ;
#2360 = LINE ( 'NONE', #2428, #662 ) ;
#2361 = DIRECTION ( 'NONE',  ( 1.000000000000000000, 0.0000000000000000000, 0.0000000000000000000 ) ) ;
#2362 = ORIENTED_EDGE ( 'NONE', *, *, #2709, .F. ) ;
#2363 = COLOUR_RGB ( '',0.8980392156862745400, 0.9215686274509803400, 0.9294117647058823800 ) ;
#2364 = LINE ( 'NONE', #1692, #1564 ) ;
#2365 = LINE ( 'NONE', #2297, #1640 ) ;
#2366 = VERTEX_POINT ( 'NONE', #488 ) ;
#2367 = EDGE_CURVE ( 'NONE', #2050, #3393, #1632, .T. ) ;
#2368 = EDGE_CURVE ( 'NONE', #999, #109, #752, .T. ) ;
#2369 = FILL_AREA_STYLE ('',( #2125 ) ) ;
#2370 = SURFACE_STYLE_USAGE ( .BOTH. , #2872 ) ;
#2371 = ORIENTED_EDGE ( 'NONE', *, *, #257, .T. ) ;
#2372 = AXIS2_PLACEMENT_3D ( 'NONE', #2199, #3257, #3033 ) ;
#2373 = DIRECTION ( 'NONE',  ( 1.000000000000000000, 0.0000000000000000000, 0.0000000000000000000 ) ) ;
#2374 =( NAMED_UNIT ( * ) PLANE_ANGLE_UNIT ( ) SI_UNIT ( $, .RADIAN. ) );
#2375 = STYLED_ITEM ( 'NONE', ( #2804 ), #3235 ) ;
#2376 =( GEOMETRIC_REPRESENTATION_CONTEXT ( 3 ) GLOBAL_UNCERTAINTY_ASSIGNED_CONTEXT ( ( #2663 ) ) GLOBAL_UNIT_ASSIGNED_CONTEXT ( ( #342, #2197, #111 ) ) REPRESENTATION_CONTEXT ( 'NONE', 'WORKASPACE' ) );
#2377 = DIRECTION ( 'NONE',  ( 0.0000000000000000000, 6.723885967566620100E-016, 1.000000000000000000 ) ) ;
#2378 = ORIENTED_EDGE ( 'NONE', *, *, #1952, .T. ) ;
#2379 = FILL_AREA_STYLE ('',( #3125 ) ) ;
#2380 = DIRECTION ( 'NONE',  ( 1.000000000000000000, 0.0000000000000000000, 0.0000000000000000000 ) ) ;
#2381 = ORIENTED_EDGE ( 'NONE', *, *, #281, .F. ) ;
#2382 = SURFACE_STYLE_FILL_AREA ( #1338 ) ;
#2383 = ADVANCED_FACE ( 'NONE', ( #1926 ), #1033, .F. ) ;
#2384 =( NAMED_UNIT ( * ) PLANE_ANGLE_UNIT ( ) SI_UNIT ( $, .RADIAN. ) );
#2385 = PRESENTATION_STYLE_ASSIGNMENT (( #52 ) ) ;
#2386 = FACE_OUTER_BOUND ( 'NONE', #1706, .T. ) ;
#2387 = EDGE_CURVE ( 'NONE', #1745, #2765, #2098, .T. ) ;
#2388 = SURFACE_STYLE_USAGE ( .BOTH. , #3367 ) ;
#2389 = DIRECTION ( 'NONE',  ( 0.0000000000000000000, 1.000000000000000000, -1.224646799147353200E-016 ) ) ;
#2390 = MECHANICAL_DESIGN_GEOMETRIC_PRESENTATION_REPRESENTATION (  '', ( #1785 ), #1237 ) ;
#2391 = COLOUR_RGB ( '',0.8941176470588234600, 0.9137254901960784000, 0.9294117647058823800 ) ;
#2392 =( GEOMETRIC_REPRESENTATION_CONTEXT ( 3 ) GLOBAL_UNCERTAINTY_ASSIGNED_CONTEXT ( ( #1783 ) ) GLOBAL_UNIT_ASSIGNED_CONTEXT ( ( #2002, #1493, #1697 ) ) REPRESENTATION_CONTEXT ( 'NONE', 'WORKASPACE' ) );
#2393 = ORIENTED_EDGE ( 'NONE', *, *, #2957, .F. ) ;
#2394 = CARTESIAN_POINT ( 'NONE',  ( 0.0000000000000000000, -0.4641000000000288200, -1.489076266063151800 ) ) ;
#2395 = STYLED_ITEM ( 'NONE', ( #3187 ), #1378 ) ;
#2396 = LINE ( 'NONE', #1279, #1294 ) ;
#2397 = ORIENTED_EDGE ( 'NONE', *, *, #931, .T. ) ;
#2398 = PRESENTATION_STYLE_ASSIGNMENT (( #2504 ) ) ;
#2399 = ADVANCED_FACE ( 'NONE', ( #3253 ), #529, .F. ) ;
#2400 = STYLED_ITEM ( 'NONE', ( #3262 ), #1847 ) ;
#2401 =( NAMED_UNIT ( * ) PLANE_ANGLE_UNIT ( ) SI_UNIT ( $, .RADIAN. ) );
#2402 = CARTESIAN_POINT ( 'NONE',  ( 6.107499999999999900, 0.0000000000000000000, -4.250000000000000000 ) ) ;
#2403 = ORIENTED_EDGE ( 'NONE', *, *, #2367, .T. ) ;
#2404 = MECHANICAL_DESIGN_GEOMETRIC_PRESENTATION_REPRESENTATION (  '', ( #163 ), #2584 ) ;
#2405 = SURFACE_STYLE_USAGE ( .BOTH. , #594 ) ;
#2406 = EDGE_CURVE ( 'NONE', #139, #500, #2891, .T. ) ;
#2407 = DIRECTION ( 'NONE',  ( 0.0000000000000000000, 0.9617234872620589200, 0.2740217765954088800 ) ) ;
#2408 = ORIENTED_EDGE ( 'NONE', *, *, #3284, .T. ) ;
#2409 = ORIENTED_EDGE ( 'NONE', *, *, #586, .F. ) ;
#2410 = SURFACE_STYLE_USAGE ( .BOTH. , #3176 ) ;
#2411 = FILL_AREA_STYLE_COLOUR ( '', #154 ) ;
#2412 = PRESENTATION_LAYER_ASSIGNMENT (  '', '', ( #2241 ) ) ;
#2413 = DIRECTION ( 'NONE',  ( 0.0000000000000000000, 6.723885967566620100E-016, 1.000000000000000000 ) ) ;
#2414 = MECHANICAL_DESIGN_GEOMETRIC_PRESENTATION_REPRESENTATION (  '', ( #49 ), #331 ) ;
#2415 = SURFACE_STYLE_USAGE ( .BOTH. , #1618 ) ;
#2416 = ORIENTED_EDGE ( 'NONE', *, *, #337, .F. ) ;
#2417 = DIRECTION ( 'NONE',  ( 1.000000000000000000, 0.0000000000000000000, 0.0000000000000000000 ) ) ;
#2418 = FILL_AREA_STYLE ('',( #301 ) ) ;
#2419 =( LENGTH_UNIT ( ) NAMED_UNIT ( * ) SI_UNIT ( .MILLI., .METRE. ) );
#2420 = VERTEX_POINT ( 'NONE', #1084 ) ;
#2421 = FILL_AREA_STYLE_COLOUR ( '', #845 ) ;
#2422 = EDGE_CURVE ( 'NONE', #2545, #767, #3055, .T. ) ;
#2423 = LINE ( 'NONE', #1794, #1437 ) ;
#2424 = DIRECTION ( 'NONE',  ( 0.0000000000000000000, -1.000000000000000000, 0.0000000000000000000 ) ) ;
#2425 = SURFACE_STYLE_USAGE ( .BOTH. , #2436 ) ;
#2426 = EDGE_CURVE ( 'NONE', #2703, #53, #243, .T. ) ;
#2427 = CARTESIAN_POINT ( 'NONE',  ( -0.005000000000000000100, -0.4641000000000287100, 0.06373707393421716700 ) ) ;
#2428 = CARTESIAN_POINT ( 'NONE',  ( 0.0000000000000000000, -0.4641000000000284300, 1.321314205319506200 ) ) ;
#2429 = EDGE_LOOP ( 'NONE', ( #1951, #2793 ) ) ;
#2430 = MECHANICAL_DESIGN_GEOMETRIC_PRESENTATION_REPRESENTATION (  '', ( #142 ), #1373 ) ;
#2431 = CARTESIAN_POINT ( 'NONE',  ( 0.0000000000000000000, -0.05393646921773419900, 0.9980834009764542000 ) ) ;
#2432 = ORIENTED_EDGE ( 'NONE', *, *, #1542, .T. ) ;
#2433 = VECTOR ( 'NONE', #2541, 1000.000000000000100 ) ;
#2434 = PRESENTATION_LAYER_ASSIGNMENT (  '', '', ( #2271 ) ) ;
#2435 =( GEOMETRIC_REPRESENTATION_CONTEXT ( 3 ) GLOBAL_UNCERTAINTY_ASSIGNED_CONTEXT ( ( #3160 ) ) GLOBAL_UNIT_ASSIGNED_CONTEXT ( ( #973, #2780, #435 ) ) REPRESENTATION_CONTEXT ( 'NONE', 'WORKASPACE' ) );
#2436 = SURFACE_SIDE_STYLE ('',( #1148 ) ) ;
#2437 = ORIENTED_EDGE ( 'NONE', *, *, #1069, .T. ) ;
#2438 =( NAMED_UNIT ( * ) SI_UNIT ( $, .STERADIAN. ) SOLID_ANGLE_UNIT ( ) );
#2439 =( NAMED_UNIT ( * ) PLANE_ANGLE_UNIT ( ) SI_UNIT ( $, .RADIAN. ) );
#2440 = CARTESIAN_POINT ( 'NONE',  ( -0.005000000000000000100, -0.2862269899289315300, 1.371786688027796000 ) ) ;
#2441 = UNCERTAINTY_MEASURE_WITH_UNIT (LENGTH_MEASURE( 1.000000000000000100E-005 ), #2585, 'distance_accuracy_value', 'NONE');
#2442 = EDGE_CURVE ( 'NONE', #1419, #644, #656, .T. ) ;
#2443 = UNCERTAINTY_MEASURE_WITH_UNIT (LENGTH_MEASURE( 1.000000000000000100E-005 ), #2772, 'distance_accuracy_value', 'NONE');
#2444 = ORIENTED_EDGE ( 'NONE', *, *, #501, .T. ) ;
#2445 = SURFACE_SIDE_STYLE ('',( #657 ) ) ;
#2446 = AXIS2_PLACEMENT_3D ( 'NONE', #1559, #820, #2665 ) ;
#2447 = CARTESIAN_POINT ( 'NONE',  ( 0.0000000000000000000, -0.05393646921773419900, 1.399174504413717800 ) ) ;
#2448 = DIRECTION ( 'NONE',  ( 0.0000000000000000000, 0.3725077383643322600, 0.9280290862137297000 ) ) ;
#2449 = SURFACE_SIDE_STYLE ('',( #1652 ) ) ;
#2450 = PRESENTATION_LAYER_ASSIGNMENT (  '', '', ( #1805 ) ) ;
#2451 = ORIENTED_EDGE ( 'NONE', *, *, #1365, .T. ) ;
#2452 =( NAMED_UNIT ( * ) SI_UNIT ( $, .STERADIAN. ) SOLID_ANGLE_UNIT ( ) );
#2453 = CARTESIAN_POINT ( 'NONE',  ( -0.005000000000000000100, -0.4641000000000288800, -2.122696638299635700 ) ) ;
#2454 = LINE ( 'NONE', #313, #2215 ) ;
#2455 = ORIENTED_EDGE ( 'NONE', *, *, #3193, .F. ) ;
#2456 = DIRECTION ( 'NONE',  ( 0.0000000000000000000, 0.8843386665637617000, 0.4668459304955201400 ) ) ;
#2457 = SURFACE_STYLE_USAGE ( .BOTH. , #3243 ) ;
#2458 = ADVANCED_FACE ( 'NONE', ( #215 ), #276, .F. ) ;
#2459 = COLOUR_RGB ( '',0.0000000000000000000, 0.0000000000000000000, 0.0000000000000000000 ) ;
#2460 = MECHANICAL_DESIGN_GEOMETRIC_PRESENTATION_REPRESENTATION (  '', ( #2052 ), #2645 ) ;
#2461 = EDGE_CURVE ( 'NONE', #2939, #648, #409, .T. ) ;
#2462 =( NAMED_UNIT ( * ) SI_UNIT ( $, .STERADIAN. ) SOLID_ANGLE_UNIT ( ) );
#2463 = ORIENTED_EDGE ( 'NONE', *, *, #1153, .F. ) ;
#2464 = DIRECTION ( 'NONE',  ( 1.000000000000000000, 0.0000000000000000000, 0.0000000000000000000 ) ) ;
#2465 = CARTESIAN_POINT ( 'NONE',  ( -0.005000000000000000100, -0.4641000000000286000, 0.6150746229693603300 ) ) ;
#2466 = LINE ( 'NONE', #2694, #123 ) ;
#2467 = EDGE_CURVE ( 'NONE', #264, #104, #568, .T. ) ;
#2468 = VERTEX_POINT ( 'NONE', #2431 ) ;
#2469 = CARTESIAN_POINT ( 'NONE',  ( -0.005000000000000000100, -0.05393646921602029300, -0.6003918925204553300 ) ) ;
#2470 = FILL_AREA_STYLE ('',( #2212 ) ) ;
#2471 = FILL_AREA_STYLE ('',( #1938 ) ) ;
#2472 = ORIENTED_EDGE ( 'NONE', *, *, #953, .F. ) ;
#2473 = STYLED_ITEM ( 'NONE', ( #271 ), #671 ) ;
#2474 = CIRCLE ( 'NONE', #864, 4.250000000000000000 ) ;
#2475 = CARTESIAN_POINT ( 'NONE',  ( 7.000000000000000000, 0.0000000000000000000, 0.0000000000000000000 ) ) ;
#2476 = LINE ( 'NONE', #2427, #1685 ) ;
#2477 = ORIENTED_EDGE ( 'NONE', *, *, #131, .F. ) ;
#2478 =( NAMED_UNIT ( * ) PLANE_ANGLE_UNIT ( ) SI_UNIT ( $, .RADIAN. ) );
#2479 =( GEOMETRIC_REPRESENTATION_CONTEXT ( 3 ) GLOBAL_UNCERTAINTY_ASSIGNED_CONTEXT ( ( #824 ) ) GLOBAL_UNIT_ASSIGNED_CONTEXT ( ( #588, #847, #3217 ) ) REPRESENTATION_CONTEXT ( 'NONE', 'WORKASPACE' ) );
#2480 =( LENGTH_UNIT ( ) NAMED_UNIT ( * ) SI_UNIT ( .MILLI., .METRE. ) );
#2481 = CARTESIAN_POINT ( 'NONE',  ( -0.005000000000000000100, 0.07204293857864706200, -1.967970823063391200 ) ) ;
#2482 = CARTESIAN_POINT ( 'NONE',  ( 0.0000000000000000000, 0.4706612939571654900, 0.3613496161570116700 ) ) ;
#2483 = VECTOR ( 'NONE', #2743, 1000.000000000000000 ) ;
#2484 =( NAMED_UNIT ( * ) SI_UNIT ( $, .STERADIAN. ) SOLID_ANGLE_UNIT ( ) );
#2485 = FACE_OUTER_BOUND ( 'NONE', #926, .T. ) ;
#2486 = EDGE_CURVE ( 'NONE', #2128, #2515, #2929, .T. ) ;
#2487 = SURFACE_STYLE_USAGE ( .BOTH. , #2231 ) ;
#2488 =( NAMED_UNIT ( * ) SI_UNIT ( $, .STERADIAN. ) SOLID_ANGLE_UNIT ( ) );
#2489 = PLANE ( 'NONE',  #2869 ) ;
#2490 = VECTOR ( 'NONE', #2618, 1000.000000000000000 ) ;
#2491 = COLOUR_RGB ( '',0.8980392156862745400, 0.9215686274509803400, 0.9294117647058823800 ) ;
#2492 = CARTESIAN_POINT ( 'NONE',  ( -0.005000000000000000100, -0.2862269899289315900, 0.9317682772827679000 ) ) ;
#2493 = ORIENTED_EDGE ( 'NONE', *, *, #284, .T. ) ;
#2494 =( NAMED_UNIT ( * ) SI_UNIT ( $, .STERADIAN. ) SOLID_ANGLE_UNIT ( ) );
#2495 = AXIS2_PLACEMENT_3D ( 'NONE', #3083, #726, #2027 ) ;
#2496 =( NAMED_UNIT ( * ) SI_UNIT ( $, .STERADIAN. ) SOLID_ANGLE_UNIT ( ) );
#2497 = ADVANCED_FACE ( 'NONE', ( #1289 ), #11, .F. ) ;
#2498 = VECTOR ( 'NONE', #3040, 1000.000000000000100 ) ;
#2499 = FILL_AREA_STYLE ('',( #2512 ) ) ;
#2500 = ORIENTED_EDGE ( 'NONE', *, *, #2978, .F. ) ;
#2501 =( GEOMETRIC_REPRESENTATION_CONTEXT ( 3 ) GLOBAL_UNCERTAINTY_ASSIGNED_CONTEXT ( ( #2858 ) ) GLOBAL_UNIT_ASSIGNED_CONTEXT ( ( #1871, #2941, #2149 ) ) REPRESENTATION_CONTEXT ( 'NONE', 'WORKASPACE' ) );
#2502 = PRESENTATION_LAYER_ASSIGNMENT (  '', '', ( #804 ) ) ;
#2503 = EDGE_LOOP ( 'NONE', ( #2200, #908 ) ) ;
#2504 = SURFACE_STYLE_USAGE ( .BOTH. , #1234 ) ;
#2505 =( LENGTH_UNIT ( ) NAMED_UNIT ( * ) SI_UNIT ( .MILLI., .METRE. ) );
#2506 = CARTESIAN_POINT ( 'NONE',  ( 7.000000000000000000, 5.204748896376250700E-016, -4.250000000000000000 ) ) ;
#2507 = LINE ( 'NONE', #3349, #2753 ) ;
#2508 = FILL_AREA_STYLE_COLOUR ( '', #252 ) ;
#2509 =( LENGTH_UNIT ( ) NAMED_UNIT ( * ) SI_UNIT ( .MILLI., .METRE. ) );
#2510 = DIRECTION ( 'NONE',  ( 0.0000000000000000000, 2.480431458422449600E-016, 1.000000000000000000 ) ) ;
#2511 = SURFACE_STYLE_FILL_AREA ( #2152 ) ;
#2512 = FILL_AREA_STYLE_COLOUR ( '', #1565 ) ;
#2513 = CARTESIAN_POINT ( 'NONE',  ( 0.0000000000000000000, -0.2862269899289315900, 0.9317682772827679000 ) ) ;
#2514 = STYLED_ITEM ( 'NONE', ( #2280 ), #2186 ) ;
#2515 = VERTEX_POINT ( 'NONE', #310 ) ;
#2516 = PRESENTATION_STYLE_ASSIGNMENT (( #2405 ) ) ;
#2517 = ADVANCED_FACE ( 'NONE', ( #1594 ), #835, .F. ) ;
#2518 = DIRECTION ( 'NONE',  ( 0.0000000000000000000, 0.0000000000000000000, 1.000000000000000000 ) ) ;
#2519 = CARTESIAN_POINT ( 'NONE',  ( -0.005000000000000000100, -0.2862610967964894200, -0.5495612876816065000 ) ) ;
#2520 = CARTESIAN_POINT ( 'NONE',  ( 5.888749999999999900, 5.204748896376250700E-016, 4.250000000000000000 ) ) ;
#2521 = VERTEX_POINT ( 'NONE', #844 ) ;
#2522 = PRESENTATION_LAYER_ASSIGNMENT (  '', '', ( #744 ) ) ;
#2523 = FILL_AREA_STYLE_COLOUR ( '', #3094 ) ;
#2524 = DIRECTION ( 'NONE',  ( 0.0000000000000000000, -1.000000000000000000, 1.903994955167361300E-016 ) ) ;
#2525 = COLOUR_RGB ( '',0.0000000000000000000, 0.0000000000000000000, 0.0000000000000000000 ) ;
#2526 = VERTEX_POINT ( 'NONE', #2993 ) ;
#2527 = MECHANICAL_DESIGN_GEOMETRIC_PRESENTATION_REPRESENTATION (  '', ( #1670 ), #3225 ) ;
#2528 =( GEOMETRIC_REPRESENTATION_CONTEXT ( 3 ) GLOBAL_UNCERTAINTY_ASSIGNED_CONTEXT ( ( #1771 ) ) GLOBAL_UNIT_ASSIGNED_CONTEXT ( ( #508, #1563, #2086 ) ) REPRESENTATION_CONTEXT ( 'NONE', 'WORKASPACE' ) );
#2529 = FILL_AREA_STYLE_COLOUR ( '', #1727 ) ;
#2530 = DIRECTION ( 'NONE',  ( 0.0000000000000000000, 0.0000000000000000000, -1.000000000000000000 ) ) ;
#2531 = SURFACE_STYLE_FILL_AREA ( #3312 ) ;
#2532 = DIRECTION ( 'NONE',  ( 1.000000000000000000, 0.0000000000000000000, 0.0000000000000000000 ) ) ;
#2533 =( LENGTH_UNIT ( ) NAMED_UNIT ( * ) SI_UNIT ( .MILLI., .METRE. ) );
#2534 = CARTESIAN_POINT ( 'NONE',  ( -0.005000000000000000100, 0.2914979073132797900, 1.526336283689422800 ) ) ;
#2535 = ORIENTED_EDGE ( 'NONE', *, *, #2309, .F. ) ;
#2536 = ADVANCED_FACE ( 'NONE', ( #1395 ), #1912, .F. ) ;
#2537 = PLANE ( 'NONE',  #1337 ) ;
#2538 =( NAMED_UNIT ( * ) SI_UNIT ( $, .STERADIAN. ) SOLID_ANGLE_UNIT ( ) );
#2539 = UNCERTAINTY_MEASURE_WITH_UNIT (LENGTH_MEASURE( 1.000000000000000100E-005 ), #2908, 'distance_accuracy_value', 'NONE');
#2540 = EDGE_CURVE ( 'NONE', #258, #3245, #3080, .T. ) ;
#2541 = DIRECTION ( 'NONE',  ( 0.0000000000000000000, 0.9985542843760947300, 0.05375259206908281800 ) ) ;
#2542 = SURFACE_SIDE_STYLE ('',( #2531 ) ) ;
#2543 =( NAMED_UNIT ( * ) SI_UNIT ( $, .STERADIAN. ) SOLID_ANGLE_UNIT ( ) );
#2544 = COLOUR_RGB ( '',0.0000000000000000000, 0.0000000000000000000, 0.0000000000000000000 ) ;
#2545 = VERTEX_POINT ( 'NONE', #1149 ) ;
#2546 =( GEOMETRIC_REPRESENTATION_CONTEXT ( 3 ) GLOBAL_UNCERTAINTY_ASSIGNED_CONTEXT ( ( #1317 ) ) GLOBAL_UNIT_ASSIGNED_CONTEXT ( ( #1753, #2295, #3057 ) ) REPRESENTATION_CONTEXT ( 'NONE', 'WORKASPACE' ) );
#2547 = CARTESIAN_POINT ( 'NONE',  ( -0.005000000000000000100, -0.2862269899289315300, 1.371786688027796000 ) ) ;
#2548 = PRESENTATION_STYLE_ASSIGNMENT (( #48 ) ) ;
#2549 = EDGE_LOOP ( 'NONE', ( #1803, #1550, #221, #1659 ) ) ;
#2550 = CARTESIAN_POINT ( 'NONE',  ( -0.005000000000000000100, 0.4706612939571652700, -0.3319935657280985200 ) ) ;
#2551 = COLOUR_RGB ( '',0.0000000000000000000, 0.0000000000000000000, 0.0000000000000000000 ) ;
#2552 = ORIENTED_EDGE ( 'NONE', *, *, #2307, .T. ) ;
#2553 = PRESENTATION_LAYER_ASSIGNMENT (  '', '', ( #536 ) ) ;
#2554 = MECHANICAL_DESIGN_GEOMETRIC_PRESENTATION_REPRESENTATION (  '', ( #349 ), #475 ) ;
#2555 = DIRECTION ( 'NONE',  ( 0.0000000000000000000, -0.3829140317376404900, -0.9237839814038914000 ) ) ;
#2556 = CARTESIAN_POINT ( 'NONE',  ( 0.0000000000000000000, -0.1971441846550018600, 0.03013995228619021500 ) ) ;
#2557 = UNCERTAINTY_MEASURE_WITH_UNIT (LENGTH_MEASURE( 1.000000000000000100E-005 ), #438, 'distance_accuracy_value', 'NONE');
#2558 = VECTOR ( 'NONE', #453, 1000.000000000000000 ) ;
#2559 = ORIENTED_EDGE ( 'NONE', *, *, #572, .F. ) ;
#2560 = VECTOR ( 'NONE', #2704, 1000.000000000000100 ) ;
#2561 = UNCERTAINTY_MEASURE_WITH_UNIT (LENGTH_MEASURE( 1.000000000000000100E-005 ), #2570, 'distance_accuracy_value', 'NONE');
#2562 = EDGE_CURVE ( 'NONE', #1456, #1580, #1413, .T. ) ;
#2563 = ORIENTED_EDGE ( 'NONE', *, *, #718, .T. ) ;
#2564 = CARTESIAN_POINT ( 'NONE',  ( -0.005000000000000000100, 0.2927342813417934100, -0.4757653905587055400 ) ) ;
#2565 = CARTESIAN_POINT ( 'NONE',  ( 0.1999999999999996500, 0.0000000000000000000, 4.250000000000000000 ) ) ;
#2566 = EDGE_CURVE ( 'NONE', #1214, #2521, #1166, .T. ) ;
#2567 = ORIENTED_EDGE ( 'NONE', *, *, #1835, .T. ) ;
#2568 = VERTEX_POINT ( 'NONE', #3271 ) ;
#2569 = FILL_AREA_STYLE ('',( #2034 ) ) ;
#2570 =( LENGTH_UNIT ( ) NAMED_UNIT ( * ) SI_UNIT ( .MILLI., .METRE. ) );
#2571 = MECHANICAL_DESIGN_GEOMETRIC_PRESENTATION_REPRESENTATION (  '', ( #861 ), #1053 ) ;
#2572 = SURFACE_STYLE_FILL_AREA ( #1907 ) ;
#2573 = CARTESIAN_POINT ( 'NONE',  ( -0.005000000000000000100, -0.4641000000000288800, -2.122696638299635700 ) ) ;
#2574 = FILL_AREA_STYLE ('',( #2317 ) ) ;
#2575 =( GEOMETRIC_REPRESENTATION_CONTEXT ( 3 ) GLOBAL_UNCERTAINTY_ASSIGNED_CONTEXT ( ( #2818 ) ) GLOBAL_UNIT_ASSIGNED_CONTEXT ( ( #1179, #1919, #2452 ) ) REPRESENTATION_CONTEXT ( 'NONE', 'WORKASPACE' ) );
#2576 = CARTESIAN_POINT ( 'NONE',  ( -0.005000000000000000100, 0.2914979073132797900, 1.526336283689422800 ) ) ;
#2577 = LINE ( 'NONE', #879, #2483 ) ;
#2578 = CARTESIAN_POINT ( 'NONE',  ( -0.005000000000000000100, 0.4706612939571652700, -1.263084146543252100 ) ) ;
#2579 = CARTESIAN_POINT ( 'NONE',  ( -0.005000000000000000100, 0.1188375638308397100, 1.047384881157789300 ) ) ;
#2580 = UNCERTAINTY_MEASURE_WITH_UNIT (LENGTH_MEASURE( 1.000000000000000100E-005 ), #2419, 'distance_accuracy_value', 'NONE');
#2581 = ORIENTED_EDGE ( 'NONE', *, *, #1031, .T. ) ;
#2582 = COLOUR_RGB ( '',0.8941176470588234600, 0.9137254901960784000, 0.9294117647058823800 ) ;
#2583 = ORIENTED_EDGE ( 'NONE', *, *, #635, .T. ) ;
#2584 =( GEOMETRIC_REPRESENTATION_CONTEXT ( 3 ) GLOBAL_UNCERTAINTY_ASSIGNED_CONTEXT ( ( #2977 ) ) GLOBAL_UNIT_ASSIGNED_CONTEXT ( ( #197, #1781, #2825 ) ) REPRESENTATION_CONTEXT ( 'NONE', 'WORKASPACE' ) );
#2585 =( LENGTH_UNIT ( ) NAMED_UNIT ( * ) SI_UNIT ( .MILLI., .METRE. ) );
#2586 = ORIENTED_EDGE ( 'NONE', *, *, #1089, .F. ) ;
#2587 = LINE ( 'NONE', #1182, #1198 ) ;
#2588 = ORIENTED_EDGE ( 'NONE', *, *, #1483, .T. ) ;
#2589 = EDGE_CURVE ( 'NONE', #1233, #604, #784, .T. ) ;
#2590 = PLANE ( 'NONE',  #2284 ) ;
#2591 = SURFACE_STYLE_FILL_AREA ( #609 ) ;
#2592 = LINE ( 'NONE', #816, #452 ) ;
#2593 = ORIENTED_EDGE ( 'NONE', *, *, #1069, .F. ) ;
#2594 = CARTESIAN_POINT ( 'NONE',  ( 7.000000000000000000, 5.204748896376250700E-016, -4.250000000000000000 ) ) ;
#2595 =( GEOMETRIC_REPRESENTATION_CONTEXT ( 3 ) GLOBAL_UNCERTAINTY_ASSIGNED_CONTEXT ( ( #2443 ) ) GLOBAL_UNIT_ASSIGNED_CONTEXT ( ( #2772, #1462, #3265 ) ) REPRESENTATION_CONTEXT ( 'NONE', 'WORKASPACE' ) );
#2596 = VECTOR ( 'NONE', #3032, 1000.000000000000000 ) ;
#2597 = STYLED_ITEM ( 'NONE', ( #1108 ), #3067 ) ;
#2598 = AXIS2_PLACEMENT_3D ( 'NONE', #2693, #2148, #299 ) ;
#2599 = VECTOR ( 'NONE', #1344, 1000.000000000000000 ) ;
#2600 = PRESENTATION_STYLE_ASSIGNMENT (( #75 ) ) ;
#2601 =( LENGTH_UNIT ( ) NAMED_UNIT ( * ) SI_UNIT ( .MILLI., .METRE. ) );
#2602 = ORIENTED_EDGE ( 'NONE', *, *, #2368, .F. ) ;
#2603 = UNCERTAINTY_MEASURE_WITH_UNIT (LENGTH_MEASURE( 1.000000000000000100E-005 ), #2927, 'distance_accuracy_value', 'NONE');
#2604 = ORIENTED_EDGE ( 'NONE', *, *, #1641, .T. ) ;
#2605 = CARTESIAN_POINT ( 'NONE',  ( -0.005000000000000000100, 0.1188688284627370000, -0.9522440450364015900 ) ) ;
#2606 = LINE ( 'NONE', #135, #2643 ) ;
#2607 = EDGE_CURVE ( 'NONE', #1754, #1271, #551, .T. ) ;
#2608 = EDGE_CURVE ( 'NONE', #2879, #1754, #1067, .T. ) ;
#2609 = EDGE_LOOP ( 'NONE', ( #494, #2328, #1351, #1425 ) ) ;
#2610 = DIRECTION ( 'NONE',  ( 0.0000000000000000000, 0.0000000000000000000, -1.000000000000000000 ) ) ;
#2611 = FILL_AREA_STYLE_COLOUR ( '', #2909 ) ;
#2612 = AXIS2_PLACEMENT_3D ( 'NONE', #1650, #3206, #60 ) ;
#2613 = LINE ( 'NONE', #1996, #426 ) ;
#2614 = PRESENTATION_LAYER_ASSIGNMENT (  '', '', ( #347 ) ) ;
#2615 = DIRECTION ( 'NONE',  ( 0.0000000000000000000, 1.224646799147353700E-016, 1.000000000000000000 ) ) ;
#2616 = SURFACE_STYLE_FILL_AREA ( #1335 ) ;
#2617 = ORIENTED_EDGE ( 'NONE', *, *, #110, .F. ) ;
#2618 = DIRECTION ( 'NONE',  ( 0.0000000000000000000, 0.0000000000000000000, 1.000000000000000000 ) ) ;
#2619 = VECTOR ( 'NONE', #1821, 1000.000000000000000 ) ;
#2620 = ORIENTED_EDGE ( 'NONE', *, *, #1328, .T. ) ;
#2621 = SURFACE_STYLE_FILL_AREA ( #1675 ) ;
#2622 = EDGE_CURVE ( 'NONE', #401, #1169, #2895, .T. ) ;
#2623 = VECTOR ( 'NONE', #858, 1000.000000000000000 ) ;
#2624 = VERTEX_POINT ( 'NONE', #1949 ) ;
#2625 = COLOUR_RGB ( '',0.0000000000000000000, 0.0000000000000000000, 0.0000000000000000000 ) ;
#2626 = AXIS2_PLACEMENT_3D ( 'NONE', #674, #145, #2530 ) ;
#2627 = VECTOR ( 'NONE', #202, 1000.000000000000000 ) ;
#2628 = CARTESIAN_POINT ( 'NONE',  ( -0.005000000000000000100, 0.04345001279228703100, -1.977222312223316100 ) ) ;
#2629 = SURFACE_STYLE_USAGE ( .BOTH. , #3134 ) ;
#2630 = STYLED_ITEM ( 'NONE', ( #2970 ), #2754 ) ;
#2631 = VECTOR ( 'NONE', #1707, 1000.000000000000000 ) ;
#2632 = SURFACE_SIDE_STYLE ('',( #2382 ) ) ;
#2633 = MECHANICAL_DESIGN_GEOMETRIC_PRESENTATION_REPRESENTATION (  '', ( #1805 ), #578 ) ;
#2634 = PRESENTATION_STYLE_ASSIGNMENT (( #507 ) ) ;
#2635 = LINE ( 'NONE', #1392, #532 ) ;
#2636 = FILL_AREA_STYLE ('',( #3348 ) ) ;
#2638 = CARTESIAN_POINT ( 'NONE',  ( -0.005000000000000000100, 0.4706612939571652700, -0.3319935657280985200 ) ) ;
#2637 = AXIS2_PLACEMENT_3D ( 'NONE', #2330, #502, #3119 ) ;
#2639 = VERTEX_POINT ( 'NONE', #632 ) ;
#2640 = CARTESIAN_POINT ( 'NONE',  ( 0.1999999999999996500, 0.0000000000000000000, 0.0000000000000000000 ) ) ;
#2641 = DIRECTION ( 'NONE',  ( -0.0000000000000000000, -1.000000000000000000, -0.0000000000000000000 ) ) ;
#2642 = VERTEX_POINT ( 'NONE', #622 ) ;
#2643 = VECTOR ( 'NONE', #3295, 999.9999999999998900 ) ;
#2644 = ORIENTED_EDGE ( 'NONE', *, *, #1760, .F. ) ;
#2645 =( GEOMETRIC_REPRESENTATION_CONTEXT ( 3 ) GLOBAL_UNCERTAINTY_ASSIGNED_CONTEXT ( ( #628 ) ) GLOBAL_UNIT_ASSIGNED_CONTEXT ( ( #289, #544, #2944 ) ) REPRESENTATION_CONTEXT ( 'NONE', 'WORKASPACE' ) );
#2646 = EDGE_CURVE ( 'NONE', #3007, #3261, #2474, .T. ) ;
#2647 = ORIENTED_EDGE ( 'NONE', *, *, #772, .T. ) ;
#2648 = EDGE_CURVE ( 'NONE', #3304, #204, #2188, .T. ) ;
#2649 = CARTESIAN_POINT ( 'NONE',  ( -0.005000000000000000100, -0.4641000000000288200, -1.489076266063151800 ) ) ;
#2650 = CIRCLE ( 'NONE', #1893, 0.2500000000000000000 ) ;
#2651 = DIRECTION ( 'NONE',  ( 0.0000000000000000000, 0.0000000000000000000, 1.000000000000000000 ) ) ;
#2652 = SURFACE_STYLE_FILL_AREA ( #3323 ) ;
#2653 =( GEOMETRIC_REPRESENTATION_CONTEXT ( 3 ) GLOBAL_UNCERTAINTY_ASSIGNED_CONTEXT ( ( #2702 ) ) GLOBAL_UNIT_ASSIGNED_CONTEXT ( ( #1144, #849, #1616 ) ) REPRESENTATION_CONTEXT ( 'NONE', 'WORKASPACE' ) );
#2654 = ADVANCED_FACE ( 'NONE', ( #915 ), #1430, .F. ) ;
#2655 = VECTOR ( 'NONE', #601, 1000.000000000000200 ) ;
#2656 =( NAMED_UNIT ( * ) PLANE_ANGLE_UNIT ( ) SI_UNIT ( $, .RADIAN. ) );
#2657 = CARTESIAN_POINT ( 'NONE',  ( -0.005000000000000000100, 0.4706612939571657200, 1.577871764587617500 ) ) ;
#2658 = VERTEX_POINT ( 'NONE', #2216 ) ;
#2659 = MECHANICAL_DESIGN_GEOMETRIC_PRESENTATION_REPRESENTATION (  '', ( #3063 ), #765 ) ;
#2660 = STYLED_ITEM ( 'NONE', ( #1852 ), #1731 ) ;
#2661 = LINE ( 'NONE', #1526, #1947 ) ;
#2662 = ORIENTED_EDGE ( 'NONE', *, *, #1540, .F. ) ;
#2663 = UNCERTAINTY_MEASURE_WITH_UNIT (LENGTH_MEASURE( 1.000000000000000100E-005 ), #342, 'distance_accuracy_value', 'NONE');
#2664 = CARTESIAN_POINT ( 'NONE',  ( 0.0000000000000000000, -0.08311769719428983800, -0.01128161535484577600 ) ) ;
#2665 = DIRECTION ( 'NONE',  ( 0.0000000000000000000, -7.938847109764683400E-005, 0.9999999968487353100 ) ) ;
#2666 = DIRECTION ( 'NONE',  ( 0.0000000000000000000, 0.9617234872620589200, 0.2740217765954088800 ) ) ;
#2667 = CARTESIAN_POINT ( 'NONE',  ( 0.0000000000000000000, 0.04345001279229223500, -1.699458807457130600 ) ) ;
#2668 = VERTEX_POINT ( 'NONE', #172 ) ;
#2669 = CARTESIAN_POINT ( 'NONE',  ( 0.0000000000000000000, -0.4641000000000288200, -1.489076266063151800 ) ) ;
#2670 = VECTOR ( 'NONE', #169, 1000.000000000000000 ) ;
#2671 = EDGE_CURVE ( 'NONE', #437, #2366, #366, .T. ) ;
#2672 = CARTESIAN_POINT ( 'NONE',  ( 0.0000000000000000000, 0.4706612939571654900, 0.8839447622066248800 ) ) ;
#2673 = FILL_AREA_STYLE ('',( #549 ) ) ;
#2674 = SURFACE_SIDE_STYLE ('',( #2591 ) ) ;
#2675 = CIRCLE ( 'NONE', #1333, 0.2187500000000001900 ) ;
#2676 = AXIS2_PLACEMENT_3D ( 'NONE', #3278, #2237, #369 ) ;
#2677 =( LENGTH_UNIT ( ) NAMED_UNIT ( * ) SI_UNIT ( .MILLI., .METRE. ) );
#2678 = COLOUR_RGB ( '',0.0000000000000000000, 0.0000000000000000000, 0.0000000000000000000 ) ;
#2679 = LINE ( 'NONE', #3256, #1595 ) ;
#2680 = VERTEX_POINT ( 'NONE', #2242 ) ;
#2681 = MECHANICAL_DESIGN_GEOMETRIC_PRESENTATION_REPRESENTATION (  '', ( #2040 ), #1552 ) ;
#2682 = CARTESIAN_POINT ( 'NONE',  ( -0.005000000000000000100, -0.4641000000000289900, -0.3777621434046455900 ) ) ;
#2683 = ORIENTED_EDGE ( 'NONE', *, *, #2005, .F. ) ;
#2684 = SURFACE_SIDE_STYLE ('',( #1123 ) ) ;
#2685 = FILL_AREA_STYLE ('',( #2715 ) ) ;
#2686 = CARTESIAN_POINT ( 'NONE',  ( -0.005000000000000000100, 0.4706612939571654900, 0.7713295621164777400 ) ) ;
#2687 = DIRECTION ( 'NONE',  ( 1.000000000000000000, 0.0000000000000000000, 0.0000000000000000000 ) ) ;
#2688 = ORIENTED_EDGE ( 'NONE', *, *, #1859, .T. ) ;
#2689 = FACE_OUTER_BOUND ( 'NONE', #483, .T. ) ;
#2690 = AXIS2_PLACEMENT_3D ( 'NONE', #478, #1022, #2056 ) ;
#2691 = SURFACE_SIDE_STYLE ('',( #941 ) ) ;
#2692 = LINE ( 'NONE', #420, #1275 ) ;
#2693 = CARTESIAN_POINT ( 'NONE',  ( -0.005000000000000000100, -0.05393646921602029300, -0.6003918925204553300 ) ) ;
#2694 = CARTESIAN_POINT ( 'NONE',  ( 26.00000000000000000, 1.750000000000000000, 0.2500000000000000000 ) ) ;
#2695 = PRESENTATION_LAYER_ASSIGNMENT (  '', '', ( #1509 ) ) ;
#2696 = SURFACE_STYLE_USAGE ( .BOTH. , #854 ) ;
#2697 = COLOUR_RGB ( '',0.8941176470588234600, 0.9137254901960784000, 0.9294117647058823800 ) ;
#2698 = VERTEX_POINT ( 'NONE', #3333 ) ;
#2699 = AXIS2_PLACEMENT_3D ( 'NONE', #863, #2448, #876 ) ;
#2700 =( GEOMETRIC_REPRESENTATION_CONTEXT ( 3 ) GLOBAL_UNCERTAINTY_ASSIGNED_CONTEXT ( ( #2877 ) ) GLOBAL_UNIT_ASSIGNED_CONTEXT ( ( #1877, #317, #290 ) ) REPRESENTATION_CONTEXT ( 'NONE', 'WORKASPACE' ) );
#2701 = ORIENTED_EDGE ( 'NONE', *, *, #769, .F. ) ;
#2702 = UNCERTAINTY_MEASURE_WITH_UNIT (LENGTH_MEASURE( 1.000000000000000100E-005 ), #1144, 'distance_accuracy_value', 'NONE');
#2703 = VERTEX_POINT ( 'NONE', #1746 ) ;
#2704 = DIRECTION ( 'NONE',  ( 0.0000000000000000000, -0.8958676361827028200, -0.4443210308329064200 ) ) ;
#2705 = ADVANCED_FACE ( 'NONE', ( #3171 ), #3020, .F. ) ;
#2706 = SURFACE_SIDE_STYLE ('',( #2286 ) ) ;
#2707 = ORIENTED_EDGE ( 'NONE', *, *, #2779, .F. ) ;
#2708 = LINE ( 'NONE', #191, #2670 ) ;
#2709 = EDGE_CURVE ( 'NONE', #737, #3245, #1806, .T. ) ;
#2710 = CARTESIAN_POINT ( 'NONE',  ( 22.00000000000000000, -1.750000000000000000, 0.0000000000000000000 ) ) ;
#2711 =( LENGTH_UNIT ( ) NAMED_UNIT ( * ) SI_UNIT ( .MILLI., .METRE. ) );
#2712 = EDGE_CURVE ( 'NONE', #314, #1653, #2819, .T. ) ;
#2713 =( LENGTH_UNIT ( ) NAMED_UNIT ( * ) SI_UNIT ( .MILLI., .METRE. ) );
#2714 = CARTESIAN_POINT ( 'NONE',  ( -0.005000000000000000100, -0.4641000000000284300, 1.321314205319506200 ) ) ;
#2715 = FILL_AREA_STYLE_COLOUR ( '', #449 ) ;
#2716 = VECTOR ( 'NONE', #3133, 1000.000000000000100 ) ;
#2717 = VECTOR ( 'NONE', #3005, 1000.000000000000000 ) ;
#2718 = FILL_AREA_STYLE ('',( #1900 ) ) ;
#2719 = ORIENTED_EDGE ( 'NONE', *, *, #224, .F. ) ;
#2720 = ADVANCED_FACE ( 'NONE', ( #3136 ), #2537, .F. ) ;
#2721 = AXIS2_PLACEMENT_3D ( 'NONE', #975, #1728, #3068 ) ;
#2722 = CARTESIAN_POINT ( 'NONE',  ( -0.005000000000000000100, 0.2927030167103896200, 1.097976737910209200 ) ) ;
#2723 = CARTESIAN_POINT ( 'NONE',  ( 0.0000000000000000000, -0.4641000000000286000, 0.2650415035041395800 ) ) ;
#2724 = ORIENTED_EDGE ( 'NONE', *, *, #1412, .T. ) ;
#2725 = SURFACE_SIDE_STYLE ('',( #2059 ) ) ;
#2726 = PLANE ( 'NONE',  #2862 ) ;
#2727 = LINE ( 'NONE', #2940, #1500 ) ;
#2728 = SURFACE_SIDE_STYLE ('',( #2803 ) ) ;
#2729 = EDGE_CURVE ( 'NONE', #1013, #2954, #2365, .T. ) ;
#2730 = PLANE ( 'NONE',  #1120 ) ;
#2731 = FILL_AREA_STYLE_COLOUR ( '', #1088 ) ;
#2732 =( NAMED_UNIT ( * ) SI_UNIT ( $, .STERADIAN. ) SOLID_ANGLE_UNIT ( ) );
#2733 = AXIS2_PLACEMENT_3D ( 'NONE', #2931, #3232, #2161 ) ;
#2734 = FILL_AREA_STYLE_COLOUR ( '', #2551 ) ;
#2735 = LINE ( 'NONE', #3406, #3395 ) ;
#2736 = EDGE_LOOP ( 'NONE', ( #3412, #2147, #69, #714 ) ) ;
#2737 = CARTESIAN_POINT ( 'NONE',  ( -0.005000000000000000100, -0.4641000000000293200, -1.384787367582604100 ) ) ;
#2738 = PRESENTATION_LAYER_ASSIGNMENT (  '', '', ( #3106 ) ) ;
#2739 = ORIENTED_EDGE ( 'NONE', *, *, #416, .F. ) ;
#2740 = UNCERTAINTY_MEASURE_WITH_UNIT (LENGTH_MEASURE( 1.000000000000000100E-005 ), #1274, 'distance_accuracy_value', 'NONE');
#2741 = FILL_AREA_STYLE_COLOUR ( '', #294 ) ;
#2742 = DIRECTION ( 'NONE',  ( 0.0000000000000000000, 0.0000000000000000000, -1.000000000000000000 ) ) ;
#2743 = DIRECTION ( 'NONE',  ( 1.000000000000000000, 0.0000000000000000000, 0.0000000000000000000 ) ) ;
#2744 = CARTESIAN_POINT ( 'NONE',  ( 0.0000000000000000000, 0.3721009671810895400, 0.5051709197727064500 ) ) ;
#2745 = ORIENTED_EDGE ( 'NONE', *, *, #501, .F. ) ;
#2746 =( NAMED_UNIT ( * ) PLANE_ANGLE_UNIT ( ) SI_UNIT ( $, .RADIAN. ) );
#2747 = PRESENTATION_STYLE_ASSIGNMENT (( #2696 ) ) ;
#2748 = CARTESIAN_POINT ( 'NONE',  ( -0.005000000000000000100, 0.2914979073132797900, 1.526336283689422800 ) ) ;
#2749 = SURFACE_SIDE_STYLE ('',( #117 ) ) ;
#2750 = SURFACE_STYLE_FILL_AREA ( #2574 ) ;
#2751 = ORIENTED_EDGE ( 'NONE', *, *, #3173, .T. ) ;
#2752 = PRESENTATION_LAYER_ASSIGNMENT (  '', '', ( #2514 ) ) ;
#2753 = VECTOR ( 'NONE', #1471, 1000.000000000000000 ) ;
#2754 = ADVANCED_FACE ( 'NONE', ( #1266, #1730, #327 ), #130, .T. ) ;
#2755 =( NAMED_UNIT ( * ) PLANE_ANGLE_UNIT ( ) SI_UNIT ( $, .RADIAN. ) );
#2756 = CARTESIAN_POINT ( 'NONE',  ( -0.005000000000000000100, -0.05393646921773419900, 0.9980834009764542000 ) ) ;
#2757 = VECTOR ( 'NONE', #1591, 1000.000000000000000 ) ;
#2758 = EDGE_CURVE ( 'NONE', #2204, #1325, #3301, .T. ) ;
#2759 = VERTEX_POINT ( 'NONE', #1457 ) ;
#2760 = FACE_OUTER_BOUND ( 'NONE', #2277, .T. ) ;
#2761 = VECTOR ( 'NONE', #8, 1000.000000000000100 ) ;
#2762 =( LENGTH_UNIT ( ) NAMED_UNIT ( * ) SI_UNIT ( .MILLI., .METRE. ) );
#2763 = CARTESIAN_POINT ( 'NONE',  ( 0.0000000000000000000, -0.4641000000000286000, 0.5025787976740189200 ) ) ;
#2764 = DIRECTION ( 'NONE',  ( 0.0000000000000000000, 1.000000000000000000, -2.480431458422449600E-016 ) ) ;
#2765 = VERTEX_POINT ( 'NONE', #3034 ) ;
#2766 = MECHANICAL_DESIGN_GEOMETRIC_PRESENTATION_REPRESENTATION (  '', ( #2241 ), #2946 ) ;
#2767 = PRESENTATION_STYLE_ASSIGNMENT (( #1533 ) ) ;
#2768 = DIRECTION ( 'NONE',  ( 0.0000000000000000000, 0.9615323037684296900, 0.2746918797667240500 ) ) ;
#2769 = ORIENTED_EDGE ( 'NONE', *, *, #1760, .T. ) ;
#2770 = PLANE ( 'NONE',  #2350 ) ;
#2771 = STYLED_ITEM ( 'NONE', ( #3357 ), #1748 ) ;
#2772 =( LENGTH_UNIT ( ) NAMED_UNIT ( * ) SI_UNIT ( .MILLI., .METRE. ) );
#2773 = EDGE_LOOP ( 'NONE', ( #306, #1163, #3368, #2935 ) ) ;
#2774 = DIRECTION ( 'NONE',  ( 0.0000000000000000000, -0.7059037656364519600, 0.7083077534943953400 ) ) ;
#2775 = DIRECTION ( 'NONE',  ( -1.000000000000000000, -0.0000000000000000000, -0.0000000000000000000 ) ) ;
#2776 = ADVANCED_FACE ( 'NONE', ( #1973 ), #404, .F. ) ;
#2777 = CARTESIAN_POINT ( 'NONE',  ( 0.0000000000000000000, -0.4641000000000286000, 0.2650415035041395800 ) ) ;
#2778 = DIRECTION ( 'NONE',  ( 0.0000000000000000000, 0.2746918797667241000, -0.9615323037684296900 ) ) ;
#2779 = EDGE_CURVE ( 'NONE', #2668, #1103, #1220, .T. ) ;
#2780 =( NAMED_UNIT ( * ) PLANE_ANGLE_UNIT ( ) SI_UNIT ( $, .RADIAN. ) );
#2781 = SURFACE_STYLE_USAGE ( .BOTH. , #3013 ) ;
#2782 = EDGE_LOOP ( 'NONE', ( #1263, #3386, #813, #2593 ) ) ;
#2783 =( LENGTH_UNIT ( ) NAMED_UNIT ( * ) SI_UNIT ( .MILLI., .METRE. ) );
#2784 = STYLED_ITEM ( 'NONE', ( #2885 ), #385 ) ;
#2785 = PRESENTATION_STYLE_ASSIGNMENT (( #3027 ) ) ;
#2786 =( NAMED_UNIT ( * ) PLANE_ANGLE_UNIT ( ) SI_UNIT ( $, .RADIAN. ) );
#2787 = CARTESIAN_POINT ( 'NONE',  ( 0.1999999999999996500, 0.0000000000000000000, 0.0000000000000000000 ) ) ;
#2788 = ORIENTED_EDGE ( 'NONE', *, *, #2837, .F. ) ;
#2789 = MANIFOLD_SOLID_BREP ( 'Body-Move/Copy1[1]', #1586 ) ;
#2790 =( GEOMETRIC_REPRESENTATION_CONTEXT ( 3 ) GLOBAL_UNCERTAINTY_ASSIGNED_CONTEXT ( ( #2082 ) ) GLOBAL_UNIT_ASSIGNED_CONTEXT ( ( #748, #3377, #2856 ) ) REPRESENTATION_CONTEXT ( 'NONE', 'WORKASPACE' ) );
#2791 = MECHANICAL_DESIGN_GEOMETRIC_PRESENTATION_REPRESENTATION (  '', ( #1287 ), #431 ) ;
#2792 = VECTOR ( 'NONE', #350, 1000.000000000000000 ) ;
#2793 = ORIENTED_EDGE ( 'NONE', *, *, #1638, .T. ) ;
#2794 = ADVANCED_FACE ( 'NONE', ( #2182 ), #2823, .F. ) ;
#2795 = CARTESIAN_POINT ( 'NONE',  ( 0.0000000000000000000, 0.4706612939571654900, 0.06608819870102282400 ) ) ;
#2796 = DIRECTION ( 'NONE',  ( 0.0000000000000000000, 0.9612861490927303600, 0.2755520632520628300 ) ) ;
#2797 = FACE_OUTER_BOUND ( 'NONE', #1547, .T. ) ;
#2798 = VECTOR ( 'NONE', #1490, 1000.000000000000000 ) ;
#2799 = EDGE_LOOP ( 'NONE', ( #764, #942, #1243, #1763 ) ) ;
#2800 = LINE ( 'NONE', #2638, #71 ) ;
#2801 = SURFACE_STYLE_USAGE ( .BOTH. , #934 ) ;
#2802 = SURFACE_STYLE_USAGE ( .BOTH. , #2016 ) ;
#2803 = SURFACE_STYLE_FILL_AREA ( #2718 ) ;
#2804 = PRESENTATION_STYLE_ASSIGNMENT (( #1984 ) ) ;
#2805 = CARTESIAN_POINT ( 'NONE',  ( -0.005000000000000000100, 0.04345001279228703100, -1.977222312223316100 ) ) ;
#2806 = EDGE_CURVE ( 'NONE', #1612, #1185, #1768, .T. ) ;
#2807 = EDGE_LOOP ( 'NONE', ( #1312, #599, #162, #2581 ) ) ;
#2808 = COLOUR_RGB ( '',0.0000000000000000000, 0.0000000000000000000, 0.0000000000000000000 ) ;
#2809 = COLOUR_RGB ( '',0.0000000000000000000, 0.0000000000000000000, 0.0000000000000000000 ) ;
#2810 = FILL_AREA_STYLE_COLOUR ( '', #2363 ) ;
#2811 = FILL_AREA_STYLE_COLOUR ( '', #1809 ) ;
#2812 = DIRECTION ( 'NONE',  ( 0.0000000000000000000, -1.207321276394593000E-016, -1.000000000000000000 ) ) ;
#2813 = UNCERTAINTY_MEASURE_WITH_UNIT (LENGTH_MEASURE( 1.000000000000000100E-005 ), #2509, 'distance_accuracy_value', 'NONE');
#2814 = MECHANICAL_DESIGN_GEOMETRIC_PRESENTATION_REPRESENTATION (  '', ( #1960 ), #2983 ) ;
#2815 = DIRECTION ( 'NONE',  ( 0.0000000000000000000, 1.224646799147353500E-016, 1.000000000000000000 ) ) ;
#2816 = SURFACE_SIDE_STYLE ('',( #2750 ) ) ;
#2817 = LINE ( 'NONE', #3227, #3015 ) ;
#2818 = UNCERTAINTY_MEASURE_WITH_UNIT (LENGTH_MEASURE( 1.000000000000000100E-005 ), #1179, 'distance_accuracy_value', 'NONE');
#2819 = LINE ( 'NONE', #3320, #463 ) ;
#2820 = ORIENTED_EDGE ( 'NONE', *, *, #1132, .F. ) ;
#2821 = MECHANICAL_DESIGN_GEOMETRIC_PRESENTATION_REPRESENTATION (  '', ( #2356 ), #1164 ) ;
#2822 = AXIS2_PLACEMENT_3D ( 'NONE', #1044, #777, #2345 ) ;
#2823 = PLANE ( 'NONE',  #1772 ) ;
#2824 = VECTOR ( 'NONE', #51, 1000.000000000000000 ) ;
#2825 =( NAMED_UNIT ( * ) SI_UNIT ( $, .STERADIAN. ) SOLID_ANGLE_UNIT ( ) );
#2826 = SURFACE_STYLE_USAGE ( .BOTH. , #3066 ) ;
#2827 = CARTESIAN_POINT ( 'NONE',  ( 0.0000000000000000000, -0.05393646921602023700, -1.001545525218872500 ) ) ;
#2828 = LINE ( 'NONE', #2453, #1302 ) ;
#2829 =( LENGTH_UNIT ( ) NAMED_UNIT ( * ) SI_UNIT ( .MILLI., .METRE. ) );
#2830 = CARTESIAN_POINT ( 'NONE',  ( 0.0000000000000000000, -0.4641000000000287100, 0.06373707393421716700 ) ) ;
#2831 = AXIS2_PLACEMENT_3D ( 'NONE', #2095, #225, #517 ) ;
#2832 = ORIENTED_EDGE ( 'NONE', *, *, #757, .F. ) ;
#2833 =( NAMED_UNIT ( * ) PLANE_ANGLE_UNIT ( ) SI_UNIT ( $, .RADIAN. ) );
#2834 = EDGE_CURVE ( 'NONE', #1045, #2898, #829, .T. ) ;
#2835 = LINE ( 'NONE', #2861, #1543 ) ;
#2836 = VERTEX_POINT ( 'NONE', #1017 ) ;
#2837 = EDGE_CURVE ( 'NONE', #3006, #3255, #1447, .T. ) ;
#2838 = SURFACE_STYLE_USAGE ( .BOTH. , #1000 ) ;
#2839 =( NAMED_UNIT ( * ) PLANE_ANGLE_UNIT ( ) SI_UNIT ( $, .RADIAN. ) );
#2840 = VERTEX_POINT ( 'NONE', #2564 ) ;
#2841 = EDGE_LOOP ( 'NONE', ( #531, #2707, #335, #545 ) ) ;
#2842 = CARTESIAN_POINT ( 'NONE',  ( 0.0000000000000000000, -0.4641000000000000100, -2.388500000000000500 ) ) ;
#2843 = PRESENTATION_STYLE_ASSIGNMENT (( #3185 ) ) ;
#2844 = LINE ( 'NONE', #2037, #485 ) ;
#2845 = VERTEX_POINT ( 'NONE', #193 ) ;
#2846 = AXIS2_PLACEMENT_3D ( 'NONE', #1837, #2100, #2132 ) ;
#2847 = STYLED_ITEM ( 'NONE', ( #2398 ), #2017 ) ;
#2848 = CARTESIAN_POINT ( 'NONE',  ( 0.0000000000000000000, -0.4641000000000283800, 1.593651875561089100 ) ) ;
#2849 = VECTOR ( 'NONE', #1579, 1000.000000000000000 ) ;
#2850 = PRESENTATION_STYLE_ASSIGNMENT (( #3302 ) ) ;
#2851 = PRESENTATION_STYLE_ASSIGNMENT (( #1581 ) ) ;
#2852 = FACE_OUTER_BOUND ( 'NONE', #2549, .T. ) ;
#2853 = DIRECTION ( 'NONE',  ( 0.0000000000000000000, 0.0000000000000000000, -1.000000000000000000 ) ) ;
#2854 = ORIENTED_EDGE ( 'NONE', *, *, #2834, .T. ) ;
#2855 = VECTOR ( 'NONE', #2907, 1000.000000000000000 ) ;
#2856 =( NAMED_UNIT ( * ) SI_UNIT ( $, .STERADIAN. ) SOLID_ANGLE_UNIT ( ) );
#2857 = EDGE_CURVE ( 'NONE', #1527, #2121, #2396, .T. ) ;
#2858 = UNCERTAINTY_MEASURE_WITH_UNIT (LENGTH_MEASURE( 1.000000000000000100E-005 ), #1871, 'distance_accuracy_value', 'NONE');
#2859 = VERTEX_POINT ( 'NONE', #1253 ) ;
#2860 =( NAMED_UNIT ( * ) PLANE_ANGLE_UNIT ( ) SI_UNIT ( $, .RADIAN. ) );
#2861 = CARTESIAN_POINT ( 'NONE',  ( -0.005000000000000000100, 0.2901762661091321600, 2.076730209328213000 ) ) ;
#2862 = AXIS2_PLACEMENT_3D ( 'NONE', #143, #2764, #2510 ) ;
#2863 = MANIFOLD_SOLID_BREP ( 'Body-Move/Copy1[2]', #2054 ) ;
#2864 = ORIENTED_EDGE ( 'NONE', *, *, #3335, .F. ) ;
#2865 = SURFACE_SIDE_STYLE ('',( #2272 ) ) ;
#2866 = LINE ( 'NONE', #1403, #2069 ) ;
#2867 = AXIS2_PLACEMENT_3D ( 'NONE', #1620, #283, #2160 ) ;
#2868 = ORIENTED_EDGE ( 'NONE', *, *, #2857, .T. ) ;
#2869 = AXIS2_PLACEMENT_3D ( 'NONE', #2519, #721, #1738 ) ;
#2870 = FACE_OUTER_BOUND ( 'NONE', #1813, .T. ) ;
#2871 = SURFACE_SIDE_STYLE ('',( #2359 ) ) ;
#2872 = SURFACE_SIDE_STYLE ('',( #1856 ) ) ;
#2873 = ORIENTED_EDGE ( 'NONE', *, *, #1183, .T. ) ;
#2874 = FILL_AREA_STYLE_COLOUR ( '', #1357 ) ;
#2875 = MECHANICAL_DESIGN_GEOMETRIC_PRESENTATION_REPRESENTATION (  '', ( #2847 ), #3165 ) ;
#2876 = ORIENTED_EDGE ( 'NONE', *, *, #257, .F. ) ;
#2877 = UNCERTAINTY_MEASURE_WITH_UNIT (LENGTH_MEASURE( 1.000000000000000100E-005 ), #1877, 'distance_accuracy_value', 'NONE');
#2878 = VECTOR ( 'NONE', #1475, 1000.000000000000200 ) ;
#2879 = VERTEX_POINT ( 'NONE', #2842 ) ;
#2880 =( GEOMETRIC_REPRESENTATION_CONTEXT ( 3 ) GLOBAL_UNCERTAINTY_ASSIGNED_CONTEXT ( ( #1129 ) ) GLOBAL_UNIT_ASSIGNED_CONTEXT ( ( #1896, #2439, #315 ) ) REPRESENTATION_CONTEXT ( 'NONE', 'WORKASPACE' ) );
#2881 = DIRECTION ( 'NONE',  ( 0.0000000000000000000, 0.9615454294334483400, 0.2746459304916885600 ) ) ;
#2882 =( NAMED_UNIT ( * ) PLANE_ANGLE_UNIT ( ) SI_UNIT ( $, .RADIAN. ) );
#2883 = EDGE_LOOP ( 'NONE', ( #1025, #328, #3400, #560 ) ) ;
#2884 = VECTOR ( 'NONE', #1655, 999.9999999999998900 ) ;
#2885 = PRESENTATION_STYLE_ASSIGNMENT (( #670 ) ) ;
#2886 = LINE ( 'NONE', #1062, #946 ) ;
#2887 = PRESENTATION_STYLE_ASSIGNMENT (( #991 ) ) ;
#2888 = PRESENTATION_LAYER_ASSIGNMENT (  '', '', ( #297 ) ) ;
#2889 = FILL_AREA_STYLE ('',( #433 ) ) ;
#2890 = FILL_AREA_STYLE_COLOUR ( '', #476 ) ;
#2891 = LINE ( 'NONE', #3212, #2178 ) ;
#2892 = ORIENTED_EDGE ( 'NONE', *, *, #208, .T. ) ;
#2893 = FILL_AREA_STYLE_COLOUR ( '', #2308 ) ;
#2894 = EDGE_CURVE ( 'NONE', #2658, #445, #2968, .T. ) ;
#2895 = LINE ( 'NONE', #68, #1009 ) ;
#2896 = EDGE_CURVE ( 'NONE', #2859, #1635, #1046, .T. ) ;
#2897 =( NAMED_UNIT ( * ) PLANE_ANGLE_UNIT ( ) SI_UNIT ( $, .RADIAN. ) );
#2898 = VERTEX_POINT ( 'NONE', #796 ) ;
#2899 = SURFACE_STYLE_FILL_AREA ( #606 ) ;
#2900 = PLANE ( 'NONE',  #2938 ) ;
#2901 = DIRECTION ( 'NONE',  ( -1.000000000000000000, -0.0000000000000000000, -0.0000000000000000000 ) ) ;
#2902 = DIRECTION ( 'NONE',  ( 0.0000000000000000000, 0.0000000000000000000, -1.000000000000000000 ) ) ;
#2903 = DIRECTION ( 'NONE',  ( 0.0000000000000000000, 2.372545677633582300E-016, 1.000000000000000000 ) ) ;
#2904 = PRESENTATION_LAYER_ASSIGNMENT (  '', '', ( #969 ) ) ;
#2905 = LINE ( 'NONE', #393, #188 ) ;
#2906 = MECHANICAL_DESIGN_GEOMETRIC_PRESENTATION_REPRESENTATION (  '', ( #1587 ), #1423 ) ;
#2907 = DIRECTION ( 'NONE',  ( 1.000000000000000000, 0.0000000000000000000, 0.0000000000000000000 ) ) ;
#2908 =( LENGTH_UNIT ( ) NAMED_UNIT ( * ) SI_UNIT ( .MILLI., .METRE. ) );
#2909 = COLOUR_RGB ( '',0.0000000000000000000, 0.0000000000000000000, 0.0000000000000000000 ) ;
#2910 = EDGE_LOOP ( 'NONE', ( #2217, #3087, #1913, #2432, #2451, #1307, #3059, #2976, #2081, #1992, #933, #2119, #1427, #18, #1560, #2124, #3382 ) ) ;
#2911 = DIRECTION ( 'NONE',  ( 0.0000000000000000000, -0.9610348236706634000, -0.2764273280489770200 ) ) ;
#2912 = ORIENTED_EDGE ( 'NONE', *, *, #572, .T. ) ;
#2913 = ORIENTED_EDGE ( 'NONE', *, *, #1524, .F. ) ;
#2914 = VECTOR ( 'NONE', #2903, 1000.000000000000000 ) ;
#2915 = DIRECTION ( 'NONE',  ( 1.000000000000000000, 0.0000000000000000000, 0.0000000000000000000 ) ) ;
#2916 = ORIENTED_EDGE ( 'NONE', *, *, #2540, .T. ) ;
#2917 = CARTESIAN_POINT ( 'NONE',  ( 0.0000000000000000000, 0.1188688284627370000, -0.9522440450364015900 ) ) ;
#2918 =( NAMED_UNIT ( * ) SI_UNIT ( $, .STERADIAN. ) SOLID_ANGLE_UNIT ( ) );
#2919 = VECTOR ( 'NONE', #595, 1000.000000000000000 ) ;
#2920 = MECHANICAL_DESIGN_GEOMETRIC_PRESENTATION_REPRESENTATION (  '', ( #990 ), #324 ) ;
#2921 = DIRECTION ( 'NONE',  ( 0.0000000000000000000, 1.224646799147353700E-016, 1.000000000000000000 ) ) ;
#2922 = CARTESIAN_POINT ( 'NONE',  ( 7.000000000000000000, 0.0000000000000000000, 0.0000000000000000000 ) ) ;
#2923 = FACE_OUTER_BOUND ( 'NONE', #1037, .T. ) ;
#2924 = AXIS2_PLACEMENT_3D ( 'NONE', #658, #2268, #1221 ) ;
#2925 = CIRCLE ( 'NONE', #429, 0.1999999999999996500 ) ;
#2926 = MECHANICAL_DESIGN_GEOMETRIC_PRESENTATION_REPRESENTATION (  '', ( #804 ), #1165 ) ;
#2927 =( LENGTH_UNIT ( ) NAMED_UNIT ( * ) SI_UNIT ( .MILLI., .METRE. ) );
#2928 = ORIENTED_EDGE ( 'NONE', *, *, #184, .F. ) ;
#2929 = LINE ( 'NONE', #2686, #1555 ) ;
#2930 =( LENGTH_UNIT ( ) NAMED_UNIT ( * ) SI_UNIT ( .MILLI., .METRE. ) );
#2931 = CARTESIAN_POINT ( 'NONE',  ( 22.00000000000000000, -1.750000000000000000, 0.0000000000000000000 ) ) ;
#2932 = ORIENTED_EDGE ( 'NONE', *, *, #3001, .T. ) ;
#2933 = LINE ( 'NONE', #2578, #1262 ) ;
#2934 = DIRECTION ( 'NONE',  ( -0.0000000000000000000, -0.7083077534943953400, -0.7059037656364518500 ) ) ;
#2935 = ORIENTED_EDGE ( 'NONE', *, *, #2806, .T. ) ;
#2936 = PRESENTATION_STYLE_ASSIGNMENT (( #3024 ) ) ;
#2937 = ADVANCED_FACE ( 'NONE', ( #753 ), #3208, .F. ) ;
#2938 = AXIS2_PLACEMENT_3D ( 'NONE', #2628, #1820, #497 ) ;
#2939 = VERTEX_POINT ( 'NONE', #3172 ) ;
#2940 = CARTESIAN_POINT ( 'NONE',  ( 0.0000000000000000000, 0.1188688284627370000, -0.9522440450364015900 ) ) ;
#2941 =( NAMED_UNIT ( * ) PLANE_ANGLE_UNIT ( ) SI_UNIT ( $, .RADIAN. ) );
#2942 = EDGE_CURVE ( 'NONE', #500, #1580, #2360, .T. ) ;
#2943 = CARTESIAN_POINT ( 'NONE',  ( -0.005000000000000000100, -0.4641000000000286000, 0.5025787976740189200 ) ) ;
#2944 =( NAMED_UNIT ( * ) SI_UNIT ( $, .STERADIAN. ) SOLID_ANGLE_UNIT ( ) );
#2945 = SURFACE_SIDE_STYLE ('',( #2616 ) ) ;
#2946 =( GEOMETRIC_REPRESENTATION_CONTEXT ( 3 ) GLOBAL_UNCERTAINTY_ASSIGNED_CONTEXT ( ( #268 ) ) GLOBAL_UNIT_ASSIGNED_CONTEXT ( ( #2677, #1105, #2175 ) ) REPRESENTATION_CONTEXT ( 'NONE', 'WORKASPACE' ) );
#2947 = DIRECTION ( 'NONE',  ( 1.000000000000000000, -0.0000000000000000000, -0.0000000000000000000 ) ) ;
#2948 = PRESENTATION_LAYER_ASSIGNMENT (  '', '', ( #3063 ) ) ;
#2949 = AXIS2_PLACEMENT_3D ( 'NONE', #140, #1465, #397 ) ;
#2950 = VECTOR ( 'NONE', #1118, 1000.000000000000000 ) ;
#2951 =( NAMED_UNIT ( * ) PLANE_ANGLE_UNIT ( ) SI_UNIT ( $, .RADIAN. ) );
#2952 = CARTESIAN_POINT ( 'NONE',  ( 7.000000000000000000, 0.0000000000000000000, 4.250000000000000000 ) ) ;
#2953 = CARTESIAN_POINT ( 'NONE',  ( -0.005000000000000000100, 0.1188688284627371100, -0.5510335675551548700 ) ) ;
#2954 = VERTEX_POINT ( 'NONE', #2917 ) ;
#2955 = DIRECTION ( 'NONE',  ( 0.0000000000000000000, 3.146308679943554500E-016, 1.000000000000000000 ) ) ;
#2956 = VECTOR ( 'NONE', #1109, 1000.000000000000000 ) ;
#2957 = EDGE_CURVE ( 'NONE', #217, #2545, #1633, .T. ) ;
#2958 = ORIENTED_EDGE ( 'NONE', *, *, #741, .F. ) ;
#2959 = EDGE_CURVE ( 'NONE', #2142, #2061, #1801, .T. ) ;
#2960 = DIRECTION ( 'NONE',  ( 0.0000000000000000000, 1.000000000000000000, -2.372545677633582300E-016 ) ) ;
#2961 = CARTESIAN_POINT ( 'NONE',  ( -0.005000000000000000100, -0.4641000000000288200, -1.489076266063151800 ) ) ;
#2962 = CARTESIAN_POINT ( 'NONE',  ( 0.0000000000000000000, 0.4706612939571654900, 0.8839447622066248800 ) ) ;
#2963 = LINE ( 'NONE', #2649, #1554 ) ;
#2964 = COLOUR_RGB ( '',0.8941176470588234600, 0.9137254901960784000, 0.9294117647058823800 ) ;
#2965 = DIRECTION ( 'NONE',  ( 0.0000000000000000000, 0.2740217765954088800, -0.9617234872620591400 ) ) ;
#2966 = ADVANCED_FACE ( 'NONE', ( #3384 ), #1858, .F. ) ;
#2967 =( GEOMETRIC_REPRESENTATION_CONTEXT ( 3 ) GLOBAL_UNCERTAINTY_ASSIGNED_CONTEXT ( ( #3016 ) ) GLOBAL_UNIT_ASSIGNED_CONTEXT ( ( #85, #872, #2732 ) ) REPRESENTATION_CONTEXT ( 'NONE', 'WORKASPACE' ) );
#2968 = LINE ( 'NONE', #1769, #288 ) ;
#2969 = ORIENTED_EDGE ( 'NONE', *, *, #2942, .T. ) ;
#2970 = PRESENTATION_STYLE_ASSIGNMENT (( #3046 ) ) ;
#2971 = CARTESIAN_POINT ( 'NONE',  ( 0.0000000000000000000, 0.2914979073132797900, 1.526336283689422800 ) ) ;
#2972 = DIRECTION ( 'NONE',  ( 0.0000000000000000000, 0.9610992334304874200, 0.2762033010290239600 ) ) ;
#2973 = PLANE ( 'NONE',  #1112 ) ;
#2974 = SURFACE_STYLE_FILL_AREA ( #1190 ) ;
#2975 =( LENGTH_UNIT ( ) NAMED_UNIT ( * ) SI_UNIT ( .MILLI., .METRE. ) );
#2976 = ORIENTED_EDGE ( 'NONE', *, *, #80, .T. ) ;
#2977 = UNCERTAINTY_MEASURE_WITH_UNIT (LENGTH_MEASURE( 1.000000000000000100E-005 ), #197, 'distance_accuracy_value', 'NONE');
#2978 = EDGE_CURVE ( 'NONE', #3255, #2521, #1213, .T. ) ;
#2979 = ORIENTED_EDGE ( 'NONE', *, *, #880, .F. ) ;
#2980 = DIRECTION ( 'NONE',  ( 0.0000000000000000000, -0.2762517575166151300, 0.9610853065513910200 ) ) ;
#2981 = DIRECTION ( 'NONE',  ( 0.0000000000000000000, 0.0000000000000000000, -1.000000000000000000 ) ) ;
#2982 = DIRECTION ( 'NONE',  ( 1.000000000000000000, 0.0000000000000000000, 0.0000000000000000000 ) ) ;
#2983 =( GEOMETRIC_REPRESENTATION_CONTEXT ( 3 ) GLOBAL_UNCERTAINTY_ASSIGNED_CONTEXT ( ( #3207 ) ) GLOBAL_UNIT_ASSIGNED_CONTEXT ( ( #2150, #1393, #308 ) ) REPRESENTATION_CONTEXT ( 'NONE', 'WORKASPACE' ) );
#2984 = PRESENTATION_STYLE_ASSIGNMENT (( #1181 ) ) ;
#2985 = PRESENTATION_LAYER_ASSIGNMENT (  '', '', ( #2630 ) ) ;
#2986 = DIRECTION ( 'NONE',  ( 0.0000000000000000000, 0.0000000000000000000, -1.000000000000000000 ) ) ;
#2987 = ORIENTED_EDGE ( 'NONE', *, *, #2589, .T. ) ;
#2988 = VERTEX_POINT ( 'NONE', #853 ) ;
#2989 = COLOUR_RGB ( '',0.0000000000000000000, 0.0000000000000000000, 0.0000000000000000000 ) ;
#2990 = CARTESIAN_POINT ( 'NONE',  ( 0.0000000000000000000, -0.05393646921602029300, -0.6003918925204553300 ) ) ;
#2991 = ORIENTED_EDGE ( 'NONE', *, *, #3150, .T. ) ;
#2992 = CARTESIAN_POINT ( 'NONE',  ( -0.005000000000000000100, 0.4706612939571652700, -2.119865767362318000 ) ) ;
#2993 = CARTESIAN_POINT ( 'NONE',  ( -0.005000000000000000100, -0.4641000000000000100, -2.388500000000000500 ) ) ;
#2994 = VERTEX_POINT ( 'NONE', #818 ) ;
#2995 = MECHANICAL_DESIGN_GEOMETRIC_PRESENTATION_REPRESENTATION (  '', ( #1291 ), #1795 ) ;
#2996 = LINE ( 'NONE', #3209, #607 ) ;
#2997 = PRESENTATION_STYLE_ASSIGNMENT (( #182 ) ) ;
#2998 = EDGE_LOOP ( 'NONE', ( #3188, #1967 ) ) ;
#2999 = EDGE_CURVE ( 'NONE', #2050, #2845, #2466, .T. ) ;
#3000 = SURFACE_STYLE_USAGE ( .BOTH. , #891 ) ;
#3001 = EDGE_CURVE ( 'NONE', #604, #2759, #1441, .T. ) ;
#3002 = PRESENTATION_STYLE_ASSIGNMENT (( #2457 ) ) ;
#3003 = TOROIDAL_SURFACE ( 'NONE', #2721, 4.050000000000000700, 0.2000000000000000100 ) ;
#3004 = SURFACE_STYLE_USAGE ( .BOTH. , #1171 ) ;
#3005 = DIRECTION ( 'NONE',  ( 0.0000000000000000000, -3.147719821763145200E-016, -1.000000000000000000 ) ) ;
#3006 = VERTEX_POINT ( 'NONE', #1610 ) ;
#3007 = VERTEX_POINT ( 'NONE', #2952 ) ;
#3008 = FACE_OUTER_BOUND ( 'NONE', #3166, .T. ) ;
#3009 = AXIS2_PLACEMENT_3D ( 'NONE', #520, #2373, #2902 ) ;
#3010 = DIRECTION ( 'NONE',  ( 0.0000000000000000000, -1.000000000000000000, 2.043497108812547200E-016 ) ) ;
#3011 = DIRECTION ( 'NONE',  ( 0.0000000000000000000, 0.0000000000000000000, 1.000000000000000000 ) ) ;
#3012 = PRESENTATION_LAYER_ASSIGNMENT (  '', '', ( #2771 ) ) ;
#3013 = SURFACE_SIDE_STYLE ('',( #598 ) ) ;
#3014 = ORIENTED_EDGE ( 'NONE', *, *, #2442, .F. ) ;
#3015 = VECTOR ( 'NONE', #1155, 1000.000000000000000 ) ;
#3016 = UNCERTAINTY_MEASURE_WITH_UNIT (LENGTH_MEASURE( 1.000000000000000100E-005 ), #85, 'distance_accuracy_value', 'NONE');
#3017 = FILL_AREA_STYLE ('',( #333 ) ) ;
#3018 = ADVANCED_FACE ( 'NONE', ( #2852 ), #3222, .F. ) ;
#3019 = EDGE_LOOP ( 'NONE', ( #589, #236, #2751, #1845, #826, #2239, #1408, #2647, #3354, #1790, #305, #2873, #1625, #441, #16, #2987, #1384, #1767, #2912, #900, #1832, #676, #83 ) ) ;
#3020 = PLANE ( 'NONE',  #265 ) ;
#3021 = VECTOR ( 'NONE', #408, 1000.000000000000000 ) ;
#3022 = EDGE_CURVE ( 'NONE', #2939, #1060, #2679, .T. ) ;
#3023 = VECTOR ( 'NONE', #3296, 1000.000000000000000 ) ;
#3024 = SURFACE_STYLE_USAGE ( .BOTH. , #1672 ) ;
#3025 = DIRECTION ( 'NONE',  ( 0.0000000000000000000, 0.0000000000000000000, 1.000000000000000000 ) ) ;
#3026 =( NAMED_UNIT ( * ) PLANE_ANGLE_UNIT ( ) SI_UNIT ( $, .RADIAN. ) );
#3027 = SURFACE_STYLE_USAGE ( .BOTH. , #1956 ) ;
#3028 = TOROIDAL_SURFACE ( 'NONE', #3139, 4.250000000000000000, 0.2187500000000001900 ) ;
#3029 = VERTEX_POINT ( 'NONE', #2714 ) ;
#3030 = ORIENTED_EDGE ( 'NONE', *, *, #2957, .T. ) ;
#3031 = DIRECTION ( 'NONE',  ( 0.0000000000000000000, 0.2745159998572695400, -0.9615825319869135700 ) ) ;
#3032 = DIRECTION ( 'NONE',  ( 1.000000000000000000, 0.0000000000000000000, 0.0000000000000000000 ) ) ;
#3033 = DIRECTION ( 'NONE',  ( 0.0000000000000000000, 0.0000000000000000000, -1.000000000000000000 ) ) ;
#3034 = CARTESIAN_POINT ( 'NONE',  ( -0.005000000000000000100, 0.1188688284627371100, -0.5510335675551548700 ) ) ;
#3035 = STYLED_ITEM ( 'NONE', ( #1523 ), #3018 ) ;
#3036 = AXIS2_PLACEMENT_3D ( 'NONE', #1210, #2290, #1688 ) ;
#3037 = EDGE_LOOP ( 'NONE', ( #577, #2719, #881, #1431 ) ) ;
#3038 =( NAMED_UNIT ( * ) PLANE_ANGLE_UNIT ( ) SI_UNIT ( $, .RADIAN. ) );
#3039 = FILL_AREA_STYLE ('',( #348 ) ) ;
#3040 = DIRECTION ( 'NONE',  ( 0.0000000000000000000, -0.9611542233438690200, -0.2760118818968558800 ) ) ;
#3041 = ORIENTED_EDGE ( 'NONE', *, *, #1952, .F. ) ;
#3042 = FILL_AREA_STYLE ('',( #3266 ) ) ;
#3043 = DIRECTION ( 'NONE',  ( 0.0000000000000000000, 0.0000000000000000000, 1.000000000000000000 ) ) ;
#3044 = PLANE ( 'NONE',  #1035 ) ;
#3045 = ORIENTED_EDGE ( 'NONE', *, *, #878, .T. ) ;
#3046 = SURFACE_STYLE_USAGE ( .BOTH. , #2254 ) ;
#3047 =( NAMED_UNIT ( * ) SI_UNIT ( $, .STERADIAN. ) SOLID_ANGLE_UNIT ( ) );
#3048 = PRESENTATION_LAYER_ASSIGNMENT (  '', '', ( #1232 ) ) ;
#3049 = LINE ( 'NONE', #1270, #1628 ) ;
#3050 = CARTESIAN_POINT ( 'NONE',  ( -0.005000000000000000100, 0.4706612939571652700, -1.570705373510844000 ) ) ;
#3051 = DIRECTION ( 'NONE',  ( 0.0000000000000000000, -0.004650693823678241100, 0.9999891854650021500 ) ) ;
#3052 = CARTESIAN_POINT ( 'NONE',  ( 5.888749999999999900, 0.0000000000000000000, 0.0000000000000000000 ) ) ;
#3053 = SURFACE_STYLE_FILL_AREA ( #1200 ) ;
#3054 = ORIENTED_EDGE ( 'NONE', *, *, #2729, .F. ) ;
#3055 = CIRCLE ( 'NONE', #1406, 0.2187500000000001900 ) ;
#3056 = COLOUR_RGB ( '',0.0000000000000000000, 0.0000000000000000000, 0.0000000000000000000 ) ;
#3057 =( NAMED_UNIT ( * ) SI_UNIT ( $, .STERADIAN. ) SOLID_ANGLE_UNIT ( ) );
#3058 = ADVANCED_FACE ( 'NONE', ( #2099 ), #1173, .F. ) ;
#3059 = ORIENTED_EDGE ( 'NONE', *, *, #1759, .T. ) ;
#3060 = STYLED_ITEM ( 'NONE', ( #436 ), #1238 ) ;
#3061 = DIRECTION ( 'NONE',  ( 0.0000000000000000000, -0.2765379750249952200, 0.9610029908221280300 ) ) ;
#3062 = FILL_AREA_STYLE_COLOUR ( '', #2391 ) ;
#3063 = STYLED_ITEM ( 'NONE', ( #2887 ), #3331 ) ;
#3064 = VERTEX_POINT ( 'NONE', #2961 ) ;
#3065 = CARTESIAN_POINT ( 'NONE',  ( 26.00000000000000000, 1.750000000000000000, 0.0000000000000000000 ) ) ;
#3066 = SURFACE_SIDE_STYLE ('',( #1176 ) ) ;
#3067 = ADVANCED_BREP_SHAPE_REPRESENTATION ( 'CAR_KP_8X6_D8.5L7S3.5F0.5', ( #3142, #2789, #2863, #1613, #1061 ), #1193 ) ;
#3068 = DIRECTION ( 'NONE',  ( 0.0000000000000000000, 0.0000000000000000000, -1.000000000000000000 ) ) ;
#3069 =( LENGTH_UNIT ( ) NAMED_UNIT ( * ) SI_UNIT ( .MILLI., .METRE. ) );
#3070 = UNCERTAINTY_MEASURE_WITH_UNIT (LENGTH_MEASURE( 1.000000000000000100E-005 ), #1975, 'distance_accuracy_value', 'NONE');
#3071 = DIRECTION ( 'NONE',  ( 0.0000000000000000000, -2.088488394260788600E-016, -1.000000000000000000 ) ) ;
#3072 = EDGE_CURVE ( 'NONE', #1045, #2939, #3254, .T. ) ;
#3073 = LINE ( 'NONE', #1639, #2341 ) ;
#3074 = ORIENTED_EDGE ( 'NONE', *, *, #2608, .F. ) ;
#3075 = ADVANCED_FACE ( 'NONE', ( #1927 ), #2198, .F. ) ;
#3076 = EDGE_CURVE ( 'NONE', #3220, #2680, #710, .T. ) ;
#3077 = SURFACE_STYLE_USAGE ( .BOTH. , #1246 ) ;
#3078 = SURFACE_STYLE_USAGE ( .BOTH. , #1723 ) ;
#3079 = CARTESIAN_POINT ( 'NONE',  ( -0.005000000000000000100, -0.4641000000000283800, 1.593651875561089100 ) ) ;
#3080 = LINE ( 'NONE', #103, #1743 ) ;
#3081 = CARTESIAN_POINT ( 'NONE',  ( -0.005000000000000000100, -0.4641000000000000100, -2.388500000000000500 ) ) ;
#3082 = MECHANICAL_DESIGN_GEOMETRIC_PRESENTATION_REPRESENTATION (  '', ( #1582 ), #533 ) ;
#3083 = CARTESIAN_POINT ( 'NONE',  ( 7.000000000000000000, 1.750000000000000000, 0.0000000000000000000 ) ) ;
#3084 = FILL_AREA_STYLE ('',( #3116 ) ) ;
#3085 = SURFACE_SIDE_STYLE ('',( #1255 ) ) ;
#3086 = PRESENTATION_LAYER_ASSIGNMENT (  '', '', ( #1786 ) ) ;
#3087 = ORIENTED_EDGE ( 'NONE', *, *, #3072, .T. ) ;
#3088 = FILL_AREA_STYLE_COLOUR ( '', #1492 ) ;
#3089 = FILL_AREA_STYLE ('',( #1259 ) ) ;
#3090 = SURFACE_STYLE_USAGE ( .BOTH. , #1260 ) ;
#3091 = ORIENTED_EDGE ( 'NONE', *, *, #3150, .F. ) ;
#3092 = DIRECTION ( 'NONE',  ( 0.0000000000000000000, 0.0000000000000000000, 1.000000000000000000 ) ) ;
#3093 = EDGE_CURVE ( 'NONE', #2639, #2642, #1400, .T. ) ;
#3094 = COLOUR_RGB ( '',0.8941176470588234600, 0.9137254901960784000, 0.9294117647058823800 ) ;
#3095 =( LENGTH_UNIT ( ) NAMED_UNIT ( * ) SI_UNIT ( .MILLI., .METRE. ) );
#3096 = DIRECTION ( 'NONE',  ( 0.0000000000000000000, 0.9610992334304873100, 0.2762033010290240200 ) ) ;
#3097 = EDGE_CURVE ( 'NONE', #2698, #1185, #2635, .T. ) ;
#3098 = ORIENTED_EDGE ( 'NONE', *, *, #956, .F. ) ;
#3099 = COLOUR_RGB ( '',0.0000000000000000000, 0.0000000000000000000, 0.0000000000000000000 ) ;
#3100 =( LENGTH_UNIT ( ) NAMED_UNIT ( * ) SI_UNIT ( .MILLI., .METRE. ) );
#3101 = DIRECTION ( 'NONE',  ( 0.0000000000000000000, 0.0000000000000000000, -1.000000000000000000 ) ) ;
#3102 = ORIENTED_EDGE ( 'NONE', *, *, #1576, .T. ) ;
#3103 = LINE ( 'NONE', #2022, #715 ) ;
#3104 = PRESENTATION_LAYER_ASSIGNMENT (  '', '', ( #368 ) ) ;
#3105 = ORIENTED_EDGE ( 'NONE', *, *, #2259, .F. ) ;
#3106 = STYLED_ITEM ( 'NONE', ( #2767 ), #2776 ) ;
#3107 = STYLED_ITEM ( 'NONE', ( #1016 ), #1656 ) ;
#3108 = SURFACE_STYLE_USAGE ( .BOTH. , #456 ) ;
#3109 = SURFACE_STYLE_FILL_AREA ( #923 ) ;
#3110 = ORIENTED_EDGE ( 'NONE', *, *, #1713, .F. ) ;
#3111 = DIRECTION ( 'NONE',  ( 0.0000000000000000000, 0.9615825319869135700, 0.2745159998572695400 ) ) ;
#3112 = CARTESIAN_POINT ( 'NONE',  ( 0.0000000000000000000, 0.2901762661091321600, 2.076730209328213000 ) ) ;
#3113 =( GEOMETRIC_REPRESENTATION_CONTEXT ( 3 ) GLOBAL_UNCERTAINTY_ASSIGNED_CONTEXT ( ( #1843 ) ) GLOBAL_UNIT_ASSIGNED_CONTEXT ( ( #1525, #1498, #749 ) ) REPRESENTATION_CONTEXT ( 'NONE', 'WORKASPACE' ) );
#3114 = SURFACE_STYLE_FILL_AREA ( #362 ) ;
#3115 = ORIENTED_EDGE ( 'NONE', *, *, #1412, .F. ) ;
#3116 = FILL_AREA_STYLE_COLOUR ( '', #321 ) ;
#3117 = EDGE_CURVE ( 'NONE', #13, #1710, #1256, .T. ) ;
#3118 = DIRECTION ( 'NONE',  ( 0.0000000000000000000, 0.0000000000000000000, -1.000000000000000000 ) ) ;
#3119 = DIRECTION ( 'NONE',  ( 0.0000000000000000000, 0.0000000000000000000, 1.000000000000000000 ) ) ;
#3120 = AXIS2_PLACEMENT_3D ( 'NONE', #12, #3202, #3177 ) ;
#3121 = ORIENTED_EDGE ( 'NONE', *, *, #1365, .F. ) ;
#3122 = ORIENTED_EDGE ( 'NONE', *, *, #1638, .F. ) ;
#3123 = AXIS2_PLACEMENT_3D ( 'NONE', #2492, #3031, #1453 ) ;
#3124 = COLOUR_RGB ( '',0.0000000000000000000, 0.0000000000000000000, 0.0000000000000000000 ) ;
#3125 = FILL_AREA_STYLE_COLOUR ( '', #2808 ) ;
#3126 = FACE_OUTER_BOUND ( 'NONE', #1725, .T. ) ;
#3127 = FACE_OUTER_BOUND ( 'NONE', #2012, .T. ) ;
#3128 = CARTESIAN_POINT ( 'NONE',  ( -0.005000000000000000100, 0.07204293857864706200, -1.967970823063391200 ) ) ;
#3129 = EDGE_CURVE ( 'NONE', #292, #3304, #1042, .T. ) ;
#3130 = ORIENTED_EDGE ( 'NONE', *, *, #3378, .T. ) ;
#3131 = EDGE_CURVE ( 'NONE', #2840, #1774, #1590, .T. ) ;
#3132 = ORIENTED_EDGE ( 'NONE', *, *, #1690, .T. ) ;
#3133 = DIRECTION ( 'NONE',  ( 0.0000000000000000000, 0.9237839814038914000, -0.3829140317376404900 ) ) ;
#3134 = SURFACE_SIDE_STYLE ('',( #510 ) ) ;
#3135 = PRESENTATION_LAYER_ASSIGNMENT (  '', '', ( #885 ) ) ;
#3136 = FACE_OUTER_BOUND ( 'NONE', #2883, .T. ) ;
#3137 = ORIENTED_EDGE ( 'NONE', *, *, #2729, .T. ) ;
#3138 = DIRECTION ( 'NONE',  ( 1.000000000000000000, 0.0000000000000000000, 0.0000000000000000000 ) ) ;
#3139 = AXIS2_PLACEMENT_3D ( 'NONE', #1954, #378, #2260 ) ;
#3140 =( NAMED_UNIT ( * ) SI_UNIT ( $, .STERADIAN. ) SOLID_ANGLE_UNIT ( ) );
#3141 = DIRECTION ( 'NONE',  ( 0.0000000000000000000, 0.9601763114327595000, 0.2793947940878290200 ) ) ;
#3142 = MANIFOLD_SOLID_BREP ( 'Fillet1', #791 ) ;
#3143 = CARTESIAN_POINT ( 'NONE',  ( 0.0000000000000000000, -0.4641000000000000100, -2.388500000000000500 ) ) ;
#3144 = CARTESIAN_POINT ( 'NONE',  ( 0.0000000000000000000, 0.4706612939571654900, 0.06608819870102282400 ) ) ;
#3145 = SURFACE_STYLE_FILL_AREA ( #2275 ) ;
#3146 = ORIENTED_EDGE ( 'NONE', *, *, #17, .T. ) ;
#3147 = TOROIDAL_SURFACE ( 'NONE', #1787, 4.050000000000000700, 0.2000000000000000100 ) ;
#3148 = DIRECTION ( 'NONE',  ( 0.0000000000000000000, 0.0000000000000000000, -1.000000000000000000 ) ) ;
#3149 = ORIENTED_EDGE ( 'NONE', *, *, #2368, .T. ) ;
#3150 = EDGE_CURVE ( 'NONE', #592, #23, #2925, .T. ) ;
#3151 = LINE ( 'NONE', #1055, #1309 ) ;
#3152 = CARTESIAN_POINT ( 'NONE',  ( -0.005000000000000000100, -0.4641000000000288200, -1.773493452664154600 ) ) ;
#3153 = ORIENTED_EDGE ( 'NONE', *, *, #1884, .F. ) ;
#3154 = CARTESIAN_POINT ( 'NONE',  ( -0.005000000000000000100, 0.2901762661115319700, 1.810514722201963700 ) ) ;
#3155 = FILL_AREA_STYLE_COLOUR ( '', #2582 ) ;
#3156 = STYLED_ITEM ( 'NONE', ( #418 ), #2720 ) ;
#3157 =( GEOMETRIC_REPRESENTATION_CONTEXT ( 3 ) GLOBAL_UNCERTAINTY_ASSIGNED_CONTEXT ( ( #522 ) ) GLOBAL_UNIT_ASSIGNED_CONTEXT ( ( #555, #3190, #1363 ) ) REPRESENTATION_CONTEXT ( 'NONE', 'WORKASPACE' ) );
#3158 = SURFACE_SIDE_STYLE ('',( #1623 ) ) ;
#3159 = LINE ( 'NONE', #3303, #2126 ) ;
#3160 = UNCERTAINTY_MEASURE_WITH_UNIT (LENGTH_MEASURE( 1.000000000000000100E-005 ), #973, 'distance_accuracy_value', 'NONE');
#3161 = SURFACE_SIDE_STYLE ('',( #38 ) ) ;
#3162 = CARTESIAN_POINT ( 'NONE',  ( -0.005000000000000000100, 0.1188688284627370000, -0.9522440450364015900 ) ) ;
#3163 = SURFACE_SIDE_STYLE ('',( #170 ) ) ;
#3164 = DIRECTION ( 'NONE',  ( 0.0000000000000000000, 0.0000000000000000000, -1.000000000000000000 ) ) ;
#3165 =( GEOMETRIC_REPRESENTATION_CONTEXT ( 3 ) GLOBAL_UNCERTAINTY_ASSIGNED_CONTEXT ( ( #422 ) ) GLOBAL_UNIT_ASSIGNED_CONTEXT ( ( #1473, #3038, #3282 ) ) REPRESENTATION_CONTEXT ( 'NONE', 'WORKASPACE' ) );
#3166 = EDGE_LOOP ( 'NONE', ( #2158, #1090, #1651, #64 ) ) ;
#3167 = DIRECTION ( 'NONE',  ( 0.0000000000000000000, 0.0000000000000000000, 1.000000000000000000 ) ) ;
#3168 = PLANE ( 'NONE',  #2139 ) ;
#3169 = COLOUR_RGB ( '',0.0000000000000000000, 0.0000000000000000000, 0.0000000000000000000 ) ;
#3170 = CLOSED_SHELL ( 'NONE', ( #1378, #1695, #2383, #2458, #1224, #177, #3075, #596, #2497, #1861, #650, #425, #1940, #385, #57, #2720, #949, #1347, #2776 ) ) ;
#3171 = FACE_OUTER_BOUND ( 'NONE', #1677, .T. ) ;
#3172 = CARTESIAN_POINT ( 'NONE',  ( -0.005000000000000000100, 0.2901762661115319700, 1.810514722201963700 ) ) ;
#3173 = EDGE_CURVE ( 'NONE', #358, #2142, #1252, .T. ) ;
#3174 = CARTESIAN_POINT ( 'NONE',  ( -0.005000000000000000100, 0.2901762661091321600, 2.076730209328213000 ) ) ;
#3175 = FACE_OUTER_BOUND ( 'NONE', #1390, .T. ) ;
#3176 = SURFACE_SIDE_STYLE ('',( #3290 ) ) ;
#3177 = DIRECTION ( 'NONE',  ( 0.0000000000000000000, 0.0000000000000000000, 1.000000000000000000 ) ) ;
#3178 = ORIENTED_EDGE ( 'NONE', *, *, #1010, .T. ) ;
#3179 = PRESENTATION_LAYER_ASSIGNMENT (  '', '', ( #866 ) ) ;
#3180 = DIRECTION ( 'NONE',  ( 0.0000000000000000000, 2.480431458422449600E-016, 1.000000000000000000 ) ) ;
#3181 = AXIS2_PLACEMENT_3D ( 'NONE', #2573, #229, #3387 ) ;
#3182 = LINE ( 'NONE', #407, #3023 ) ;
#3183 = PRESENTATION_LAYER_ASSIGNMENT (  '', '', ( #2122 ) ) ;
#3184 = DIRECTION ( 'NONE',  ( 0.0000000000000000000, 0.2759782365590523500, -0.9611638845409016300 ) ) ;
#3185 = SURFACE_STYLE_USAGE ( .BOTH. , #2674 ) ;
#3186 = ADVANCED_FACE ( 'NONE', ( #707 ), #171, .T. ) ;
#3187 = PRESENTATION_STYLE_ASSIGNMENT (( #3000 ) ) ;
#3188 = ORIENTED_EDGE ( 'NONE', *, *, #3076, .F. ) ;
#3189 = DIRECTION ( 'NONE',  ( 0.0000000000000000000, -2.043497108812546700E-016, -1.000000000000000000 ) ) ;
#3190 =( NAMED_UNIT ( * ) PLANE_ANGLE_UNIT ( ) SI_UNIT ( $, .RADIAN. ) );
#3191 = VECTOR ( 'NONE', #3111, 1000.000000000000000 ) ;
#3192 = EDGE_LOOP ( 'NONE', ( #961, #36, #1350, #1863 ) ) ;
#3193 = EDGE_CURVE ( 'NONE', #1470, #2658, #279, .T. ) ;
#3194 = COLOUR_RGB ( '',0.8941176470588234600, 0.9137254901960784000, 0.9294117647058823800 ) ;
#3195 = EDGE_LOOP ( 'NONE', ( #2393, #870, #2046, #1541 ) ) ;
#3196 = CARTESIAN_POINT ( 'NONE',  ( -0.005000000000000000100, -0.4641000000000289900, -0.3777621434046455900 ) ) ;
#3197 = CARTESIAN_POINT ( 'NONE',  ( 0.0000000000000000000, 0.4706612939571652700, -0.4252303785879496000 ) ) ;
#3198 = CIRCLE ( 'NONE', #2846, 0.2500000000000000000 ) ;
#3199 = AXIS2_PLACEMENT_3D ( 'NONE', #1264, #1218, #3148 ) ;
#3200 = COLOUR_RGB ( '',0.8980392156862745400, 0.9215686274509803400, 0.9294117647058823800 ) ;
#3201 = ORIENTED_EDGE ( 'NONE', *, *, #208, .F. ) ;
#3202 = DIRECTION ( 'NONE',  ( 0.0000000000000000000, 1.000000000000000000, 0.0000000000000000000 ) ) ;
#3203 = ADVANCED_FACE ( 'NONE', ( #821 ), #3003, .T. ) ;
#3204 = MECHANICAL_DESIGN_GEOMETRIC_PRESENTATION_REPRESENTATION (  '', ( #347 ), #2501 ) ;
#3205 = PRESENTATION_LAYER_ASSIGNMENT (  '', '', ( #1096 ) ) ;
#3206 = DIRECTION ( 'NONE',  ( 0.0000000000000000000, 0.2729786930694068100, -0.9620200793799049700 ) ) ;
#3207 = UNCERTAINTY_MEASURE_WITH_UNIT (LENGTH_MEASURE( 1.000000000000000100E-005 ), #2150, 'distance_accuracy_value', 'NONE');
#3208 = PLANE ( 'NONE',  #890 ) ;
#3209 = CARTESIAN_POINT ( 'NONE',  ( 7.000000000000000000, 5.204748896376250700E-016, -4.250000000000000000 ) ) ;
#3210 = ORIENTED_EDGE ( 'NONE', *, *, #769, .T. ) ;
#3211 = SURFACE_STYLE_FILL_AREA ( #1352 ) ;
#3212 = CARTESIAN_POINT ( 'NONE',  ( 0.0000000000000000000, -0.4641000000000286000, 0.6150746229693603300 ) ) ;
#3213 = CARTESIAN_POINT ( 'NONE',  ( 6.326249999999999900, 5.204748896376250700E-016, -4.250000000000000000 ) ) ;
#3214 = ORIENTED_EDGE ( 'NONE', *, *, #2671, .F. ) ;
#3215 = LINE ( 'NONE', #1421, #365 ) ;
#3216 = PRESENTATION_LAYER_ASSIGNMENT (  '', '', ( #685 ) ) ;
#3217 =( NAMED_UNIT ( * ) SI_UNIT ( $, .STERADIAN. ) SOLID_ANGLE_UNIT ( ) );
#3218 = PLANE ( 'NONE',  #937 ) ;
#3219 = PRESENTATION_STYLE_ASSIGNMENT (( #3251 ) ) ;
#3220 = VERTEX_POINT ( 'NONE', #168 ) ;
#3221 = DIRECTION ( 'NONE',  ( 0.0000000000000000000, 2.372545677633582300E-016, 1.000000000000000000 ) ) ;
#3222 = PLANE ( 'NONE',  #1718 ) ;
#3223 = DIRECTION ( 'NONE',  ( 1.000000000000000000, 0.0000000000000000000, 0.0000000000000000000 ) ) ;
#3224 = SURFACE_STYLE_FILL_AREA ( #871 ) ;
#3225 =( GEOMETRIC_REPRESENTATION_CONTEXT ( 3 ) GLOBAL_UNCERTAINTY_ASSIGNED_CONTEXT ( ( #2190 ) ) GLOBAL_UNIT_ASSIGNED_CONTEXT ( ( #2019, #2786, #1974 ) ) REPRESENTATION_CONTEXT ( 'NONE', 'WORKASPACE' ) );
#3226 = MECHANICAL_DESIGN_GEOMETRIC_PRESENTATION_REPRESENTATION (  '', ( #3060 ), #3157 ) ;
#3227 = CARTESIAN_POINT ( 'NONE',  ( -0.005000000000000000100, 0.1188375638308398200, 1.448532829377931200 ) ) ;
#3228 =( NAMED_UNIT ( * ) PLANE_ANGLE_UNIT ( ) SI_UNIT ( $, .RADIAN. ) );
#3229 = MECHANICAL_DESIGN_GEOMETRIC_PRESENTATION_REPRESENTATION (  '', ( #297 ), #704 ) ;
#3230 = ORIENTED_EDGE ( 'NONE', *, *, #1031, .F. ) ;
#3231 =( LENGTH_UNIT ( ) NAMED_UNIT ( * ) SI_UNIT ( .MILLI., .METRE. ) );
#3232 = DIRECTION ( 'NONE',  ( 1.000000000000000000, 0.0000000000000000000, 0.0000000000000000000 ) ) ;
#3233 =( NAMED_UNIT ( * ) PLANE_ANGLE_UNIT ( ) SI_UNIT ( $, .RADIAN. ) );
#3234 = EDGE_LOOP ( 'NONE', ( #516, #3030, #2617, #1869 ) ) ;
#3235 = ADVANCED_FACE ( 'NONE', ( #3127 ), #411, .F. ) ;
#3236 = EDGE_CURVE ( 'NONE', #1890, #1013, #2058, .T. ) ;
#3237 = DIRECTION ( 'NONE',  ( 0.0000000000000000000, 0.9610876102172872800, 0.2762437428917141600 ) ) ;
#3238 = CARTESIAN_POINT ( 'NONE',  ( -0.005000000000000000100, 0.1188688284627370000, -0.9522440450364015900 ) ) ;
#3239 = ORIENTED_EDGE ( 'NONE', *, *, #2461, .F. ) ;
#3240 = EDGE_CURVE ( 'NONE', #2526, #2879, #3286, .T. ) ;
#3241 = VECTOR ( 'NONE', #2185, 1000.000000000000000 ) ;
#3242 = FILL_AREA_STYLE ('',( #1946 ) ) ;
#3243 = SURFACE_SIDE_STYLE ('',( #1873 ) ) ;
#3244 = VECTOR ( 'NONE', #2413, 1000.000000000000000 ) ;
#3245 = VERTEX_POINT ( 'NONE', #2763 ) ;
#3246 = CYLINDRICAL_SURFACE ( 'NONE', #1245, 4.250000000000000000 ) ;
#3247 = UNCERTAINTY_MEASURE_WITH_UNIT (LENGTH_MEASURE( 1.000000000000000100E-005 ), #1792, 'distance_accuracy_value', 'NONE');
#3248 = VECTOR ( 'NONE', #3141, 1000.000000000000200 ) ;
#3249 = UNCERTAINTY_MEASURE_WITH_UNIT (LENGTH_MEASURE( 1.000000000000000100E-005 ), #1574, 'distance_accuracy_value', 'NONE');
#3250 = MECHANICAL_DESIGN_GEOMETRIC_PRESENTATION_REPRESENTATION (  '', ( #536 ), #2967 ) ;
#3251 = SURFACE_STYLE_USAGE ( .BOTH. , #1121 ) ;
#3252 = PRESENTATION_LAYER_ASSIGNMENT (  '', '', ( #2660 ) ) ;
#3253 = FACE_OUTER_BOUND ( 'NONE', #231, .T. ) ;
#3254 = LINE ( 'NONE', #2748, #1764 ) ;
#3255 = VERTEX_POINT ( 'NONE', #3112 ) ;
#3256 = CARTESIAN_POINT ( 'NONE',  ( -0.005000000000000000100, 0.2901762661115319700, 1.810514722201963700 ) ) ;
#3257 = DIRECTION ( 'NONE',  ( 1.000000000000000000, -0.0000000000000000000, -0.0000000000000000000 ) ) ;
#3258 = ORIENTED_EDGE ( 'NONE', *, *, #953, .T. ) ;
#3259 = DIRECTION ( 'NONE',  ( 0.0000000000000000000, 3.986449806627384100E-016, 1.000000000000000000 ) ) ;
#3260 = CARTESIAN_POINT ( 'NONE',  ( 0.0000000000000000000, 0.2927342813417931900, -0.9016521882828797400 ) ) ;
#3261 = VERTEX_POINT ( 'NONE', #2594 ) ;
#3262 = PRESENTATION_STYLE_ASSIGNMENT (( #2169 ) ) ;
#3263 = EDGE_CURVE ( 'NONE', #437, #1754, #2091, .T. ) ;
#3264 = CARTESIAN_POINT ( 'NONE',  ( -0.005000000000000000100, -0.05393646921773419900, 1.399174504413717800 ) ) ;
#3265 =( NAMED_UNIT ( * ) SI_UNIT ( $, .STERADIAN. ) SOLID_ANGLE_UNIT ( ) );
#3266 = FILL_AREA_STYLE_COLOUR ( '', #1776 ) ;
#3267 = DIRECTION ( 'NONE',  ( 0.0000000000000000000, -0.004650693823678241100, 0.9999891854650020400 ) ) ;
#3268 =( GEOMETRIC_REPRESENTATION_CONTEXT ( 3 ) GLOBAL_UNCERTAINTY_ASSIGNED_CONTEXT ( ( #655 ) ) GLOBAL_UNIT_ASSIGNED_CONTEXT ( ( #428, #700, #2538 ) ) REPRESENTATION_CONTEXT ( 'NONE', 'WORKASPACE' ) );
#3269 = CARTESIAN_POINT ( 'NONE',  ( -0.005000000000000000100, -0.1971441846550018600, 0.03013995228619021500 ) ) ;
#3270 = ORIENTED_EDGE ( 'NONE', *, *, #3240, .F. ) ;
#3271 = CARTESIAN_POINT ( 'NONE',  ( 0.0000000000000000000, 0.3680934099909672900, -0.1388150986193753000 ) ) ;
#3272 = MECHANICAL_DESIGN_GEOMETRIC_PRESENTATION_REPRESENTATION (  '', ( #3106 ), #26 ) ;
#3273 = ORIENTED_EDGE ( 'NONE', *, *, #2334, .F. ) ;
#3274 = CARTESIAN_POINT ( 'NONE',  ( 0.0000000000000000000, 0.0000000000000000000, 0.0000000000000000000 ) ) ;
#3275 = CARTESIAN_POINT ( 'NONE',  ( 0.0000000000000000000, -0.2862610967964894200, -0.5495612876816065000 ) ) ;
#3276 = DIRECTION ( 'NONE',  ( 1.000000000000000000, 0.0000000000000000000, 0.0000000000000000000 ) ) ;
#3277 = ORIENTED_EDGE ( 'NONE', *, *, #1010, .F. ) ;
#3278 = CARTESIAN_POINT ( 'NONE',  ( -0.005000000000000000100, 0.4706612939571654900, 0.3613496161570116700 ) ) ;
#3279 = ORIENTED_EDGE ( 'NONE', *, *, #133, .F. ) ;
#3280 = SURFACE_STYLE_FILL_AREA ( #128 ) ;
#3281 = FACE_OUTER_BOUND ( 'NONE', #1855, .T. ) ;
#3282 =( NAMED_UNIT ( * ) SI_UNIT ( $, .STERADIAN. ) SOLID_ANGLE_UNIT ( ) );
#3283 = DIRECTION ( 'NONE',  ( 0.0000000000000000000, 0.05375259206908282500, -0.9985542843760948400 ) ) ;
#3284 = EDGE_CURVE ( 'NONE', #2121, #644, #947, .T. ) ;
#3285 = PRESENTATION_STYLE_ASSIGNMENT (( #712 ) ) ;
#3286 = LINE ( 'NONE', #3081, #2596 ) ;
#3287 = CARTESIAN_POINT ( 'NONE',  ( -0.005000000000000000100, -0.4641000000000288200, -1.489076266063151800 ) ) ;
#3288 =( LENGTH_UNIT ( ) NAMED_UNIT ( * ) SI_UNIT ( .MILLI., .METRE. ) );
#3289 = ADVANCED_FACE ( 'NONE', ( #1875 ), #3246, .T. ) ;
#3290 = SURFACE_STYLE_FILL_AREA ( #1362 ) ;
#3291 = STYLED_ITEM ( 'NONE', ( #2785 ), #825 ) ;
#3292 = SURFACE_STYLE_USAGE ( .BOTH. , #1458 ) ;
#3293 = ORIENTED_EDGE ( 'NONE', *, *, #1838, .T. ) ;
#3294 = VECTOR ( 'NONE', #2881, 1000.000000000000000 ) ;
#3295 = DIRECTION ( 'NONE',  ( 0.0000000000000000000, -0.002813301676022606200, 0.9999960426590096500 ) ) ;
#3296 = DIRECTION ( 'NONE',  ( 0.0000000000000000000, 0.0000000000000000000, -1.000000000000000000 ) ) ;
#3297 = FILL_AREA_STYLE ('',( #1966 ) ) ;
#3298 = AXIS2_PLACEMENT_3D ( 'NONE', #909, #98, #1922 ) ;
#3299 = ORIENTED_EDGE ( 'NONE', *, *, #1135, .T. ) ;
#3300 = VECTOR ( 'NONE', #2532, 1000.000000000000000 ) ;
#3301 = LINE ( 'NONE', #1204, #1452 ) ;
#3302 = SURFACE_STYLE_USAGE ( .BOTH. , #189 ) ;
#3303 = CARTESIAN_POINT ( 'NONE',  ( -0.005000000000000000100, -0.4641000000000293200, -1.384787367582604100 ) ) ;
#3304 = VERTEX_POINT ( 'NONE', #3375 ) ;
#3305 =( LENGTH_UNIT ( ) NAMED_UNIT ( * ) SI_UNIT ( .MILLI., .METRE. ) );
#3306 = FACE_OUTER_BOUND ( 'NONE', #731, .T. ) ;
#3307 = EDGE_CURVE ( 'NONE', #3007, #1906, #2423, .T. ) ;
#3308 = ADVANCED_FACE ( 'NONE', ( #1041 ), #2013, .T. ) ;
#3309 = LINE ( 'NONE', #2506, #376 ) ;
#3310 = DIRECTION ( 'NONE',  ( 0.0000000000000000000, 0.9610674221107072800, 0.2763139702539114100 ) ) ;
#3311 = FILL_AREA_STYLE_COLOUR ( '', #2697 ) ;
#3312 = FILL_AREA_STYLE ('',( #2291 ) ) ;
#3313 = DIRECTION ( 'NONE',  ( 0.0000000000000000000, 0.0000000000000000000, -1.000000000000000000 ) ) ;
#3314 = COLOUR_RGB ( '',0.0000000000000000000, 0.0000000000000000000, 0.0000000000000000000 ) ;
#3315 = ORIENTED_EDGE ( 'NONE', *, *, #360, .T. ) ;
#3316 =( NAMED_UNIT ( * ) PLANE_ANGLE_UNIT ( ) SI_UNIT ( $, .RADIAN. ) );
#3317 = PRESENTATION_LAYER_ASSIGNMENT (  '', '', ( #2784 ) ) ;
#3318 = DIRECTION ( 'NONE',  ( 0.0000000000000000000, 0.0000000000000000000, -1.000000000000000000 ) ) ;
#3319 = ORIENTED_EDGE ( 'NONE', *, *, #1599, .T. ) ;
#3320 = CARTESIAN_POINT ( 'NONE',  ( 0.0000000000000000000, -0.05393646921773419900, 1.399174504413717800 ) ) ;
#3321 = CARTESIAN_POINT ( 'NONE',  ( -0.005000000000000000100, -0.4641000000000283800, 1.593651875561089100 ) ) ;
#3322 = PRESENTATION_LAYER_ASSIGNMENT (  '', '', ( #1379 ) ) ;
#3323 = FILL_AREA_STYLE ('',( #1980 ) ) ;
#3324 =( LENGTH_UNIT ( ) NAMED_UNIT ( * ) SI_UNIT ( .MILLI., .METRE. ) );
#3325 = CARTESIAN_POINT ( 'NONE',  ( 0.0000000000000000000, 0.4706612939571657200, 1.577871764587617500 ) ) ;
#3326 = VECTOR ( 'NONE', #1197, 1000.000000000000000 ) ;
#3327 = VERTEX_POINT ( 'NONE', #481 ) ;
#3328 = DIRECTION ( 'NONE',  ( 1.000000000000000000, 0.0000000000000000000, 0.0000000000000000000 ) ) ;
#3329 = FACE_OUTER_BOUND ( 'NONE', #2429, .T. ) ;
#3330 = ORIENTED_EDGE ( 'NONE', *, *, #878, .F. ) ;
#3331 = ADVANCED_FACE ( 'NONE', ( #779 ), #462, .F. ) ;
#3332 = CIRCLE ( 'NONE', #2299, 4.050000000000000700 ) ;
#3333 = CARTESIAN_POINT ( 'NONE',  ( 0.0000000000000000000, 0.1188375638308397100, 1.047384881157789300 ) ) ;
#3334 = VECTOR ( 'NONE', #1716, 1000.000000000000100 ) ;
#3335 = EDGE_CURVE ( 'NONE', #1292, #2954, #1391, .T. ) ;
#3336 = SURFACE_STYLE_FILL_AREA ( #2315 ) ;
#3337 = DIRECTION ( 'NONE',  ( 0.0000000000000000000, -1.000000000000000000, 1.213189754119656300E-016 ) ) ;
#3338 = DIRECTION ( 'NONE',  ( -1.000000000000000000, -0.0000000000000000000, -0.0000000000000000000 ) ) ;
#3339 = SURFACE_SIDE_STYLE ('',( #1029 ) ) ;
#3340 = COLOUR_RGB ( '',0.7921568627450980000, 0.8196078431372548800, 0.9333333333333333500 ) ;
#3341 = PRESENTATION_LAYER_ASSIGNMENT (  '', '', ( #990 ) ) ;
#3342 = ORIENTED_EDGE ( 'NONE', *, *, #1838, .F. ) ;
#3343 = PRESENTATION_LAYER_ASSIGNMENT (  '', '', ( #1670 ) ) ;
#3344 = ORIENTED_EDGE ( 'NONE', *, *, #1779, .F. ) ;
#3345 = PRESENTATION_LAYER_ASSIGNMENT (  '', '', ( #1301 ) ) ;
#3346 = VECTOR ( 'NONE', #1518, 1000.000000000000100 ) ;
#3347 = SURFACE_STYLE_FILL_AREA ( #1577 ) ;
#3348 = FILL_AREA_STYLE_COLOUR ( '', #1561 ) ;
#3349 = CARTESIAN_POINT ( 'NONE',  ( -0.005000000000000000100, 0.4706612939571657200, 2.384533340352226200 ) ) ;
#3350 = EDGE_LOOP ( 'NONE', ( #246, #2683, #1152, #2408 ) ) ;
#3351 = CARTESIAN_POINT ( 'NONE',  ( 0.0000000000000000000, -0.4641000000000283800, 1.593651875561089100 ) ) ;
#3352 = DIRECTION ( 'NONE',  ( 1.000000000000000000, 0.0000000000000000000, 0.0000000000000000000 ) ) ;
#3353 = CARTESIAN_POINT ( 'NONE',  ( -0.005000000000000000100, 0.4706612939571652700, -0.4252303785879496000 ) ) ;
#3354 = ORIENTED_EDGE ( 'NONE', *, *, #2387, .T. ) ;
#3355 =( NAMED_UNIT ( * ) PLANE_ANGLE_UNIT ( ) SI_UNIT ( $, .RADIAN. ) );
#3356 = CARTESIAN_POINT ( 'NONE',  ( 0.0000000000000000000, 0.2901762661115319700, 1.810514722201963700 ) ) ;
#3357 = PRESENTATION_STYLE_ASSIGNMENT (( #734 ) ) ;
#3358 =( GEOMETRIC_REPRESENTATION_CONTEXT ( 3 ) GLOBAL_UNCERTAINTY_ASSIGNED_CONTEXT ( ( #3247 ) ) GLOBAL_UNIT_ASSIGNED_CONTEXT ( ( #1792, #3391, #1297 ) ) REPRESENTATION_CONTEXT ( 'NONE', 'WORKASPACE' ) );
#3359 =( NAMED_UNIT ( * ) SI_UNIT ( $, .STERADIAN. ) SOLID_ANGLE_UNIT ( ) );
#3360 = SURFACE_SIDE_STYLE ('',( #611 ) ) ;
#3361 = EDGE_CURVE ( 'NONE', #2420, #592, #3332, .T. ) ;
#3362 = ORIENTED_EDGE ( 'NONE', *, *, #3072, .F. ) ;
#3363 = EDGE_CURVE ( 'NONE', #3393, #2050, #3198, .T. ) ;
#3364 =( NAMED_UNIT ( * ) SI_UNIT ( $, .STERADIAN. ) SOLID_ANGLE_UNIT ( ) );
#3365 = CARTESIAN_POINT ( 'NONE',  ( -0.005000000000000000100, -0.2862269899289315900, 0.9317682772827679000 ) ) ;
#3366 = AXIS2_PLACEMENT_3D ( 'NONE', #2074, #2108, #788 ) ;
#3367 = SURFACE_SIDE_STYLE ('',( #3347 ) ) ;
#3368 = ORIENTED_EDGE ( 'NONE', *, *, #1367, .F. ) ;
#3369 = PRESENTATION_LAYER_ASSIGNMENT (  '', '', ( #49 ) ) ;
#3370 = MECHANICAL_DESIGN_GEOMETRIC_PRESENTATION_REPRESENTATION (  '', ( #2771 ), #50 ) ;
#3371 = VECTOR ( 'NONE', #1724, 1000.000000000000000 ) ;
#3372 = EDGE_LOOP ( 'NONE', ( #7, #1941, #1600, #1141 ) ) ;
#3373 = CARTESIAN_POINT ( 'NONE',  ( -0.005000000000000000100, 0.4706612939571654900, 0.3613496161570116700 ) ) ;
#3374 = CARTESIAN_POINT ( 'NONE',  ( -0.005000000000000000100, -0.1971441846550018600, 0.03013995228619021500 ) ) ;
#3375 = CARTESIAN_POINT ( 'NONE',  ( 0.0000000000000000000, 0.4706612939571652700, -1.115800696540586400 ) ) ;
#3376 = LINE ( 'NONE', #1341, #2849 ) ;
#3377 =( NAMED_UNIT ( * ) PLANE_ANGLE_UNIT ( ) SI_UNIT ( $, .RADIAN. ) );
#3378 = EDGE_CURVE ( 'NONE', #2845, #1908, #484, .T. ) ;
#3379 = VECTOR ( 'NONE', #2934, 1000.000000000000100 ) ;
#3380 = SURFACE_SIDE_STYLE ('',( #1293 ) ) ;
#3381 = DIRECTION ( 'NONE',  ( 0.0000000000000000000, -7.938847109764682000E-005, 0.9999999968487352000 ) ) ;
#3382 = ORIENTED_EDGE ( 'NONE', *, *, #612, .T. ) ;
#3383 = LINE ( 'NONE', #3143, #615 ) ;
#3384 = FACE_OUTER_BOUND ( 'NONE', #3405, .T. ) ;
#3385 = STYLED_ITEM ( 'NONE', ( #2172 ), #564 ) ;
#3386 = ORIENTED_EDGE ( 'NONE', *, *, #741, .T. ) ;
#3387 = DIRECTION ( 'NONE',  ( 0.0000000000000000000, -1.087414869261074600E-013, 1.000000000000000000 ) ) ;
#3388 = AXIS2_PLACEMENT_3D ( 'NONE', #541, #1522, #1329 ) ;
#3389 = EDGE_LOOP ( 'NONE', ( #102, #2644, #1006, #979 ) ) ;
#3390 = LINE ( 'NONE', #2971, #1372 ) ;
#3391 =( NAMED_UNIT ( * ) PLANE_ANGLE_UNIT ( ) SI_UNIT ( $, .RADIAN. ) );
#3392 = FILL_AREA_STYLE ('',( #3155 ) ) ;
#3393 = VERTEX_POINT ( 'NONE', #1811 ) ;
#3394 = DIRECTION ( 'NONE',  ( 0.0000000000000000000, 0.0000000000000000000, 1.000000000000000000 ) ) ;
#3395 = VECTOR ( 'NONE', #226, 1000.000000000000100 ) ;
#3396 = ORIENTED_EDGE ( 'NONE', *, *, #2205, .F. ) ;
#3397 = SURFACE_STYLE_USAGE ( .BOTH. , #2632 ) ;
#3398 = STYLED_ITEM ( 'NONE', ( #1349 ), #949 ) ;
#3399 = LINE ( 'NONE', #2756, #3326 ) ;
#3400 = ORIENTED_EDGE ( 'NONE', *, *, #2896, .F. ) ;
#3401 = CIRCLE ( 'NONE', #1915, 4.031250000000000000 ) ;
#3402 = EDGE_LOOP ( 'NONE', ( #807, #2090, #3273, #1202 ) ) ;
#3403 = SURFACE_STYLE_USAGE ( .BOTH. , #3360 ) ;
#3404 = DIRECTION ( 'NONE',  ( -0.0000000000000000000, -0.9610992334315856500, -0.2762033010252023000 ) ) ;
#3405 = EDGE_LOOP ( 'NONE', ( #196, #2409, #2559, #70 ) ) ;
#3406 = CARTESIAN_POINT ( 'NONE',  ( 0.0000000000000000000, 0.04345001279229223500, -1.699458807457130600 ) ) ;
#3407 = DIRECTION ( 'NONE',  ( 1.000000000000000000, 0.0000000000000000000, 0.0000000000000000000 ) ) ;
#3408 = EDGE_CURVE ( 'NONE', #2468, #314, #1584, .T. ) ;
#3409 = VERTEX_POINT ( 'NONE', #2394 ) ;
#3410 = VECTOR ( 'NONE', #705, 1000.000000000000000 ) ;
#3411 = PLANE ( 'NONE',  #2446 ) ;
#3412 = ORIENTED_EDGE ( 'NONE', *, *, #1254, .T. ) ;
#3413 = SURFACE_STYLE_USAGE ( .BOTH. , #3380 ) ;
ENDSEC;
END-ISO-10303-21;
