ISO-10303-21;
HEADER;
FILE_DESCRIPTION (( 'STEP AP214' ),
    '1' );
FILE_NAME ('CAR_KP_8X8_D8.5L9S3.5F0.65.STEP',
    '2019-12-10T15:02:46',
    ( '' ),
    ( '' ),
    'SwSTEP 2.0',
    'SolidWorks 2014',
    '' );
FILE_SCHEMA (( 'AUTOMOTIVE_DESIGN' ));
ENDSEC;

DATA;
#1 = AXIS2_PLACEMENT_3D ( 'NONE', #3048, #3352, #430 ) ;
#2 = CARTESIAN_POINT ( 'NONE',  ( 0.0000000000000000000, -0.4641000000000287100, 0.06373707393421716700 ) ) ;
#3 = VERTEX_POINT ( 'NONE', #425 ) ;
#4 = SURFACE_STYLE_USAGE ( .BOTH. , #2317 ) ;
#5 = EDGE_LOOP ( 'NONE', ( #1967, #2459, #2092, #983 ) ) ;
#6 =( NAMED_UNIT ( * ) SI_UNIT ( $, .STERADIAN. ) SOLID_ANGLE_UNIT ( ) );
#7 = VERTEX_POINT ( 'NONE', #3044 ) ;
#8 = AXIS2_PLACEMENT_3D ( 'NONE', #3126, #1779, #2072 ) ;
#9 = COLOUR_RGB ( '',0.0000000000000000000, 0.0000000000000000000, 0.0000000000000000000 ) ;
#10 = ORIENTED_EDGE ( 'NONE', *, *, #1215, .T. ) ;
#11 = PRESENTATION_STYLE_ASSIGNMENT (( #762 ) ) ;
#12 = SURFACE_STYLE_USAGE ( .BOTH. , #1571 ) ;
#13 = EDGE_CURVE ( 'NONE', #2283, #123, #3117, .T. ) ;
#14 =( LENGTH_UNIT ( ) NAMED_UNIT ( * ) SI_UNIT ( .MILLI., .METRE. ) );
#15 = SURFACE_SIDE_STYLE ('',( #1701 ) ) ;
#16 = SURFACE_STYLE_USAGE ( .BOTH. , #3149 ) ;
#17 = LINE ( 'NONE', #1844, #265 ) ;
#18 = STYLED_ITEM ( 'NONE', ( #808 ), #2209 ) ;
#19 = PLANE ( 'NONE',  #3390 ) ;
#20 = CARTESIAN_POINT ( 'NONE',  ( 24.00000000000000000, -1.750000000000000000, 0.0000000000000000000 ) ) ;
#21 = MECHANICAL_DESIGN_GEOMETRIC_PRESENTATION_REPRESENTATION (  '', ( #2762 ), #1668 ) ;
#22 = CARTESIAN_POINT ( 'NONE',  ( -0.005000000000000000100, -0.4641000000000286000, 0.5025787976740189200 ) ) ;
#23 = COLOUR_RGB ( '',0.0000000000000000000, 0.0000000000000000000, 0.0000000000000000000 ) ;
#24 = CARTESIAN_POINT ( 'NONE',  ( -0.005000000000000000100, 0.4706612939571652700, -0.3319935657280985200 ) ) ;
#25 = PRESENTATION_LAYER_ASSIGNMENT (  '', '', ( #2195 ) ) ;
#26 = PRESENTATION_STYLE_ASSIGNMENT (( #126 ) ) ;
#27 = VECTOR ( 'NONE', #2309, 1000.000000000000000 ) ;
#28 = FILL_AREA_STYLE_COLOUR ( '', #1059 ) ;
#29 = STYLED_ITEM ( 'NONE', ( #2328 ), #1420 ) ;
#30 = DIRECTION ( 'NONE',  ( -1.000000000000000000, -0.0000000000000000000, -0.0000000000000000000 ) ) ;
#31 = EDGE_CURVE ( 'NONE', #612, #2587, #282, .T. ) ;
#32 =( LENGTH_UNIT ( ) NAMED_UNIT ( * ) SI_UNIT ( .MILLI., .METRE. ) );
#33 = ORIENTED_EDGE ( 'NONE', *, *, #1546, .F. ) ;
#34 = LINE ( 'NONE', #2790, #3203 ) ;
#35 = DIRECTION ( 'NONE',  ( 0.0000000000000000000, 0.0000000000000000000, -1.000000000000000000 ) ) ;
#36 = DIRECTION ( 'NONE',  ( 1.000000000000000000, 0.0000000000000000000, 0.0000000000000000000 ) ) ;
#37 =( GEOMETRIC_REPRESENTATION_CONTEXT ( 3 ) GLOBAL_UNCERTAINTY_ASSIGNED_CONTEXT ( ( #2058 ) ) GLOBAL_UNIT_ASSIGNED_CONTEXT ( ( #2810, #2288, #3091 ) ) REPRESENTATION_CONTEXT ( 'NONE', 'WORKASPACE' ) );
#38 = LINE ( 'NONE', #2683, #3251 ) ;
#39 = ORIENTED_EDGE ( 'NONE', *, *, #3269, .F. ) ;
#40 = CARTESIAN_POINT ( 'NONE',  ( -0.005000000000000000100, -0.05393646921773419900, 1.399174504413717800 ) ) ;
#41 = ORIENTED_EDGE ( 'NONE', *, *, #2937, .T. ) ;
#42 = ADVANCED_FACE ( 'NONE', ( #1747 ), #1447, .F. ) ;
#43 = VERTEX_POINT ( 'NONE', #400 ) ;
#44 = CARTESIAN_POINT ( 'NONE',  ( 0.0000000000000000000, 0.2927342813417934100, -0.4757653905587055400 ) ) ;
#45 = UNCERTAINTY_MEASURE_WITH_UNIT (LENGTH_MEASURE( 1.000000000000000100E-005 ), #1333, 'distance_accuracy_value', 'NONE');
#46 = DIRECTION ( 'NONE',  ( 0.0000000000000000000, 0.9620200793799049700, 0.2729786930694068100 ) ) ;
#47 = SURFACE_SIDE_STYLE ('',( #3045 ) ) ;
#48 = EDGE_LOOP ( 'NONE', ( #1275, #127, #2750, #78 ) ) ;
#49 =( NAMED_UNIT ( * ) PLANE_ANGLE_UNIT ( ) SI_UNIT ( $, .RADIAN. ) );
#50 = PRESENTATION_STYLE_ASSIGNMENT (( #2516 ) ) ;
#51 = DIRECTION ( 'NONE',  ( 0.0000000000000000000, 0.2793947940878290800, -0.9601763114327596100 ) ) ;
#52 = EDGE_LOOP ( 'NONE', ( #2175, #2746, #2182, #2535 ) ) ;
#53 = MECHANICAL_DESIGN_GEOMETRIC_PRESENTATION_REPRESENTATION (  '', ( #2261 ), #3038 ) ;
#54 = ORIENTED_EDGE ( 'NONE', *, *, #530, .F. ) ;
#55 = SURFACE_STYLE_USAGE ( .BOTH. , #3204 ) ;
#56 = DIRECTION ( 'NONE',  ( 0.0000000000000000000, -0.9610029908221280300, -0.2765379750249952200 ) ) ;
#57 = DIRECTION ( 'NONE',  ( 0.0000000000000000000, 0.9612934544747654400, 0.2755265765474755900 ) ) ;
#58 = VECTOR ( 'NONE', #2272, 1000.000000000000100 ) ;
#59 = EDGE_CURVE ( 'NONE', #480, #3067, #1959, .T. ) ;
#60 = CARTESIAN_POINT ( 'NONE',  ( -0.005000000000000000100, 0.4706612939571657200, 2.384533340352226200 ) ) ;
#61 =( GEOMETRIC_REPRESENTATION_CONTEXT ( 3 ) GLOBAL_UNCERTAINTY_ASSIGNED_CONTEXT ( ( #1511 ) ) GLOBAL_UNIT_ASSIGNED_CONTEXT ( ( #1783, #1538, #1248 ) ) REPRESENTATION_CONTEXT ( 'NONE', 'WORKASPACE' ) );
#62 =( NAMED_UNIT ( * ) PLANE_ANGLE_UNIT ( ) SI_UNIT ( $, .RADIAN. ) );
#63 = VECTOR ( 'NONE', #2659, 1000.000000000000200 ) ;
#64 = AXIS2_PLACEMENT_3D ( 'NONE', #1683, #908, #2758 ) ;
#65 = FILL_AREA_STYLE_COLOUR ( '', #1513 ) ;
#66 = PLANE ( 'NONE',  #2832 ) ;
#67 = DIRECTION ( 'NONE',  ( 0.0000000000000000000, -0.8958676361827027100, -0.4443210308329064200 ) ) ;
#68 =( NAMED_UNIT ( * ) PLANE_ANGLE_UNIT ( ) SI_UNIT ( $, .RADIAN. ) );
#69 = CYLINDRICAL_SURFACE ( 'NONE', #1450, 0.3250000000000000100 ) ;
#70 = DIRECTION ( 'NONE',  ( 0.0000000000000000000, -0.2763173343569341700, 0.9610664548999087200 ) ) ;
#71 = MECHANICAL_DESIGN_GEOMETRIC_PRESENTATION_REPRESENTATION (  '', ( #610 ), #1300 ) ;
#72 = COLOUR_RGB ( '',0.0000000000000000000, 0.0000000000000000000, 0.0000000000000000000 ) ;
#73 = SURFACE_SIDE_STYLE ('',( #444 ) ) ;
#74 = ORIENTED_EDGE ( 'NONE', *, *, #1736, .F. ) ;
#75 = EDGE_CURVE ( 'NONE', #3067, #2952, #1509, .T. ) ;
#76 = ORIENTED_EDGE ( 'NONE', *, *, #2510, .T. ) ;
#77 = FILL_AREA_STYLE_COLOUR ( '', #2920 ) ;
#78 = ORIENTED_EDGE ( 'NONE', *, *, #3381, .T. ) ;
#79 = SURFACE_STYLE_USAGE ( .BOTH. , #2178 ) ;
#80 = SURFACE_SIDE_STYLE ('',( #429 ) ) ;
#81 = DIRECTION ( 'NONE',  ( 0.0000000000000000000, -2.104574761018632000E-016, -1.000000000000000000 ) ) ;
#82 = PRESENTATION_LAYER_ASSIGNMENT (  '', '', ( #2611 ) ) ;
#83 = VECTOR ( 'NONE', #1252, 1000.000000000000200 ) ;
#84 = VERTEX_POINT ( 'NONE', #1470 ) ;
#85 =( LENGTH_UNIT ( ) NAMED_UNIT ( * ) SI_UNIT ( .MILLI., .METRE. ) );
#86 = PRESENTATION_LAYER_ASSIGNMENT (  '', '', ( #2786 ) ) ;
#87 = ORIENTED_EDGE ( 'NONE', *, *, #1697, .T. ) ;
#88 = DIRECTION ( 'NONE',  ( 1.000000000000000000, 0.0000000000000000000, 0.0000000000000000000 ) ) ;
#89 = ORIENTED_EDGE ( 'NONE', *, *, #3013, .F. ) ;
#90 = DIRECTION ( 'NONE',  ( 1.000000000000000000, 0.0000000000000000000, 0.0000000000000000000 ) ) ;
#91 = AXIS2_PLACEMENT_3D ( 'NONE', #40, #2198, #1694 ) ;
#92 = FILL_AREA_STYLE ('',( #3257 ) ) ;
#93 = EDGE_LOOP ( 'NONE', ( #3256, #1807, #1485, #402 ) ) ;
#94 = STYLED_ITEM ( 'NONE', ( #3123 ), #1406 ) ;
#95 = EDGE_CURVE ( 'NONE', #2880, #1984, #1220, .T. ) ;
#96 =( NAMED_UNIT ( * ) SI_UNIT ( $, .STERADIAN. ) SOLID_ANGLE_UNIT ( ) );
#97 = EDGE_CURVE ( 'NONE', #2389, #1712, #519, .T. ) ;
#98 = PRESENTATION_STYLE_ASSIGNMENT (( #3111 ) ) ;
#99 =( GEOMETRIC_REPRESENTATION_CONTEXT ( 3 ) GLOBAL_UNCERTAINTY_ASSIGNED_CONTEXT ( ( #2768 ) ) GLOBAL_UNIT_ASSIGNED_CONTEXT ( ( #958, #2526, #1998 ) ) REPRESENTATION_CONTEXT ( 'NONE', 'WORKASPACE' ) );
#100 =( NAMED_UNIT ( * ) SI_UNIT ( $, .STERADIAN. ) SOLID_ANGLE_UNIT ( ) );
#101 = FACE_OUTER_BOUND ( 'NONE', #247, .T. ) ;
#102 = CARTESIAN_POINT ( 'NONE',  ( 0.0000000000000000000, 0.4706612939571652700, -1.263084146543252100 ) ) ;
#103 = PRESENTATION_STYLE_ASSIGNMENT (( #673 ) ) ;
#104 =( GEOMETRIC_REPRESENTATION_CONTEXT ( 3 ) GLOBAL_UNCERTAINTY_ASSIGNED_CONTEXT ( ( #1626 ) ) GLOBAL_UNIT_ASSIGNED_CONTEXT ( ( #2364, #3208, #2379 ) ) REPRESENTATION_CONTEXT ( 'NONE', 'WORKASPACE' ) );
#105 =( NAMED_UNIT ( * ) PLANE_ANGLE_UNIT ( ) SI_UNIT ( $, .RADIAN. ) );
#106 = LINE ( 'NONE', #3165, #3357 ) ;
#107 = PRESENTATION_STYLE_ASSIGNMENT (( #2170 ) ) ;
#108 = CARTESIAN_POINT ( 'NONE',  ( 0.0000000000000000000, 0.0000000000000000000, 0.0000000000000000000 ) ) ;
#109 = STYLED_ITEM ( 'NONE', ( #2689 ), #3334 ) ;
#110 = CARTESIAN_POINT ( 'NONE',  ( -0.005000000000000000100, -0.4641000000000289900, -0.3777621434046455900 ) ) ;
#111 = CARTESIAN_POINT ( 'NONE',  ( -0.005000000000000000100, 0.4706612939571652700, -2.119865767362318000 ) ) ;
#112 = LINE ( 'NONE', #1480, #1424 ) ;
#113 = PRODUCT ( 'CAR_KP_8X8_D8.5L9S3.5F0.65', 'CAR_KP_8X8_D8.5L9S3.5F0.65', '', ( #1498 ) ) ;
#114 = ORIENTED_EDGE ( 'NONE', *, *, #2558, .T. ) ;
#115 = SURFACE_SIDE_STYLE ('',( #2565 ) ) ;
#116 = MECHANICAL_DESIGN_GEOMETRIC_PRESENTATION_REPRESENTATION (  '', ( #2748 ), #289 ) ;
#117 = COLOUR_RGB ( '',0.0000000000000000000, 0.0000000000000000000, 0.0000000000000000000 ) ;
#118 = SURFACE_STYLE_FILL_AREA ( #2897 ) ;
#119 = VERTEX_POINT ( 'NONE', #1706 ) ;
#120 = CARTESIAN_POINT ( 'NONE',  ( 0.0000000000000000000, 0.4706612939571654900, 0.3613496161570116700 ) ) ;
#121 = ORIENTED_EDGE ( 'NONE', *, *, #1717, .F. ) ;
#122 = EDGE_CURVE ( 'NONE', #283, #1720, #34, .T. ) ;
#123 = VERTEX_POINT ( 'NONE', #2222 ) ;
#124 = FILL_AREA_STYLE ('',( #936 ) ) ;
#125 = COLOUR_RGB ( '',0.0000000000000000000, 0.0000000000000000000, 0.0000000000000000000 ) ;
#126 = SURFACE_STYLE_USAGE ( .BOTH. , #1692 ) ;
#127 = ORIENTED_EDGE ( 'NONE', *, *, #2998, .F. ) ;
#128 = DIRECTION ( 'NONE',  ( 0.0000000000000000000, -0.9610348236706634000, -0.2764273280489770200 ) ) ;
#129 = PRESENTATION_LAYER_ASSIGNMENT (  '', '', ( #2826 ) ) ;
#130 = LINE ( 'NONE', #1398, #2712 ) ;
#131 = ORIENTED_EDGE ( 'NONE', *, *, #1265, .F. ) ;
#132 = MECHANICAL_DESIGN_GEOMETRIC_PRESENTATION_REPRESENTATION (  '', ( #1160 ), #2481 ) ;
#133 = ORIENTED_EDGE ( 'NONE', *, *, #2307, .F. ) ;
#134 = CARTESIAN_POINT ( 'NONE',  ( 0.0000000000000000000, -0.1971441846550018600, 0.03013995228619021500 ) ) ;
#135 = APPLICATION_CONTEXT ( 'automotive_design' ) ;
#136 =( GEOMETRIC_REPRESENTATION_CONTEXT ( 3 ) GLOBAL_UNCERTAINTY_ASSIGNED_CONTEXT ( ( #680 ) ) GLOBAL_UNIT_ASSIGNED_CONTEXT ( ( #1340, #1853, #1587 ) ) REPRESENTATION_CONTEXT ( 'NONE', 'WORKASPACE' ) );
#137 = SURFACE_STYLE_USAGE ( .BOTH. , #1944 ) ;
#138 = FACE_OUTER_BOUND ( 'NONE', #2740, .T. ) ;
#139 = SURFACE_STYLE_USAGE ( .BOTH. , #1148 ) ;
#140 = PRESENTATION_STYLE_ASSIGNMENT (( #3172 ) ) ;
#141 = DIRECTION ( 'NONE',  ( 0.0000000000000000000, 0.0000000000000000000, 1.000000000000000000 ) ) ;
#142 = UNCERTAINTY_MEASURE_WITH_UNIT (LENGTH_MEASURE( 1.000000000000000100E-005 ), #725, 'distance_accuracy_value', 'NONE');
#143 = CARTESIAN_POINT ( 'NONE',  ( 0.0000000000000000000, 0.4706612939571654900, 0.7713295621164777400 ) ) ;
#144 = MECHANICAL_DESIGN_GEOMETRIC_PRESENTATION_REPRESENTATION (  '', ( #731 ), #3094 ) ;
#145 =( LENGTH_UNIT ( ) NAMED_UNIT ( * ) SI_UNIT ( .MILLI., .METRE. ) );
#146 = LINE ( 'NONE', #2099, #2233 ) ;
#147 =( GEOMETRIC_REPRESENTATION_CONTEXT ( 3 ) GLOBAL_UNCERTAINTY_ASSIGNED_CONTEXT ( ( #2453 ) ) GLOBAL_UNIT_ASSIGNED_CONTEXT ( ( #566, #2402, #2624 ) ) REPRESENTATION_CONTEXT ( 'NONE', 'WORKASPACE' ) );
#148 = FILL_AREA_STYLE_COLOUR ( '', #981 ) ;
#149 = CARTESIAN_POINT ( 'NONE',  ( 27.99999999999999600, 1.750000000000000000, 0.0000000000000000000 ) ) ;
#150 = STYLED_ITEM ( 'NONE', ( #2160 ), #436 ) ;
#151 = SURFACE_SIDE_STYLE ('',( #3081 ) ) ;
#152 = VERTEX_POINT ( 'NONE', #2013 ) ;
#153 = ORIENTED_EDGE ( 'NONE', *, *, #2692, .F. ) ;
#154 = DIRECTION ( 'NONE',  ( 0.0000000000000000000, 0.0000000000000000000, -1.000000000000000000 ) ) ;
#155 = DIRECTION ( 'NONE',  ( 1.000000000000000000, 0.0000000000000000000, 0.0000000000000000000 ) ) ;
#156 = ORIENTED_EDGE ( 'NONE', *, *, #2312, .T. ) ;
#157 = EDGE_CURVE ( 'NONE', #857, #1469, #2538, .T. ) ;
#158 = SURFACE_STYLE_USAGE ( .BOTH. , #1724 ) ;
#159 = CARTESIAN_POINT ( 'NONE',  ( 0.0000000000000000000, -0.05393646921602029300, -0.6003918925204553300 ) ) ;
#160 = PRESENTATION_STYLE_ASSIGNMENT (( #2104 ) ) ;
#161 = EDGE_LOOP ( 'NONE', ( #331, #1021, #2004, #1881 ) ) ;
#162 = DIRECTION ( 'NONE',  ( 0.0000000000000000000, 0.0000000000000000000, -1.000000000000000000 ) ) ;
#163 = STYLED_ITEM ( 'NONE', ( #810 ), #295 ) ;
#164 = ORIENTED_EDGE ( 'NONE', *, *, #313, .F. ) ;
#165 =( LENGTH_UNIT ( ) NAMED_UNIT ( * ) SI_UNIT ( .MILLI., .METRE. ) );
#166 = FILL_AREA_STYLE_COLOUR ( '', #3341 ) ;
#167 = PRESENTATION_LAYER_ASSIGNMENT (  '', '', ( #832 ) ) ;
#168 = ORIENTED_EDGE ( 'NONE', *, *, #2028, .T. ) ;
#169 = DIRECTION ( 'NONE',  ( 0.0000000000000000000, -1.213189754119656300E-016, -1.000000000000000000 ) ) ;
#170 = CARTESIAN_POINT ( 'NONE',  ( 0.0000000000000000000, 0.2927342813417934100, -0.4757653905587055400 ) ) ;
#171 = ORIENTED_EDGE ( 'NONE', *, *, #2452, .T. ) ;
#172 = SURFACE_STYLE_USAGE ( .BOTH. , #1965 ) ;
#173 = PRESENTATION_LAYER_ASSIGNMENT (  '', '', ( #388 ) ) ;
#174 = PRESENTATION_STYLE_ASSIGNMENT (( #79 ) ) ;
#175 = PRESENTATION_LAYER_ASSIGNMENT (  '', '', ( #2135 ) ) ;
#176 = ADVANCED_FACE ( 'NONE', ( #2204 ), #1208, .F. ) ;
#177 = SURFACE_SIDE_STYLE ('',( #1939 ) ) ;
#178 = LINE ( 'NONE', #1791, #799 ) ;
#179 = SURFACE_SIDE_STYLE ('',( #2846 ) ) ;
#180 = CARTESIAN_POINT ( 'NONE',  ( -0.005000000000000000100, -0.4641000000000293200, -1.384787367582604100 ) ) ;
#181 = EDGE_CURVE ( 'NONE', #2833, #323, #2363, .T. ) ;
#182 = TOROIDAL_SURFACE ( 'NONE', #366, 4.050000000000000700, 0.2000000000000000100 ) ;
#183 = FILL_AREA_STYLE ('',( #219 ) ) ;
#184 = UNCERTAINTY_MEASURE_WITH_UNIT (LENGTH_MEASURE( 1.000000000000000100E-005 ), #2034, 'distance_accuracy_value', 'NONE');
#185 = DIRECTION ( 'NONE',  ( 0.0000000000000000000, -0.2762517575166151300, 0.9610853065513910200 ) ) ;
#186 = COLOUR_RGB ( '',0.0000000000000000000, 0.0000000000000000000, 0.0000000000000000000 ) ;
#187 = VECTOR ( 'NONE', #2666, 1000.000000000000200 ) ;
#188 = AXIS2_PLACEMENT_3D ( 'NONE', #666, #2507, #1497 ) ;
#189 = DIRECTION ( 'NONE',  ( 0.0000000000000000000, 0.0000000000000000000, 1.000000000000000000 ) ) ;
#190 = COLOUR_RGB ( '',0.8980392156862745400, 0.9215686274509803400, 0.9294117647058823800 ) ;
#191 = DIRECTION ( 'NONE',  ( 0.0000000000000000000, 0.0000000000000000000, -1.000000000000000000 ) ) ;
#192 = LINE ( 'NONE', #1458, #2277 ) ;
#193 = ORIENTED_EDGE ( 'NONE', *, *, #2118, .F. ) ;
#194 =( NAMED_UNIT ( * ) SI_UNIT ( $, .STERADIAN. ) SOLID_ANGLE_UNIT ( ) );
#195 =( NAMED_UNIT ( * ) SI_UNIT ( $, .STERADIAN. ) SOLID_ANGLE_UNIT ( ) );
#196 = ADVANCED_FACE ( 'NONE', ( #3242 ), #2778, .T. ) ;
#197 = ORIENTED_EDGE ( 'NONE', *, *, #1380, .T. ) ;
#198 =( GEOMETRIC_REPRESENTATION_CONTEXT ( 3 ) GLOBAL_UNCERTAINTY_ASSIGNED_CONTEXT ( ( #3250 ) ) GLOBAL_UNIT_ASSIGNED_CONTEXT ( ( #3266, #2725, #2747 ) ) REPRESENTATION_CONTEXT ( 'NONE', 'WORKASPACE' ) );
#199 = ORIENTED_EDGE ( 'NONE', *, *, #3328, .T. ) ;
#200 = DIRECTION ( 'NONE',  ( 0.0000000000000000000, 0.0000000000000000000, -1.000000000000000000 ) ) ;
#201 = ORIENTED_EDGE ( 'NONE', *, *, #722, .F. ) ;
#202 = DIRECTION ( 'NONE',  ( 0.0000000000000000000, 0.2745159998572695400, -0.9615825319869135700 ) ) ;
#203 =( GEOMETRIC_REPRESENTATION_CONTEXT ( 3 ) GLOBAL_UNCERTAINTY_ASSIGNED_CONTEXT ( ( #3023 ) ) GLOBAL_UNIT_ASSIGNED_CONTEXT ( ( #898, #2709, #1667 ) ) REPRESENTATION_CONTEXT ( 'NONE', 'WORKASPACE' ) );
#204 = EDGE_CURVE ( 'NONE', #7, #1324, #1833, .T. ) ;
#205 = DIRECTION ( 'NONE',  ( 1.000000000000000000, 0.0000000000000000000, 0.0000000000000000000 ) ) ;
#206 = EDGE_LOOP ( 'NONE', ( #376, #2591, #1061, #171 ) ) ;
#207 = FILL_AREA_STYLE ('',( #3043 ) ) ;
#208 = CARTESIAN_POINT ( 'NONE',  ( 24.00000000000000000, -1.750000000000000000, 0.0000000000000000000 ) ) ;
#209 = LINE ( 'NONE', #2441, #2253 ) ;
#210 = EDGE_CURVE ( 'NONE', #2840, #833, #2080, .T. ) ;
#211 = ORIENTED_EDGE ( 'NONE', *, *, #1435, .F. ) ;
#212 = STYLED_ITEM ( 'NONE', ( #1704 ), #1989 ) ;
#213 = SURFACE_STYLE_USAGE ( .BOTH. , #2024 ) ;
#214 = VERTEX_POINT ( 'NONE', #3132 ) ;
#215 = SURFACE_STYLE_USAGE ( .BOTH. , #2049 ) ;
#216 = DIRECTION ( 'NONE',  ( 0.0000000000000000000, 0.3725077383643322600, 0.9280290862137297000 ) ) ;
#217 =( NAMED_UNIT ( * ) PLANE_ANGLE_UNIT ( ) SI_UNIT ( $, .RADIAN. ) );
#218 = DIRECTION ( 'NONE',  ( -1.000000000000000000, -0.0000000000000000000, -0.0000000000000000000 ) ) ;
#219 = FILL_AREA_STYLE_COLOUR ( '', #72 ) ;
#220 = UNCERTAINTY_MEASURE_WITH_UNIT (LENGTH_MEASURE( 1.000000000000000100E-005 ), #2392, 'distance_accuracy_value', 'NONE');
#221 = LINE ( 'NONE', #266, #884 ) ;
#222 = STYLED_ITEM ( 'NONE', ( #368 ), #1104 ) ;
#223 = COLOUR_RGB ( '',0.0000000000000000000, 0.0000000000000000000, 0.0000000000000000000 ) ;
#224 = EDGE_CURVE ( 'NONE', #2545, #682, #3408, .T. ) ;
#225 = SURFACE_STYLE_FILL_AREA ( #1936 ) ;
#226 = FILL_AREA_STYLE ('',( #1003 ) ) ;
#227 = UNCERTAINTY_MEASURE_WITH_UNIT (LENGTH_MEASURE( 1.000000000000000100E-005 ), #1376, 'distance_accuracy_value', 'NONE');
#228 = COLOUR_RGB ( '',0.0000000000000000000, 0.0000000000000000000, 0.0000000000000000000 ) ;
#229 = FILL_AREA_STYLE_COLOUR ( '', #1465 ) ;
#230 = EDGE_CURVE ( 'NONE', #825, #1560, #935, .T. ) ;
#231 = ADVANCED_FACE ( 'NONE', ( #2454 ), #2570, .F. ) ;
#232 = LINE ( 'NONE', #3148, #2814 ) ;
#233 = LINE ( 'NONE', #1066, #2946 ) ;
#234 = ORIENTED_EDGE ( 'NONE', *, *, #2470, .T. ) ;
#235 = MECHANICAL_DESIGN_GEOMETRIC_PRESENTATION_REPRESENTATION (  '', ( #2611 ), #878 ) ;
#236 = COLOUR_RGB ( '',0.8941176470588234600, 0.9137254901960784000, 0.9294117647058823800 ) ;
#237 = CARTESIAN_POINT ( 'NONE',  ( 8.133749999999999100, 0.0000000000000000000, 0.0000000000000000000 ) ) ;
#238 = PRESENTATION_STYLE_ASSIGNMENT (( #914 ) ) ;
#239 = ORIENTED_EDGE ( 'NONE', *, *, #1131, .F. ) ;
#240 = VERTEX_POINT ( 'NONE', #2043 ) ;
#241 = CARTESIAN_POINT ( 'NONE',  ( -0.005000000000000000100, 0.07204293857864706200, -1.967970823063391200 ) ) ;
#242 = FILL_AREA_STYLE ('',( #740 ) ) ;
#243 = DIRECTION ( 'NONE',  ( -1.000000000000000000, -0.0000000000000000000, -0.0000000000000000000 ) ) ;
#244 = ORIENTED_EDGE ( 'NONE', *, *, #277, .T. ) ;
#245 = CARTESIAN_POINT ( 'NONE',  ( 0.0000000000000000000, -0.4641000000000284300, 1.321314205319506200 ) ) ;
#246 = STYLED_ITEM ( 'NONE', ( #873 ), #760 ) ;
#247 = EDGE_LOOP ( 'NONE', ( #370, #643, #2424, #2800 ) ) ;
#248 = DIRECTION ( 'NONE',  ( 1.000000000000000000, 0.0000000000000000000, 0.0000000000000000000 ) ) ;
#249 = CARTESIAN_POINT ( 'NONE',  ( -0.005000000000000000100, 0.4706612939571652700, -0.4252303785879496000 ) ) ;
#250 = UNCERTAINTY_MEASURE_WITH_UNIT (LENGTH_MEASURE( 1.000000000000000100E-005 ), #1270, 'distance_accuracy_value', 'NONE');
#251 = FACE_OUTER_BOUND ( 'NONE', #1103, .T. ) ;
#252 =( NAMED_UNIT ( * ) SI_UNIT ( $, .STERADIAN. ) SOLID_ANGLE_UNIT ( ) );
#253 = EDGE_LOOP ( 'NONE', ( #2955, #572, #2837, #3369 ) ) ;
#254 = EDGE_CURVE ( 'NONE', #3169, #865, #2865, .T. ) ;
#255 = SURFACE_STYLE_FILL_AREA ( #482 ) ;
#256 =( NAMED_UNIT ( * ) SI_UNIT ( $, .STERADIAN. ) SOLID_ANGLE_UNIT ( ) );
#257 = FILL_AREA_STYLE_COLOUR ( '', #1462 ) ;
#258 = ORIENTED_EDGE ( 'NONE', *, *, #638, .T. ) ;
#259 = SURFACE_SIDE_STYLE ('',( #438 ) ) ;
#260 =( NAMED_UNIT ( * ) PLANE_ANGLE_UNIT ( ) SI_UNIT ( $, .RADIAN. ) );
#261 = LINE ( 'NONE', #3276, #699 ) ;
#262 = DIRECTION ( 'NONE',  ( 1.000000000000000000, -0.0000000000000000000, -0.0000000000000000000 ) ) ;
#263 = MECHANICAL_DESIGN_GEOMETRIC_PRESENTATION_REPRESENTATION (  '', ( #2786 ), #788 ) ;
#264 = VECTOR ( 'NONE', #2020, 1000.000000000000000 ) ;
#265 = VECTOR ( 'NONE', #531, 1000.000000000000000 ) ;
#266 = CARTESIAN_POINT ( 'NONE',  ( -0.005000000000000000100, 0.4706612939571657200, 2.384533340352226200 ) ) ;
#267 = COLOUR_RGB ( '',0.0000000000000000000, 0.0000000000000000000, 0.0000000000000000000 ) ;
#268 =( GEOMETRIC_REPRESENTATION_CONTEXT ( 3 ) GLOBAL_UNCERTAINTY_ASSIGNED_CONTEXT ( ( #1153 ) ) GLOBAL_UNIT_ASSIGNED_CONTEXT ( ( #1893, #2690, #1102 ) ) REPRESENTATION_CONTEXT ( 'NONE', 'WORKASPACE' ) );
#269 = VECTOR ( 'NONE', #1993, 1000.000000000000200 ) ;
#270 = PRESENTATION_LAYER_ASSIGNMENT (  '', '', ( #222 ) ) ;
#271 = EDGE_CURVE ( 'NONE', #472, #1977, #675, .T. ) ;
#272 = COLOUR_RGB ( '',0.0000000000000000000, 0.0000000000000000000, 0.0000000000000000000 ) ;
#273 =( LENGTH_UNIT ( ) NAMED_UNIT ( * ) SI_UNIT ( .MILLI., .METRE. ) );
#274 = LINE ( 'NONE', #1914, #187 ) ;
#275 =( NAMED_UNIT ( * ) PLANE_ANGLE_UNIT ( ) SI_UNIT ( $, .RADIAN. ) );
#276 = SURFACE_STYLE_USAGE ( .BOTH. , #791 ) ;
#277 = EDGE_CURVE ( 'NONE', #1977, #3, #2275, .T. ) ;
#278 = SURFACE_STYLE_USAGE ( .BOTH. , #259 ) ;
#279 = AXIS2_PLACEMENT_3D ( 'NONE', #2751, #1962, #2480 ) ;
#280 = VECTOR ( 'NONE', #1705, 1000.000000000000000 ) ;
#281 = ORIENTED_EDGE ( 'NONE', *, *, #2356, .F. ) ;
#282 = LINE ( 'NONE', #679, #3249 ) ;
#283 = VERTEX_POINT ( 'NONE', #1038 ) ;
#284 = SURFACE_STYLE_USAGE ( .BOTH. , #2901 ) ;
#285 = VECTOR ( 'NONE', #591, 1000.000000000000000 ) ;
#286 = VERTEX_POINT ( 'NONE', #2348 ) ;
#287 = FILL_AREA_STYLE ('',( #2925 ) ) ;
#288 = VERTEX_POINT ( 'NONE', #2641 ) ;
#289 =( GEOMETRIC_REPRESENTATION_CONTEXT ( 3 ) GLOBAL_UNCERTAINTY_ASSIGNED_CONTEXT ( ( #435 ) ) GLOBAL_UNIT_ASSIGNED_CONTEXT ( ( #3034, #3007, #1439 ) ) REPRESENTATION_CONTEXT ( 'NONE', 'WORKASPACE' ) );
#290 = CARTESIAN_POINT ( 'NONE',  ( 0.0000000000000000000, -0.4641000000000289300, -0.1854619274410220200 ) ) ;
#291 = UNCERTAINTY_MEASURE_WITH_UNIT (LENGTH_MEASURE( 1.000000000000000100E-005 ), #2619, 'distance_accuracy_value', 'NONE');
#292 = ORIENTED_EDGE ( 'NONE', *, *, #1681, .F. ) ;
#293 = CARTESIAN_POINT ( 'NONE',  ( 0.0000000000000000000, 0.1188375638308398200, 1.448532829377931200 ) ) ;
#294 = SURFACE_STYLE_USAGE ( .BOTH. , #47 ) ;
#295 = ADVANCED_FACE ( 'NONE', ( #3064 ), #312, .F. ) ;
#296 = EDGE_CURVE ( 'NONE', #568, #1440, #558, .T. ) ;
#297 = ORIENTED_EDGE ( 'NONE', *, *, #157, .F. ) ;
#298 = CARTESIAN_POINT ( 'NONE',  ( -0.005000000000000000100, -0.4641000000000288200, -1.773493452664154600 ) ) ;
#299 = COLOUR_RGB ( '',0.0000000000000000000, 0.0000000000000000000, 0.0000000000000000000 ) ;
#300 = SURFACE_STYLE_USAGE ( .BOTH. , #1864 ) ;
#301 = VECTOR ( 'NONE', #1768, 1000.000000000000000 ) ;
#302 = VECTOR ( 'NONE', #2722, 1000.000000000000000 ) ;
#303 = CARTESIAN_POINT ( 'NONE',  ( -0.005000000000000000100, 0.1188375638308397100, 1.047384881157789300 ) ) ;
#304 = CARTESIAN_POINT ( 'NONE',  ( 7.571249999999998300, 5.204748896376250700E-016, 4.250000000000000000 ) ) ;
#305 = VECTOR ( 'NONE', #1808, 1000.000000000000000 ) ;
#306 = DIRECTION ( 'NONE',  ( 0.0000000000000000000, 0.0000000000000000000, -1.000000000000000000 ) ) ;
#307 = MECHANICAL_DESIGN_GEOMETRIC_PRESENTATION_REPRESENTATION (  '', ( #1073 ), #1949 ) ;
#308 = MECHANICAL_DESIGN_GEOMETRIC_PRESENTATION_REPRESENTATION (  '', ( #246 ), #3200 ) ;
#309 = LINE ( 'NONE', #2208, #2116 ) ;
#310 = ADVANCED_FACE ( 'NONE', ( #1913 ), #3198, .T. ) ;
#311 =( LENGTH_UNIT ( ) NAMED_UNIT ( * ) SI_UNIT ( .MILLI., .METRE. ) );
#312 = TOROIDAL_SURFACE ( 'NONE', #3033, 4.250000000000000000, 0.2812499999999998300 ) ;
#313 = EDGE_CURVE ( 'NONE', #362, #1518, #389, .T. ) ;
#314 = PLANE ( 'NONE',  #524 ) ;
#315 = ORIENTED_EDGE ( 'NONE', *, *, #2994, .F. ) ;
#316 = FILL_AREA_STYLE ('',( #1639 ) ) ;
#317 = CARTESIAN_POINT ( 'NONE',  ( -0.005000000000000000100, 0.2901559482957898300, 2.332659225181929100 ) ) ;
#318 = EDGE_LOOP ( 'NONE', ( #1892, #2819, #1591, #1230 ) ) ;
#319 =( LENGTH_UNIT ( ) NAMED_UNIT ( * ) SI_UNIT ( .MILLI., .METRE. ) );
#320 = ORIENTED_EDGE ( 'NONE', *, *, #1614, .F. ) ;
#321 = VERTEX_POINT ( 'NONE', #2653 ) ;
#322 = PRESENTATION_LAYER_ASSIGNMENT (  '', '', ( #1446 ) ) ;
#323 = VERTEX_POINT ( 'NONE', #501 ) ;
#324 = DIRECTION ( 'NONE',  ( 0.0000000000000000000, 0.9610674221107072800, 0.2763139702539114100 ) ) ;
#325 =( NAMED_UNIT ( * ) PLANE_ANGLE_UNIT ( ) SI_UNIT ( $, .RADIAN. ) );
#326 =( GEOMETRIC_REPRESENTATION_CONTEXT ( 3 ) GLOBAL_UNCERTAINTY_ASSIGNED_CONTEXT ( ( #2479 ) ) GLOBAL_UNIT_ASSIGNED_CONTEXT ( ( #830, #3199, #1621 ) ) REPRESENTATION_CONTEXT ( 'NONE', 'WORKASPACE' ) );
#327 = PLANE ( 'NONE',  #644 ) ;
#328 = VERTEX_POINT ( 'NONE', #245 ) ;
#329 = CARTESIAN_POINT ( 'NONE',  ( -0.005000000000000000100, 0.2901762661115319700, 1.810514722201963700 ) ) ;
#330 = UNCERTAINTY_MEASURE_WITH_UNIT (LENGTH_MEASURE( 1.000000000000000100E-005 ), #1079, 'distance_accuracy_value', 'NONE');
#331 = ORIENTED_EDGE ( 'NONE', *, *, #380, .F. ) ;
#332 = SURFACE_STYLE_USAGE ( .BOTH. , #73 ) ;
#333 = ORIENTED_EDGE ( 'NONE', *, *, #617, .T. ) ;
#334 = DIRECTION ( 'NONE',  ( 0.0000000000000000000, 0.2755265765474756400, -0.9612934544747655500 ) ) ;
#335 = VECTOR ( 'NONE', #1499, 1000.000000000000000 ) ;
#336 = PRESENTATION_STYLE_ASSIGNMENT (( #1699 ) ) ;
#337 = EDGE_CURVE ( 'NONE', #3004, #2742, #233, .T. ) ;
#338 = CARTESIAN_POINT ( 'NONE',  ( 0.0000000000000000000, 0.0000000000000000000, 0.0000000000000000000 ) ) ;
#339 = PRESENTATION_LAYER_ASSIGNMENT (  '', '', ( #3236 ) ) ;
#340 = CARTESIAN_POINT ( 'NONE',  ( -0.005000000000000000100, -0.4641000000000286000, 0.6150746229693603300 ) ) ;
#341 = TOROIDAL_SURFACE ( 'NONE', #3129, 4.050000000000000700, 0.2000000000000000100 ) ;
#342 = DIRECTION ( 'NONE',  ( 0.0000000000000000000, 1.000000000000000000, 0.0000000000000000000 ) ) ;
#343 = STYLED_ITEM ( 'NONE', ( #1413 ), #2324 ) ;
#344 = DIRECTION ( 'NONE',  ( 0.0000000000000000000, -0.7083077534943953400, -0.7059037656364519600 ) ) ;
#345 = VECTOR ( 'NONE', #1721, 1000.000000000000000 ) ;
#346 = CARTESIAN_POINT ( 'NONE',  ( 24.00000000000000000, -1.750000000000000000, 0.3250000000000000100 ) ) ;
#347 = MECHANICAL_DESIGN_GEOMETRIC_PRESENTATION_REPRESENTATION (  '', ( #388 ), #521 ) ;
#348 = SURFACE_STYLE_USAGE ( .BOTH. , #848 ) ;
#349 = VECTOR ( 'NONE', #1419, 1000.000000000000000 ) ;
#350 = DIRECTION ( 'NONE',  ( 0.0000000000000000000, 0.0000000000000000000, 1.000000000000000000 ) ) ;
#351 = VECTOR ( 'NONE', #1537, 1000.000000000000000 ) ;
#352 = FILL_AREA_STYLE ('',( #1880 ) ) ;
#353 =( GEOMETRIC_REPRESENTATION_CONTEXT ( 3 ) GLOBAL_UNCERTAINTY_ASSIGNED_CONTEXT ( ( #842 ) ) GLOBAL_UNIT_ASSIGNED_CONTEXT ( ( #1636, #1886, #846 ) ) REPRESENTATION_CONTEXT ( 'NONE', 'WORKASPACE' ) );
#354 = VECTOR ( 'NONE', #2883, 1000.000000000000000 ) ;
#355 = VECTOR ( 'NONE', #3360, 1000.000000000000000 ) ;
#356 = PLANE ( 'NONE',  #1612 ) ;
#357 = LINE ( 'NONE', #634, #2534 ) ;
#358 = ORIENTED_EDGE ( 'NONE', *, *, #1265, .T. ) ;
#359 = EDGE_CURVE ( 'NONE', #865, #742, #931, .T. ) ;
#360 = SURFACE_STYLE_FILL_AREA ( #3031 ) ;
#361 = CARTESIAN_POINT ( 'NONE',  ( 9.000000000000000000, 0.0000000000000000000, 0.0000000000000000000 ) ) ;
#362 = VERTEX_POINT ( 'NONE', #2895 ) ;
#363 = CARTESIAN_POINT ( 'NONE',  ( 0.0000000000000000000, -0.2862610967964894200, -1.067741274870060300 ) ) ;
#364 = PLANE ( 'NONE',  #188 ) ;
#365 = CARTESIAN_POINT ( 'NONE',  ( 0.0000000000000000000, 0.4706612939571652700, -0.4252303785879496000 ) ) ;
#366 = AXIS2_PLACEMENT_3D ( 'NONE', #2005, #962, #2531 ) ;
#367 = EDGE_LOOP ( 'NONE', ( #676, #3384, #2465, #3213 ) ) ;
#368 = PRESENTATION_STYLE_ASSIGNMENT (( #2731 ) ) ;
#369 = ADVANCED_FACE ( 'NONE', ( #3241 ), #69, .T. ) ;
#370 = ORIENTED_EDGE ( 'NONE', *, *, #3309, .T. ) ;
#371 = CARTESIAN_POINT ( 'NONE',  ( -0.005000000000000000100, 0.2927342813417931900, -0.9016521882828797400 ) ) ;
#372 = EDGE_LOOP ( 'NONE', ( #954, #1804, #1312, #3336 ) ) ;
#373 = STYLED_ITEM ( 'NONE', ( #1869 ), #383 ) ;
#374 = CARTESIAN_POINT ( 'NONE',  ( 9.000000000000000000, 1.750000000000000000, 0.3250000000000000100 ) ) ;
#375 = CARTESIAN_POINT ( 'NONE',  ( 24.00000000000000000, -1.750000000000000000, -0.3250000000000000100 ) ) ;
#376 = ORIENTED_EDGE ( 'NONE', *, *, #2821, .T. ) ;
#377 = PLANE ( 'NONE',  #279 ) ;
#378 = EDGE_CURVE ( 'NONE', #2587, #985, #3110, .T. ) ;
#379 = SURFACE_SIDE_STYLE ('',( #3221 ) ) ;
#380 = EDGE_CURVE ( 'NONE', #1558, #2502, #2488, .T. ) ;
#381 = SURFACE_STYLE_FILL_AREA ( #2126 ) ;
#382 = AXIS2_PLACEMENT_3D ( 'NONE', #471, #1769, #3112 ) ;
#383 = ADVANCED_FACE ( 'NONE', ( #1137 ), #1374, .F. ) ;
#384 = FACE_OUTER_BOUND ( 'NONE', #93, .T. ) ;
#385 = CARTESIAN_POINT ( 'NONE',  ( 0.0000000000000000000, -0.2862610967964894200, -0.5495612876816065000 ) ) ;
#386 = SURFACE_STYLE_FILL_AREA ( #352 ) ;
#387 = UNCERTAINTY_MEASURE_WITH_UNIT (LENGTH_MEASURE( 1.000000000000000100E-005 ), #2603, 'distance_accuracy_value', 'NONE');
#388 = STYLED_ITEM ( 'NONE', ( #174 ), #3354 ) ;
#389 = LINE ( 'NONE', #781, #2697 ) ;
#390 = SURFACE_SIDE_STYLE ('',( #3147 ) ) ;
#391 = VECTOR ( 'NONE', #1482, 1000.000000000000000 ) ;
#392 = EDGE_LOOP ( 'NONE', ( #2669, #244, #769, #2908, #1524, #441, #1895, #1924, #1801, #1484, #440, #607, #1601, #646, #2386, #2342, #1025 ) ) ;
#393 =( NAMED_UNIT ( * ) PLANE_ANGLE_UNIT ( ) SI_UNIT ( $, .RADIAN. ) );
#394 = AXIS2_PLACEMENT_3D ( 'NONE', #2756, #2743, #1983 ) ;
#395 = EDGE_CURVE ( 'NONE', #1796, #2411, #3361, .T. ) ;
#396 = ORIENTED_EDGE ( 'NONE', *, *, #2201, .F. ) ;
#397 = DIRECTION ( 'NONE',  ( 1.000000000000000000, 0.0000000000000000000, 0.0000000000000000000 ) ) ;
#398 = UNCERTAINTY_MEASURE_WITH_UNIT (LENGTH_MEASURE( 1.000000000000000100E-005 ), #3230, 'distance_accuracy_value', 'NONE');
#399 = ORIENTED_EDGE ( 'NONE', *, *, #2998, .T. ) ;
#400 = CARTESIAN_POINT ( 'NONE',  ( 0.0000000000000000000, -0.4641000000000289900, -0.3777621434046455900 ) ) ;
#401 = EDGE_CURVE ( 'NONE', #2782, #2331, #274, .T. ) ;
#402 = ORIENTED_EDGE ( 'NONE', *, *, #509, .T. ) ;
#403 = STYLED_ITEM ( 'NONE', ( #3405 ), #1872 ) ;
#404 = FILL_AREA_STYLE ('',( #1968 ) ) ;
#405 = CARTESIAN_POINT ( 'NONE',  ( 0.0000000000000000000, -0.2862269899289315900, 0.9317682772827679000 ) ) ;
#406 = ORIENTED_EDGE ( 'NONE', *, *, #617, .F. ) ;
#407 = ORIENTED_EDGE ( 'NONE', *, *, #2911, .T. ) ;
#408 =( NAMED_UNIT ( * ) SI_UNIT ( $, .STERADIAN. ) SOLID_ANGLE_UNIT ( ) );
#409 = STYLED_ITEM ( 'NONE', ( #26 ), #2519 ) ;
#410 = EDGE_LOOP ( 'NONE', ( #602, #1115, #2325, #856 ) ) ;
#411 = SURFACE_SIDE_STYLE ('',( #1834 ) ) ;
#412 = LINE ( 'NONE', #2647, #3137 ) ;
#413 =( GEOMETRIC_REPRESENTATION_CONTEXT ( 3 ) GLOBAL_UNCERTAINTY_ASSIGNED_CONTEXT ( ( #2886 ) ) GLOBAL_UNIT_ASSIGNED_CONTEXT ( ( #1113, #325, #594 ) ) REPRESENTATION_CONTEXT ( 'NONE', 'WORKASPACE' ) );
#414 = ORIENTED_EDGE ( 'NONE', *, *, #122, .T. ) ;
#415 = DIRECTION ( 'NONE',  ( 0.0000000000000000000, 0.0000000000000000000, -1.000000000000000000 ) ) ;
#416 =( GEOMETRIC_REPRESENTATION_CONTEXT ( 3 ) GLOBAL_UNCERTAINTY_ASSIGNED_CONTEXT ( ( #797 ) ) GLOBAL_UNIT_ASSIGNED_CONTEXT ( ( #2187, #1627, #2947 ) ) REPRESENTATION_CONTEXT ( 'NONE', 'WORKASPACE' ) );
#417 = EDGE_LOOP ( 'NONE', ( #642, #2914, #1751, #1799 ) ) ;
#418 = DIRECTION ( 'NONE',  ( 1.000000000000000000, 0.0000000000000000000, 0.0000000000000000000 ) ) ;
#419 = ADVANCED_FACE ( 'NONE', ( #1950 ), #2158, .F. ) ;
#420 =( LENGTH_UNIT ( ) NAMED_UNIT ( * ) SI_UNIT ( .MILLI., .METRE. ) );
#421 = UNCERTAINTY_MEASURE_WITH_UNIT (LENGTH_MEASURE( 1.000000000000000100E-005 ), #14, 'distance_accuracy_value', 'NONE');
#422 = SURFACE_STYLE_FILL_AREA ( #2915 ) ;
#423 = CARTESIAN_POINT ( 'NONE',  ( -0.005000000000000000100, 0.1188688284627370000, -0.9522440450364015900 ) ) ;
#424 = EDGE_CURVE ( 'NONE', #529, #2833, #2983, .T. ) ;
#425 = CARTESIAN_POINT ( 'NONE',  ( -0.005000000000000000100, 0.2901762661115319700, 1.810514722201963700 ) ) ;
#426 = PRESENTATION_STYLE_ASSIGNMENT (( #1011 ) ) ;
#427 = PRESENTATION_STYLE_ASSIGNMENT (( #1022 ) ) ;
#428 = FILL_AREA_STYLE ('',( #1520 ) ) ;
#429 = SURFACE_STYLE_FILL_AREA ( #3214 ) ;
#430 = DIRECTION ( 'NONE',  ( 0.0000000000000000000, 0.0000000000000000000, -1.000000000000000000 ) ) ;
#431 = FACE_OUTER_BOUND ( 'NONE', #1149, .T. ) ;
#432 = DIRECTION ( 'NONE',  ( 0.0000000000000000000, 0.0000000000000000000, -1.000000000000000000 ) ) ;
#433 = DIRECTION ( 'NONE',  ( 0.0000000000000000000, 0.6995643972268819100, 0.7145695586383381500 ) ) ;
#434 = DIRECTION ( 'NONE',  ( 1.000000000000000000, 0.0000000000000000000, 0.0000000000000000000 ) ) ;
#435 = UNCERTAINTY_MEASURE_WITH_UNIT (LENGTH_MEASURE( 1.000000000000000100E-005 ), #3034, 'distance_accuracy_value', 'NONE');
#436 = ADVANCED_FACE ( 'NONE', ( #1253 ), #1629, .F. ) ;
#437 = FACE_OUTER_BOUND ( 'NONE', #2868, .T. ) ;
#438 = SURFACE_STYLE_FILL_AREA ( #1048 ) ;
#439 = AXIS2_PLACEMENT_3D ( 'NONE', #963, #1490, #1722 ) ;
#440 = ORIENTED_EDGE ( 'NONE', *, *, #1047, .T. ) ;
#441 = ORIENTED_EDGE ( 'NONE', *, *, #401, .T. ) ;
#442 =( NAMED_UNIT ( * ) SI_UNIT ( $, .STERADIAN. ) SOLID_ANGLE_UNIT ( ) );
#443 = CARTESIAN_POINT ( 'NONE',  ( 0.0000000000000000000, 0.4706612939571652700, -1.570705373510844000 ) ) ;
#444 = SURFACE_STYLE_FILL_AREA ( #2986 ) ;
#445 = ORIENTED_EDGE ( 'NONE', *, *, #2286, .F. ) ;
#446 = CARTESIAN_POINT ( 'NONE',  ( -0.005000000000000000100, 0.04345001279228703100, -1.977222312223316100 ) ) ;
#447 = VERTEX_POINT ( 'NONE', #1653 ) ;
#448 = DIRECTION ( 'NONE',  ( 0.0000000000000000000, 0.0000000000000000000, 1.000000000000000000 ) ) ;
#449 =( GEOMETRIC_REPRESENTATION_CONTEXT ( 3 ) GLOBAL_UNCERTAINTY_ASSIGNED_CONTEXT ( ( #3092 ) ) GLOBAL_UNIT_ASSIGNED_CONTEXT ( ( #1988, #649, #1979 ) ) REPRESENTATION_CONTEXT ( 'NONE', 'WORKASPACE' ) );
#450 = CARTESIAN_POINT ( 'NONE',  ( 24.00000000000000000, -1.750000000000000000, 0.0000000000000000000 ) ) ;
#451 = ORIENTED_EDGE ( 'NONE', *, *, #3141, .T. ) ;
#452 = DIRECTION ( 'NONE',  ( 0.0000000000000000000, 0.9601763114346040200, 0.2793947940814899800 ) ) ;
#453 = ADVANCED_FACE ( 'NONE', ( #1994 ), #2706, .F. ) ;
#454 = DIRECTION ( 'NONE',  ( 0.0000000000000000000, 6.723885967566620100E-016, 1.000000000000000000 ) ) ;
#455 = ORIENTED_EDGE ( 'NONE', *, *, #1681, .T. ) ;
#456 = SURFACE_STYLE_FILL_AREA ( #2675 ) ;
#457 = SURFACE_STYLE_USAGE ( .BOTH. , #1005 ) ;
#458 =( NAMED_UNIT ( * ) PLANE_ANGLE_UNIT ( ) SI_UNIT ( $, .RADIAN. ) );
#459 = AXIS2_PLACEMENT_3D ( 'NONE', #2962, #1390, #1909 ) ;
#460 = PLANE ( 'NONE',  #2978 ) ;
#461 = STYLED_ITEM ( 'NONE', ( #2334 ), #1243 ) ;
#462 =( NAMED_UNIT ( * ) PLANE_ANGLE_UNIT ( ) SI_UNIT ( $, .RADIAN. ) );
#463 = DIRECTION ( 'NONE',  ( 0.0000000000000000000, 0.0000000000000000000, -1.000000000000000000 ) ) ;
#464 = DIRECTION ( 'NONE',  ( 0.0000000000000000000, 0.0000000000000000000, -1.000000000000000000 ) ) ;
#465 = EDGE_CURVE ( 'NONE', #2280, #1851, #2769, .T. ) ;
#466 =( NAMED_UNIT ( * ) PLANE_ANGLE_UNIT ( ) SI_UNIT ( $, .RADIAN. ) );
#467 = MECHANICAL_DESIGN_GEOMETRIC_PRESENTATION_REPRESENTATION (  '', ( #343 ), #2341 ) ;
#468 =( NAMED_UNIT ( * ) SI_UNIT ( $, .STERADIAN. ) SOLID_ANGLE_UNIT ( ) );
#469 =( NAMED_UNIT ( * ) PLANE_ANGLE_UNIT ( ) SI_UNIT ( $, .RADIAN. ) );
#470 = UNCERTAINTY_MEASURE_WITH_UNIT (LENGTH_MEASURE( 1.000000000000000100E-005 ), #715, 'distance_accuracy_value', 'NONE');
#471 = CARTESIAN_POINT ( 'NONE',  ( -0.005000000000000000100, 0.1188688284627371100, -0.5510335675551548700 ) ) ;
#472 = VERTEX_POINT ( 'NONE', #874 ) ;
#473 = CARTESIAN_POINT ( 'NONE',  ( 0.0000000000000000000, 5.082284216461516100E-016, 4.050000000000000700 ) ) ;
#474 = FACE_OUTER_BOUND ( 'NONE', #2012, .T. ) ;
#475 = CLOSED_SHELL ( 'NONE', ( #1813, #2303, #383, #3194, #1471, #2594, #1420, #176, #1283, #1623, #2811, #745, #760, #1345, #453, #847, #2037, #1084, #2776 ) ) ;
#476 = MECHANICAL_DESIGN_GEOMETRIC_PRESENTATION_REPRESENTATION (  '', ( #1056 ), #841 ) ;
#477 = ORIENTED_EDGE ( 'NONE', *, *, #2168, .T. ) ;
#478 =( NAMED_UNIT ( * ) SI_UNIT ( $, .STERADIAN. ) SOLID_ANGLE_UNIT ( ) );
#479 = SURFACE_SIDE_STYLE ('',( #2442 ) ) ;
#480 = VERTEX_POINT ( 'NONE', #2759 ) ;
#481 = ADVANCED_FACE ( 'NONE', ( #2075 ), #1431, .F. ) ;
#482 = FILL_AREA_STYLE ('',( #1793 ) ) ;
#483 =( GEOMETRIC_REPRESENTATION_CONTEXT ( 3 ) GLOBAL_UNCERTAINTY_ASSIGNED_CONTEXT ( ( #227 ) ) GLOBAL_UNIT_ASSIGNED_CONTEXT ( ( #1376, #2670, #809 ) ) REPRESENTATION_CONTEXT ( 'NONE', 'WORKASPACE' ) );
#484 = EDGE_CURVE ( 'NONE', #2742, #286, #2652, .T. ) ;
#485 = SURFACE_SIDE_STYLE ('',( #2109 ) ) ;
#486 = ORIENTED_EDGE ( 'NONE', *, *, #13, .T. ) ;
#487 =( LENGTH_UNIT ( ) NAMED_UNIT ( * ) SI_UNIT ( .MILLI., .METRE. ) );
#488 = DIRECTION ( 'NONE',  ( 0.0000000000000000000, -0.002813301676022606200, 0.9999960426590096500 ) ) ;
#489 = LINE ( 'NONE', #143, #950 ) ;
#490 = VERTEX_POINT ( 'NONE', #921 ) ;
#491 = MECHANICAL_DESIGN_GEOMETRIC_PRESENTATION_REPRESENTATION (  '', ( #212 ), #2361 ) ;
#492 = SURFACE_STYLE_USAGE ( .BOTH. , #1802 ) ;
#493 = ORIENTED_EDGE ( 'NONE', *, *, #2515, .F. ) ;
#494 = FILL_AREA_STYLE ('',( #2060 ) ) ;
#495 = UNCERTAINTY_MEASURE_WITH_UNIT (LENGTH_MEASURE( 1.000000000000000100E-005 ), #165, 'distance_accuracy_value', 'NONE');
#496 = FACE_OUTER_BOUND ( 'NONE', #2248, .T. ) ;
#497 = DIRECTION ( 'NONE',  ( 0.0000000000000000000, 0.0000000000000000000, -1.000000000000000000 ) ) ;
#498 = MECHANICAL_DESIGN_GEOMETRIC_PRESENTATION_REPRESENTATION (  '', ( #1446 ), #670 ) ;
#499 = CARTESIAN_POINT ( 'NONE',  ( -0.005000000000000000100, -0.05393646921773419900, 0.9980834009764542000 ) ) ;
#500 = DIRECTION ( 'NONE',  ( 0.0000000000000000000, 2.372545677633582300E-016, 1.000000000000000000 ) ) ;
#501 = CARTESIAN_POINT ( 'NONE',  ( 7.852499999999998300, 4.860316984116059100E-016, 3.968750000000000000 ) ) ;
#502 = STYLED_ITEM ( 'NONE', ( #763 ), #310 ) ;
#503 = ADVANCED_FACE ( 'NONE', ( #1416 ), #1158, .F. ) ;
#504 = LINE ( 'NONE', #1625, #2563 ) ;
#505 = MECHANICAL_DESIGN_GEOMETRIC_PRESENTATION_REPRESENTATION (  '', ( #3161 ), #1631 ) ;
#506 = LINE ( 'NONE', #249, #1456 ) ;
#507 = DIRECTION ( 'NONE',  ( 0.0000000000000000000, 0.8843386665637617000, 0.4668459304955201400 ) ) ;
#508 = LINE ( 'NONE', #2295, #2266 ) ;
#509 = EDGE_CURVE ( 'NONE', #985, #857, #2972, .T. ) ;
#510 = FILL_AREA_STYLE ('',( #556 ) ) ;
#511 = CARTESIAN_POINT ( 'NONE',  ( 0.0000000000000000000, 0.2927342813417931900, -0.9016521882828797400 ) ) ;
#512 = EDGE_CURVE ( 'NONE', #2471, #1688, #3146, .T. ) ;
#513 = DIRECTION ( 'NONE',  ( -1.000000000000000000, -0.0000000000000000000, -0.0000000000000000000 ) ) ;
#514 = FILL_AREA_STYLE ('',( #2069 ) ) ;
#515 = AXIS2_PLACEMENT_3D ( 'NONE', #1605, #36, #2087 ) ;
#516 = SURFACE_SIDE_STYLE ('',( #1577 ) ) ;
#517 = FACE_OUTER_BOUND ( 'NONE', #253, .T. ) ;
#518 = VERTEX_POINT ( 'NONE', #365 ) ;
#519 = CIRCLE ( 'NONE', #1620, 0.3250000000000000100 ) ;
#520 = CARTESIAN_POINT ( 'NONE',  ( 0.0000000000000000000, 0.4706612939571652700, -1.263084146543252100 ) ) ;
#521 =( GEOMETRIC_REPRESENTATION_CONTEXT ( 3 ) GLOBAL_UNCERTAINTY_ASSIGNED_CONTEXT ( ( #2524 ) ) GLOBAL_UNIT_ASSIGNED_CONTEXT ( ( #621, #68, #2443 ) ) REPRESENTATION_CONTEXT ( 'NONE', 'WORKASPACE' ) );
#522 = ORIENTED_EDGE ( 'NONE', *, *, #1349, .F. ) ;
#523 = DIRECTION ( 'NONE',  ( 1.000000000000000000, 0.0000000000000000000, 0.0000000000000000000 ) ) ;
#524 = AXIS2_PLACEMENT_3D ( 'NONE', #881, #1110, #324 ) ;
#525 = ORIENTED_EDGE ( 'NONE', *, *, #2711, .F. ) ;
#526 = FILL_AREA_STYLE ('',( #2839 ) ) ;
#527 = DIRECTION ( 'NONE',  ( 0.0000000000000000000, -1.213189754119655800E-016, -1.000000000000000000 ) ) ;
#528 = FACE_OUTER_BOUND ( 'NONE', #392, .T. ) ;
#529 = VERTEX_POINT ( 'NONE', #1182 ) ;
#530 = EDGE_CURVE ( 'NONE', #825, #568, #3387, .T. ) ;
#531 = DIRECTION ( 'NONE',  ( 1.000000000000000000, 0.0000000000000000000, 0.0000000000000000000 ) ) ;
#532 = CARTESIAN_POINT ( 'NONE',  ( 0.0000000000000000000, 0.1188375638308397100, 1.047384881157789300 ) ) ;
#533 = EDGE_LOOP ( 'NONE', ( #3084, #578, #1033, #2884 ) ) ;
#534 = DIRECTION ( 'NONE',  ( -1.000000000000000000, -0.0000000000000000000, -0.0000000000000000000 ) ) ;
#535 = FACE_OUTER_BOUND ( 'NONE', #1237, .T. ) ;
#536 = PRESENTATION_LAYER_ASSIGNMENT (  '', '', ( #1764 ) ) ;
#537 = UNCERTAINTY_MEASURE_WITH_UNIT (LENGTH_MEASURE( 1.000000000000000100E-005 ), #85, 'distance_accuracy_value', 'NONE');
#538 = LINE ( 'NONE', #1985, #335 ) ;
#539 = SURFACE_SIDE_STYLE ('',( #381 ) ) ;
#540 = CARTESIAN_POINT ( 'NONE',  ( 0.0000000000000000000, 0.4706612939571652700, -1.115800696540586400 ) ) ;
#541 = AXIS2_PLACEMENT_3D ( 'NONE', #709, #2798, #1467 ) ;
#542 = PRESENTATION_STYLE_ASSIGNMENT (( #669 ) ) ;
#543 = COLOUR_RGB ( '',0.8980392156862745400, 0.9215686274509803400, 0.9294117647058823800 ) ;
#544 = CARTESIAN_POINT ( 'NONE',  ( 0.0000000000000000000, -0.2862269899289315300, 1.371786688027796000 ) ) ;
#545 = VECTOR ( 'NONE', #965, 1000.000000000000000 ) ;
#546 = DIRECTION ( 'NONE',  ( -0.0000000000000000000, -0.9610853065513910200, -0.2762517575166151300 ) ) ;
#547 = SURFACE_STYLE_FILL_AREA ( #1619 ) ;
#548 = DIRECTION ( 'NONE',  ( 0.0000000000000000000, -1.213189754119655800E-016, -1.000000000000000000 ) ) ;
#549 = CARTESIAN_POINT ( 'NONE',  ( 0.0000000000000000000, 0.0000000000000000000, 0.0000000000000000000 ) ) ;
#550 = PRESENTATION_LAYER_ASSIGNMENT (  '', '', ( #29 ) ) ;
#551 = FILL_AREA_STYLE_COLOUR ( '', #1165 ) ;
#552 = EDGE_CURVE ( 'NONE', #1142, #3290, #792, .T. ) ;
#553 = LINE ( 'NONE', #1126, #2566 ) ;
#554 = FACE_OUTER_BOUND ( 'NONE', #3368, .T. ) ;
#555 = FILL_AREA_STYLE ('',( #787 ) ) ;
#556 = FILL_AREA_STYLE_COLOUR ( '', #2525 ) ;
#557 = EDGE_CURVE ( 'NONE', #2331, #3042, #261, .T. ) ;
#558 = CIRCLE ( 'NONE', #2620, 0.3250000000000000100 ) ;
#559 = DIRECTION ( 'NONE',  ( -0.0000000000000000000, -1.000000000000000000, -0.0000000000000000000 ) ) ;
#560 =( GEOMETRIC_REPRESENTATION_CONTEXT ( 3 ) GLOBAL_UNCERTAINTY_ASSIGNED_CONTEXT ( ( #3286 ) ) GLOBAL_UNIT_ASSIGNED_CONTEXT ( ( #1832, #1052, #2663 ) ) REPRESENTATION_CONTEXT ( 'NONE', 'WORKASPACE' ) );
#561 = UNCERTAINTY_MEASURE_WITH_UNIT (LENGTH_MEASURE( 1.000000000000000100E-005 ), #1818, 'distance_accuracy_value', 'NONE');
#562 = ORIENTED_EDGE ( 'NONE', *, *, #681, .T. ) ;
#563 = ORIENTED_EDGE ( 'NONE', *, *, #2692, .T. ) ;
#564 = SURFACE_STYLE_USAGE ( .BOTH. , #843 ) ;
#565 = VECTOR ( 'NONE', #1140, 1000.000000000000100 ) ;
#566 =( LENGTH_UNIT ( ) NAMED_UNIT ( * ) SI_UNIT ( .MILLI., .METRE. ) );
#567 = ORIENTED_EDGE ( 'NONE', *, *, #3186, .T. ) ;
#568 = VERTEX_POINT ( 'NONE', #1927 ) ;
#569 = CARTESIAN_POINT ( 'NONE',  ( -0.005000000000000000100, 0.1188375638308398200, 1.448532829377931200 ) ) ;
#570 = ADVANCED_FACE ( 'NONE', ( #1729 ), #3010, .F. ) ;
#571 = COLOUR_RGB ( '',0.0000000000000000000, 0.0000000000000000000, 0.0000000000000000000 ) ;
#572 = ORIENTED_EDGE ( 'NONE', *, *, #2185, .F. ) ;
#573 = DIRECTION ( 'NONE',  ( 0.0000000000000000000, 0.0000000000000000000, -1.000000000000000000 ) ) ;
#574 = SURFACE_STYLE_USAGE ( .BOTH. , #1902 ) ;
#575 = STYLED_ITEM ( 'NONE', ( #877 ), #3388 ) ;
#576 = DIRECTION ( 'NONE',  ( 0.0000000000000000000, -0.9610664548999086100, -0.2763173343569341200 ) ) ;
#577 = VECTOR ( 'NONE', #705, 1000.000000000000000 ) ;
#578 = ORIENTED_EDGE ( 'NONE', *, *, #3215, .F. ) ;
#579 = EDGE_CURVE ( 'NONE', #3, #2460, #3183, .T. ) ;
#580 = FACE_OUTER_BOUND ( 'NONE', #2989, .T. ) ;
#581 = ORIENTED_EDGE ( 'NONE', *, *, #3229, .T. ) ;
#582 = DIRECTION ( 'NONE',  ( 0.0000000000000000000, 0.0000000000000000000, 1.000000000000000000 ) ) ;
#583 = EDGE_CURVE ( 'NONE', #214, #1183, #1124, .T. ) ;
#584 = ORIENTED_EDGE ( 'NONE', *, *, #3013, .T. ) ;
#585 = DIRECTION ( 'NONE',  ( 0.0000000000000000000, 0.9611638845409016300, 0.2759782365590523500 ) ) ;
#586 = AXIS2_PLACEMENT_3D ( 'NONE', #1261, #2285, #2834 ) ;
#587 = SURFACE_STYLE_USAGE ( .BOTH. , #80 ) ;
#588 = DIRECTION ( 'NONE',  ( 0.0000000000000000000, 0.6995643972268819100, 0.7145695586383381500 ) ) ;
#589 = UNCERTAINTY_MEASURE_WITH_UNIT (LENGTH_MEASURE( 1.000000000000000100E-005 ), #3265, 'distance_accuracy_value', 'NONE');
#590 = AXIS2_PLACEMENT_3D ( 'NONE', #849, #2407, #1114 ) ;
#591 = DIRECTION ( 'NONE',  ( 0.0000000000000000000, 0.9619530280415594700, 0.2732148821745892200 ) ) ;
#592 = VECTOR ( 'NONE', #582, 1000.000000000000000 ) ;
#593 = FILL_AREA_STYLE ('',( #1599 ) ) ;
#594 =( NAMED_UNIT ( * ) SI_UNIT ( $, .STERADIAN. ) SOLID_ANGLE_UNIT ( ) );
#595 = FILL_AREA_STYLE_COLOUR ( '', #929 ) ;
#596 = CARTESIAN_POINT ( 'NONE',  ( 9.000000000000000000, -1.750000000000000000, 0.0000000000000000000 ) ) ;
#597 = EDGE_CURVE ( 'NONE', #1851, #7, #538, .T. ) ;
#598 = SURFACE_SIDE_STYLE ('',( #912 ) ) ;
#599 = COLOUR_RGB ( '',0.0000000000000000000, 0.0000000000000000000, 0.0000000000000000000 ) ;
#600 = FILL_AREA_STYLE_COLOUR ( '', #2804 ) ;
#601 = CARTESIAN_POINT ( 'NONE',  ( -0.005000000000000000100, 0.4706612939571654900, 0.7713295621164777400 ) ) ;
#602 = ORIENTED_EDGE ( 'NONE', *, *, #337, .T. ) ;
#603 = DIRECTION ( 'NONE',  ( 0.0000000000000000000, 0.0000000000000000000, 1.000000000000000000 ) ) ;
#604 = VECTOR ( 'NONE', #3015, 999.9999999999998900 ) ;
#605 = ORIENTED_EDGE ( 'NONE', *, *, #979, .F. ) ;
#606 =( LENGTH_UNIT ( ) NAMED_UNIT ( * ) SI_UNIT ( .MILLI., .METRE. ) );
#607 = ORIENTED_EDGE ( 'NONE', *, *, #2356, .T. ) ;
#608 =( NAMED_UNIT ( * ) PLANE_ANGLE_UNIT ( ) SI_UNIT ( $, .RADIAN. ) );
#609 =( NAMED_UNIT ( * ) SI_UNIT ( $, .STERADIAN. ) SOLID_ANGLE_UNIT ( ) );
#610 = STYLED_ITEM ( 'NONE', ( #3385 ), #719 ) ;
#611 = CARTESIAN_POINT ( 'NONE',  ( 0.0000000000000000000, 0.4706612939571652700, -0.3319935657280985200 ) ) ;
#612 = VERTEX_POINT ( 'NONE', #1734 ) ;
#613 = LINE ( 'NONE', #1123, #1686 ) ;
#614 =( GEOMETRIC_REPRESENTATION_CONTEXT ( 3 ) GLOBAL_UNCERTAINTY_ASSIGNED_CONTEXT ( ( #2370 ) ) GLOBAL_UNIT_ASSIGNED_CONTEXT ( ( #606, #2728, #2717 ) ) REPRESENTATION_CONTEXT ( 'NONE', 'WORKASPACE' ) );
#615 = ORIENTED_EDGE ( 'NONE', *, *, #95, .T. ) ;
#616 = CARTESIAN_POINT ( 'NONE',  ( 0.0000000000000000000, -0.4641000000000282700, 1.859929891948954200 ) ) ;
#617 = EDGE_CURVE ( 'NONE', #472, #2702, #1574, .T. ) ;
#618 = FACE_OUTER_BOUND ( 'NONE', #1634, .T. ) ;
#619 = DIRECTION ( 'NONE',  ( 1.000000000000000000, 0.0000000000000000000, 0.0000000000000000000 ) ) ;
#620 = AXIS2_PLACEMENT_3D ( 'NONE', #704, #1288, #1539 ) ;
#621 =( LENGTH_UNIT ( ) NAMED_UNIT ( * ) SI_UNIT ( .MILLI., .METRE. ) );
#622 =( GEOMETRIC_REPRESENTATION_CONTEXT ( 3 ) GLOBAL_UNCERTAINTY_ASSIGNED_CONTEXT ( ( #1012 ) ) GLOBAL_UNIT_ASSIGNED_CONTEXT ( ( #2787, #1197, #1434 ) ) REPRESENTATION_CONTEXT ( 'NONE', 'WORKASPACE' ) );
#623 =( LENGTH_UNIT ( ) NAMED_UNIT ( * ) SI_UNIT ( .MILLI., .METRE. ) );
#624 = LINE ( 'NONE', #1889, #2643 ) ;
#625 = AXIS2_PLACEMENT_3D ( 'NONE', #1293, #262, #2094 ) ;
#626 = DIRECTION ( 'NONE',  ( 0.0000000000000000000, -0.2760118818968558800, 0.9611542233438691300 ) ) ;
#627 = LINE ( 'NONE', #1878, #3308 ) ;
#628 =( LENGTH_UNIT ( ) NAMED_UNIT ( * ) SI_UNIT ( .MILLI., .METRE. ) );
#629 = COLOUR_RGB ( '',0.0000000000000000000, 0.0000000000000000000, 0.0000000000000000000 ) ;
#630 = FACE_OUTER_BOUND ( 'NONE', #1630, .T. ) ;
#631 = SURFACE_STYLE_USAGE ( .BOTH. , #115 ) ;
#632 = FACE_OUTER_BOUND ( 'NONE', #161, .T. ) ;
#633 = VECTOR ( 'NONE', #488, 999.9999999999998900 ) ;
#634 = CARTESIAN_POINT ( 'NONE',  ( -0.005000000000000000100, 0.4706612939571652700, -1.263084146543252100 ) ) ;
#635 = ADVANCED_FACE ( 'NONE', ( #3049 ), #2260, .T. ) ;
#636 = VECTOR ( 'NONE', #1772, 1000.000000000000100 ) ;
#637 = EDGE_LOOP ( 'NONE', ( #168, #2136 ) ) ;
#638 = EDGE_CURVE ( 'NONE', #328, #2299, #786, .T. ) ;
#639 = UNCERTAINTY_MEASURE_WITH_UNIT (LENGTH_MEASURE( 1.000000000000000100E-005 ), #311, 'distance_accuracy_value', 'NONE');
#640 =( NAMED_UNIT ( * ) PLANE_ANGLE_UNIT ( ) SI_UNIT ( $, .RADIAN. ) );
#641 = SURFACE_STYLE_FILL_AREA ( #2174 ) ;
#642 = ORIENTED_EDGE ( 'NONE', *, *, #97, .F. ) ;
#643 = ORIENTED_EDGE ( 'NONE', *, *, #1309, .F. ) ;
#644 = AXIS2_PLACEMENT_3D ( 'NONE', #2926, #51, #2695 ) ;
#645 = FACE_OUTER_BOUND ( 'NONE', #1710, .T. ) ;
#646 = ORIENTED_EDGE ( 'NONE', *, *, #1198, .T. ) ;
#647 = CARTESIAN_POINT ( 'NONE',  ( -0.005000000000000000100, 0.1188688284627371100, -0.5510335675551548700 ) ) ;
#648 = VECTOR ( 'NONE', #3376, 1000.000000000000000 ) ;
#649 =( NAMED_UNIT ( * ) PLANE_ANGLE_UNIT ( ) SI_UNIT ( $, .RADIAN. ) );
#650 = STYLED_ITEM ( 'NONE', ( #2199 ), #3037 ) ;
#651 = ORIENTED_EDGE ( 'NONE', *, *, #2510, .F. ) ;
#652 = SURFACE_STYLE_USAGE ( .BOTH. , #2483 ) ;
#653 = ORIENTED_EDGE ( 'NONE', *, *, #2872, .T. ) ;
#654 = MECHANICAL_DESIGN_GEOMETRIC_PRESENTATION_REPRESENTATION (  '', ( #2135 ), #136 ) ;
#655 = DIRECTION ( 'NONE',  ( 0.0000000000000000000, 0.9615825319869135700, 0.2745159998572695400 ) ) ;
#656 = CARTESIAN_POINT ( 'NONE',  ( 0.0000000000000000000, 0.4706612939571654900, 0.8839447622066248800 ) ) ;
#657 = ORIENTED_EDGE ( 'NONE', *, *, #915, .T. ) ;
#658 = STYLED_ITEM ( 'NONE', ( #2703 ), #1471 ) ;
#659 = CARTESIAN_POINT ( 'NONE',  ( 0.0000000000000000000, 0.2914979073132797900, 1.526336283689422800 ) ) ;
#660 = EDGE_CURVE ( 'NONE', #1712, #2389, #1373, .T. ) ;
#661 = ORIENTED_EDGE ( 'NONE', *, *, #395, .T. ) ;
#662 = LINE ( 'NONE', #1671, #1449 ) ;
#663 =( NAMED_UNIT ( * ) SI_UNIT ( $, .STERADIAN. ) SOLID_ANGLE_UNIT ( ) );
#664 = COLOUR_RGB ( '',0.8941176470588234600, 0.9137254901960784000, 0.9294117647058823800 ) ;
#665 = PRESENTATION_LAYER_ASSIGNMENT (  '', '', ( #3386 ) ) ;
#666 = CARTESIAN_POINT ( 'NONE',  ( 9.000000000000000000, 0.0000000000000000000, 0.0000000000000000000 ) ) ;
#667 = FILL_AREA_STYLE ('',( #2806 ) ) ;
#668 = UNCERTAINTY_MEASURE_WITH_UNIT (LENGTH_MEASURE( 1.000000000000000100E-005 ), #1831, 'distance_accuracy_value', 'NONE');
#669 = SURFACE_STYLE_USAGE ( .BOTH. , #700 ) ;
#670 =( GEOMETRIC_REPRESENTATION_CONTEXT ( 3 ) GLOBAL_UNCERTAINTY_ASSIGNED_CONTEXT ( ( #220 ) ) GLOBAL_UNIT_ASSIGNED_CONTEXT ( ( #2392, #1317, #2152 ) ) REPRESENTATION_CONTEXT ( 'NONE', 'WORKASPACE' ) );
#671 = CARTESIAN_POINT ( 'NONE',  ( 0.0000000000000000000, -0.4641000000000288200, -1.489076266063151800 ) ) ;
#672 =( GEOMETRIC_REPRESENTATION_CONTEXT ( 3 ) GLOBAL_UNCERTAINTY_ASSIGNED_CONTEXT ( ( #1659 ) ) GLOBAL_UNIT_ASSIGNED_CONTEXT ( ( #840, #2698, #1129 ) ) REPRESENTATION_CONTEXT ( 'NONE', 'WORKASPACE' ) );
#673 = SURFACE_STYLE_USAGE ( .BOTH. , #1475 ) ;
#674 = DIRECTION ( 'NONE',  ( 0.0000000000000000000, 0.0000000000000000000, -1.000000000000000000 ) ) ;
#675 = LINE ( 'NONE', #1760, #633 ) ;
#676 = ORIENTED_EDGE ( 'NONE', *, *, #230, .F. ) ;
#677 = SURFACE_SIDE_STYLE ('',( #2867 ) ) ;
#678 = ORIENTED_EDGE ( 'NONE', *, *, #2672, .T. ) ;
#679 = CARTESIAN_POINT ( 'NONE',  ( -0.005000000000000000100, 0.4706612939571654900, 0.06608819870102282400 ) ) ;
#680 = UNCERTAINTY_MEASURE_WITH_UNIT (LENGTH_MEASURE( 1.000000000000000100E-005 ), #1340, 'distance_accuracy_value', 'NONE');
#681 = EDGE_CURVE ( 'NONE', #2124, #283, #1203, .T. ) ;
#682 = VERTEX_POINT ( 'NONE', #443 ) ;
#683 = MECHANICAL_DESIGN_GEOMETRIC_PRESENTATION_REPRESENTATION (  '', ( #3236 ), #622 ) ;
#684 =( LENGTH_UNIT ( ) NAMED_UNIT ( * ) SI_UNIT ( .MILLI., .METRE. ) );
#685 = LINE ( 'NONE', #1495, #2627 ) ;
#686 = FILL_AREA_STYLE_COLOUR ( '', #3156 ) ;
#687 = VERTEX_POINT ( 'NONE', #1741 ) ;
#688 = CARTESIAN_POINT ( 'NONE',  ( 0.0000000000000000000, -0.4641000000000284300, 1.321314205319506200 ) ) ;
#689 = MECHANICAL_DESIGN_GEOMETRIC_PRESENTATION_REPRESENTATION (  '', ( #1466 ), #1050 ) ;
#690 = VECTOR ( 'NONE', #2472, 1000.000000000000000 ) ;
#691 = ORIENTED_EDGE ( 'NONE', *, *, #660, .F. ) ;
#692 = CARTESIAN_POINT ( 'NONE',  ( -0.005000000000000000100, -0.05393646921602029300, -0.6003918925204553300 ) ) ;
#693 = LINE ( 'NONE', #1991, #2996 ) ;
#694 = MECHANICAL_DESIGN_GEOMETRIC_PRESENTATION_REPRESENTATION (  '', ( #109 ), #816 ) ;
#695 = ORIENTED_EDGE ( 'NONE', *, *, #2010, .T. ) ;
#696 = CARTESIAN_POINT ( 'NONE',  ( -0.005000000000000000100, -0.4641000000000284300, 1.321314205319506200 ) ) ;
#697 = PRESENTATION_LAYER_ASSIGNMENT (  '', '', ( #2236 ) ) ;
#698 = CARTESIAN_POINT ( 'NONE',  ( -0.005000000000000000100, 0.4706612939571652700, -0.3319935657280985200 ) ) ;
#699 = VECTOR ( 'NONE', #2210, 1000.000000000000000 ) ;
#700 = SURFACE_SIDE_STYLE ('',( #3096 ) ) ;
#701 = LINE ( 'NONE', #855, #3185 ) ;
#702 = FILL_AREA_STYLE ('',( #1758 ) ) ;
#703 = EDGE_CURVE ( 'NONE', #1057, #3295, #917, .T. ) ;
#704 = CARTESIAN_POINT ( 'NONE',  ( -0.005000000000000000100, 0.4706612939571657200, 1.577871764587617500 ) ) ;
#705 = DIRECTION ( 'NONE',  ( 0.0000000000000000000, 2.480431458422449600E-016, 1.000000000000000000 ) ) ;
#706 = FACE_OUTER_BOUND ( 'NONE', #2987, .T. ) ;
#707 = FILL_AREA_STYLE ('',( #686 ) ) ;
#708 = CARTESIAN_POINT ( 'NONE',  ( 0.0000000000000000000, 0.3680934099909672900, -0.1388150986193753000 ) ) ;
#709 = CARTESIAN_POINT ( 'NONE',  ( -0.005000000000000000100, -0.1971441846550018600, 0.03013995228619021500 ) ) ;
#710 = LINE ( 'NONE', #752, #27 ) ;
#711 = CARTESIAN_POINT ( 'NONE',  ( -0.005000000000000000100, -0.4641000000000293200, -1.384787367582604100 ) ) ;
#712 =( GEOMETRIC_REPRESENTATION_CONTEXT ( 3 ) GLOBAL_UNCERTAINTY_ASSIGNED_CONTEXT ( ( #1122 ) ) GLOBAL_UNIT_ASSIGNED_CONTEXT ( ( #2844, #1013, #1295 ) ) REPRESENTATION_CONTEXT ( 'NONE', 'WORKASPACE' ) );
#713 = COLOUR_RGB ( '',0.0000000000000000000, 0.0000000000000000000, 0.0000000000000000000 ) ;
#714 = SURFACE_SIDE_STYLE ('',( #1789 ) ) ;
#715 =( LENGTH_UNIT ( ) NAMED_UNIT ( * ) SI_UNIT ( .MILLI., .METRE. ) );
#716 = SURFACE_STYLE_FILL_AREA ( #1043 ) ;
#717 = ORIENTED_EDGE ( 'NONE', *, *, #224, .T. ) ;
#718 = SURFACE_STYLE_FILL_AREA ( #2801 ) ;
#719 = ADVANCED_FACE ( 'NONE', ( #2434 ), #2815, .F. ) ;
#720 =( NAMED_UNIT ( * ) SI_UNIT ( $, .STERADIAN. ) SOLID_ANGLE_UNIT ( ) );
#721 = VERTEX_POINT ( 'NONE', #708 ) ;
#722 = EDGE_CURVE ( 'NONE', #3319, #3004, #2757, .T. ) ;
#723 = ORIENTED_EDGE ( 'NONE', *, *, #1236, .F. ) ;
#724 = FILL_AREA_STYLE_COLOUR ( '', #922 ) ;
#725 =( LENGTH_UNIT ( ) NAMED_UNIT ( * ) SI_UNIT ( .MILLI., .METRE. ) );
#726 = PLANE ( 'NONE',  #586 ) ;
#727 = LINE ( 'NONE', #44, #285 ) ;
#728 = ORIENTED_EDGE ( 'NONE', *, *, #681, .F. ) ;
#729 = DIRECTION ( 'NONE',  ( 1.000000000000000000, 0.0000000000000000000, 0.0000000000000000000 ) ) ;
#730 = EDGE_CURVE ( 'NONE', #1851, #3362, #1814, .T. ) ;
#731 = STYLED_ITEM ( 'NONE', ( #1670 ), #2071 ) ;
#732 = LINE ( 'NONE', #1279, #2745 ) ;
#733 = CARTESIAN_POINT ( 'NONE',  ( 0.0000000000000000000, 0.2901762661091321600, 2.076730209328213000 ) ) ;
#734 = VERTEX_POINT ( 'NONE', #1032 ) ;
#735 = PLANE ( 'NONE',  #2635 ) ;
#736 = FILL_AREA_STYLE_COLOUR ( '', #2257 ) ;
#737 = MECHANICAL_DESIGN_GEOMETRIC_PRESENTATION_REPRESENTATION (  '', ( #3343 ), #147 ) ;
#738 = ORIENTED_EDGE ( 'NONE', *, *, #1969, .T. ) ;
#739 = FILL_AREA_STYLE ('',( #724 ) ) ;
#740 = FILL_AREA_STYLE_COLOUR ( '', #973 ) ;
#741 = DIRECTION ( 'NONE',  ( 1.000000000000000000, 0.0000000000000000000, 0.0000000000000000000 ) ) ;
#742 = VERTEX_POINT ( 'NONE', #3367 ) ;
#743 = DIRECTION ( 'NONE',  ( 1.000000000000000000, 0.0000000000000000000, 0.0000000000000000000 ) ) ;
#744 = STYLED_ITEM ( 'NONE', ( #107 ), #419 ) ;
#745 = ADVANCED_FACE ( 'NONE', ( #496 ), #2595, .F. ) ;
#746 = SURFACE_STYLE_FILL_AREA ( #1925 ) ;
#747 = MECHANICAL_DESIGN_GEOMETRIC_PRESENTATION_REPRESENTATION (  '', ( #461 ), #1735 ) ;
#748 =( NAMED_UNIT ( * ) SI_UNIT ( $, .STERADIAN. ) SOLID_ANGLE_UNIT ( ) );
#749 = UNCERTAINTY_MEASURE_WITH_UNIT (LENGTH_MEASURE( 1.000000000000000100E-005 ), #1359, 'distance_accuracy_value', 'NONE');
#750 = DIRECTION ( 'NONE',  ( 0.0000000000000000000, 0.0000000000000000000, -1.000000000000000000 ) ) ;
#751 = CARTESIAN_POINT ( 'NONE',  ( -0.005000000000000000100, -0.4641000000000288800, -2.122696638299635700 ) ) ;
#752 = CARTESIAN_POINT ( 'NONE',  ( -0.005000000000000000100, -0.4641000000000000100, -2.388500000000000500 ) ) ;
#753 = EDGE_CURVE ( 'NONE', #1797, #833, #1570, .T. ) ;
#754 = PRESENTATION_STYLE_ASSIGNMENT (( #2330 ) ) ;
#755 =( LENGTH_UNIT ( ) NAMED_UNIT ( * ) SI_UNIT ( .MILLI., .METRE. ) );
#756 = LINE ( 'NONE', #1231, #269 ) ;
#757 = CARTESIAN_POINT ( 'NONE',  ( 0.0000000000000000000, -0.05393646921773419900, 1.399174504413717800 ) ) ;
#758 = AXIS2_PLACEMENT_3D ( 'NONE', #779, #2916, #1323 ) ;
#759 = DIRECTION ( 'NONE',  ( -1.000000000000000000, -0.0000000000000000000, -0.0000000000000000000 ) ) ;
#760 = ADVANCED_FACE ( 'NONE', ( #2601 ), #1256, .F. ) ;
#761 = VECTOR ( 'NONE', #1809, 1000.000000000000100 ) ;
#762 = SURFACE_STYLE_USAGE ( .BOTH. , #2829 ) ;
#763 = PRESENTATION_STYLE_ASSIGNMENT (( #16 ) ) ;
#764 = PLANE ( 'NONE',  #1204 ) ;
#765 = FACE_OUTER_BOUND ( 'NONE', #2576, .T. ) ;
#766 = CARTESIAN_POINT ( 'NONE',  ( -0.005000000000000000100, -0.4641000000000293200, -1.384787367582604100 ) ) ;
#767 = PRESENTATION_STYLE_ASSIGNMENT (( #1978 ) ) ;
#768 = ORIENTED_EDGE ( 'NONE', *, *, #2672, .F. ) ;
#769 = ORIENTED_EDGE ( 'NONE', *, *, #579, .T. ) ;
#770 = FILL_AREA_STYLE ('',( #1776 ) ) ;
#771 = SURFACE_STYLE_FILL_AREA ( #1119 ) ;
#772 = SURFACE_SIDE_STYLE ('',( #1777 ) ) ;
#773 = EDGE_LOOP ( 'NONE', ( #477, #1444, #1609, #584, #3364, #1595, #2041, #41, #1223, #2432, #3327 ) ) ;
#774 = DIRECTION ( 'NONE',  ( 1.000000000000000000, 0.0000000000000000000, 0.0000000000000000000 ) ) ;
#775 = EDGE_CURVE ( 'NONE', #2833, #1558, #1531, .T. ) ;
#776 = LINE ( 'NONE', #997, #577 ) ;
#777 = ORIENTED_EDGE ( 'NONE', *, *, #2585, .T. ) ;
#778 = CARTESIAN_POINT ( 'NONE',  ( 0.0000000000000000000, 0.4706612939571652700, -2.119865767362318000 ) ) ;
#779 = CARTESIAN_POINT ( 'NONE',  ( -0.005000000000000000100, 0.2914979073132797900, 1.526336283689422800 ) ) ;
#780 = SURFACE_SIDE_STYLE ('',( #3063 ) ) ;
#781 = CARTESIAN_POINT ( 'NONE',  ( -0.005000000000000000100, 0.4706612939571654900, 0.8839447622066248800 ) ) ;
#782 = ORIENTED_EDGE ( 'NONE', *, *, #1020, .F. ) ;
#783 =( LENGTH_UNIT ( ) NAMED_UNIT ( * ) SI_UNIT ( .MILLI., .METRE. ) );
#784 = EDGE_LOOP ( 'NONE', ( #407, #406, #2738, #1790 ) ) ;
#785 = CARTESIAN_POINT ( 'NONE',  ( 7.852499999999998300, 0.0000000000000000000, -3.968750000000000000 ) ) ;
#786 = LINE ( 'NONE', #688, #2684 ) ;
#787 = FILL_AREA_STYLE_COLOUR ( '', #1201 ) ;
#788 =( GEOMETRIC_REPRESENTATION_CONTEXT ( 3 ) GLOBAL_UNCERTAINTY_ASSIGNED_CONTEXT ( ( #3233 ) ) GLOBAL_UNIT_ASSIGNED_CONTEXT ( ( #2098, #49, #1876 ) ) REPRESENTATION_CONTEXT ( 'NONE', 'WORKASPACE' ) );
#789 = ORIENTED_EDGE ( 'NONE', *, *, #1759, .T. ) ;
#790 = SURFACE_SIDE_STYLE ('',( #422 ) ) ;
#791 = SURFACE_SIDE_STYLE ('',( #2859 ) ) ;
#792 = LINE ( 'NONE', #102, #2557 ) ;
#793 = VECTOR ( 'NONE', #1382, 1000.000000000000000 ) ;
#794 = SURFACE_SIDE_STYLE ('',( #3311 ) ) ;
#795 = LINE ( 'NONE', #1387, #1656 ) ;
#796 = PLANE ( 'NONE',  #1169 ) ;
#797 = UNCERTAINTY_MEASURE_WITH_UNIT (LENGTH_MEASURE( 1.000000000000000100E-005 ), #2187, 'distance_accuracy_value', 'NONE');
#798 = STYLED_ITEM ( 'NONE', ( #3167 ), #1503 ) ;
#799 = VECTOR ( 'NONE', #3124, 1000.000000000000000 ) ;
#800 = EDGE_CURVE ( 'NONE', #833, #2502, #835, .T. ) ;
#801 = LINE ( 'NONE', #872, #2610 ) ;
#802 = COLOUR_RGB ( '',0.0000000000000000000, 0.0000000000000000000, 0.0000000000000000000 ) ;
#803 = CARTESIAN_POINT ( 'NONE',  ( 0.0000000000000000000, -0.4641000000000283800, 1.593651875561089100 ) ) ;
#804 =( LENGTH_UNIT ( ) NAMED_UNIT ( * ) SI_UNIT ( .MILLI., .METRE. ) );
#805 = PRESENTATION_LAYER_ASSIGNMENT (  '', '', ( #3093 ) ) ;
#806 = SURFACE_STYLE_USAGE ( .BOTH. , #794 ) ;
#807 = STYLED_ITEM ( 'NONE', ( #3113 ), #1792 ) ;
#808 = PRESENTATION_STYLE_ASSIGNMENT (( #1845 ) ) ;
#809 =( NAMED_UNIT ( * ) SI_UNIT ( $, .STERADIAN. ) SOLID_ANGLE_UNIT ( ) );
#810 = PRESENTATION_STYLE_ASSIGNMENT (( #278 ) ) ;
#811 = SURFACE_STYLE_USAGE ( .BOTH. , #539 ) ;
#812 = VECTOR ( 'NONE', #141, 1000.000000000000000 ) ;
#813 = VERTEX_POINT ( 'NONE', #2082 ) ;
#814 = COLOUR_RGB ( '',0.0000000000000000000, 0.0000000000000000000, 0.0000000000000000000 ) ;
#815 =( NAMED_UNIT ( * ) SI_UNIT ( $, .STERADIAN. ) SOLID_ANGLE_UNIT ( ) );
#816 =( GEOMETRIC_REPRESENTATION_CONTEXT ( 3 ) GLOBAL_UNCERTAINTY_ASSIGNED_CONTEXT ( ( #3150 ) ) GLOBAL_UNIT_ASSIGNED_CONTEXT ( ( #1417, #1133, #3255 ) ) REPRESENTATION_CONTEXT ( 'NONE', 'WORKASPACE' ) );
#817 = EDGE_LOOP ( 'NONE', ( #2101, #860, #199, #1873 ) ) ;
#818 =( NAMED_UNIT ( * ) PLANE_ANGLE_UNIT ( ) SI_UNIT ( $, .RADIAN. ) );
#819 = ORIENTED_EDGE ( 'NONE', *, *, #597, .F. ) ;
#820 =( GEOMETRIC_REPRESENTATION_CONTEXT ( 3 ) GLOBAL_UNCERTAINTY_ASSIGNED_CONTEXT ( ( #2945 ) ) GLOBAL_UNIT_ASSIGNED_CONTEXT ( ( #783, #2622, #3160 ) ) REPRESENTATION_CONTEXT ( 'NONE', 'WORKASPACE' ) );
#821 = ORIENTED_EDGE ( 'NONE', *, *, #378, .T. ) ;
#822 = DIRECTION ( 'NONE',  ( 0.0000000000000000000, 0.9610992334304874200, 0.2762033010290239600 ) ) ;
#823 = EDGE_CURVE ( 'NONE', #490, #529, #1326, .T. ) ;
#824 = CARTESIAN_POINT ( 'NONE',  ( -0.005000000000000000100, 0.3680934099909672900, -0.1388150986193753000 ) ) ;
#825 = VERTEX_POINT ( 'NONE', #3355 ) ;
#826 = EDGE_CURVE ( 'NONE', #2545, #3178, #1445, .T. ) ;
#827 = CARTESIAN_POINT ( 'NONE',  ( 0.2000000000000005100, 0.0000000000000000000, 0.0000000000000000000 ) ) ;
#828 = CARTESIAN_POINT ( 'NONE',  ( -0.005000000000000000100, 0.2927342813417931900, -0.9016521882828797400 ) ) ;
#829 = ORIENTED_EDGE ( 'NONE', *, *, #2911, .F. ) ;
#830 =( LENGTH_UNIT ( ) NAMED_UNIT ( * ) SI_UNIT ( .MILLI., .METRE. ) );
#831 = ADVANCED_FACE ( 'NONE', ( #618 ), #3378, .F. ) ;
#832 = STYLED_ITEM ( 'NONE', ( #967 ), #2410 ) ;
#833 = VERTEX_POINT ( 'NONE', #1767 ) ;
#834 = DIRECTION ( 'NONE',  ( 0.0000000000000000000, -1.903994955167360800E-016, -1.000000000000000000 ) ) ;
#835 = CIRCLE ( 'NONE', #1775, 4.250000000000000000 ) ;
#836 = LINE ( 'NONE', #1108, #961 ) ;
#837 = CARTESIAN_POINT ( 'NONE',  ( -0.005000000000000000100, -0.05393646921773419900, 1.399174504413717800 ) ) ;
#838 = FILL_AREA_STYLE_COLOUR ( '', #2111 ) ;
#839 = FACE_OUTER_BOUND ( 'NONE', #1848, .T. ) ;
#840 =( LENGTH_UNIT ( ) NAMED_UNIT ( * ) SI_UNIT ( .MILLI., .METRE. ) );
#841 =( GEOMETRIC_REPRESENTATION_CONTEXT ( 3 ) GLOBAL_UNCERTAINTY_ASSIGNED_CONTEXT ( ( #1302 ) ) GLOBAL_UNIT_ASSIGNED_CONTEXT ( ( #1535, #462, #252 ) ) REPRESENTATION_CONTEXT ( 'NONE', 'WORKASPACE' ) );
#842 = UNCERTAINTY_MEASURE_WITH_UNIT (LENGTH_MEASURE( 1.000000000000000100E-005 ), #1636, 'distance_accuracy_value', 'NONE');
#843 = SURFACE_SIDE_STYLE ('',( #1189 ) ) ;
#844 = FILL_AREA_STYLE ('',( #2414 ) ) ;
#845 = EDGE_CURVE ( 'NONE', #1558, #2840, #2753, .T. ) ;
#846 =( NAMED_UNIT ( * ) SI_UNIT ( $, .STERADIAN. ) SOLID_ANGLE_UNIT ( ) );
#847 = ADVANCED_FACE ( 'NONE', ( #1980 ), #2143, .F. ) ;
#848 = SURFACE_SIDE_STYLE ('',( #746 ) ) ;
#849 = CARTESIAN_POINT ( 'NONE',  ( 7.852499999999998300, 5.204748896376250700E-016, 4.250000000000000000 ) ) ;
#850 = LINE ( 'NONE', #2831, #3018 ) ;
#851 = CARTESIAN_POINT ( 'NONE',  ( -0.005000000000000000100, 0.4706612939571652700, -1.263084146543252100 ) ) ;
#852 = AXIS2_PLACEMENT_3D ( 'NONE', #2560, #3358, #1285 ) ;
#853 = LINE ( 'NONE', #3115, #1915 ) ;
#854 = CARTESIAN_POINT ( 'NONE',  ( -0.005000000000000000100, 0.07204293857864706200, -1.967970823063391200 ) ) ;
#855 = CARTESIAN_POINT ( 'NONE',  ( 0.0000000000000000000, -0.05393646921773419900, 0.9980834009764542000 ) ) ;
#856 = ORIENTED_EDGE ( 'NONE', *, *, #722, .T. ) ;
#857 = VERTEX_POINT ( 'NONE', #3193 ) ;
#858 = SURFACE_SIDE_STYLE ('',( #993 ) ) ;
#859 = SURFACE_STYLE_FILL_AREA ( #2656 ) ;
#860 = ORIENTED_EDGE ( 'NONE', *, *, #2797, .T. ) ;
#861 = DIRECTION ( 'NONE',  ( 0.0000000000000000000, 0.9617234872620589200, 0.2740217765954088800 ) ) ;
#862 = PRESENTATION_LAYER_ASSIGNMENT (  '', '', ( #373 ) ) ;
#863 = PLANE ( 'NONE',  #2943 ) ;
#864 = FILL_AREA_STYLE ('',( #1402 ) ) ;
#865 = VERTEX_POINT ( 'NONE', #1319 ) ;
#866 = AXIS2_PLACEMENT_3D ( 'NONE', #108, #1163, #415 ) ;
#867 = VECTOR ( 'NONE', #1691, 1000.000000000000100 ) ;
#868 = DIRECTION ( 'NONE',  ( 0.0000000000000000000, 0.0000000000000000000, -1.000000000000000000 ) ) ;
#869 = ORIENTED_EDGE ( 'NONE', *, *, #2631, .F. ) ;
#870 = VERTEX_POINT ( 'NONE', #3155 ) ;
#871 = CARTESIAN_POINT ( 'NONE',  ( -0.005000000000000000100, -0.08311769719428983800, -0.01128161535484577600 ) ) ;
#872 = CARTESIAN_POINT ( 'NONE',  ( -0.005000000000000000100, -0.2862269899289315300, 1.371786688027796000 ) ) ;
#873 = PRESENTATION_STYLE_ASSIGNMENT (( #215 ) ) ;
#874 = CARTESIAN_POINT ( 'NONE',  ( -0.005000000000000000100, 0.2927030167103896200, 1.097976737910209200 ) ) ;
#875 = VERTEX_POINT ( 'NONE', #3162 ) ;
#876 = VECTOR ( 'NONE', #1212, 1000.000000000000000 ) ;
#877 = PRESENTATION_STYLE_ASSIGNMENT (( #348 ) ) ;
#878 =( GEOMETRIC_REPRESENTATION_CONTEXT ( 3 ) GLOBAL_UNCERTAINTY_ASSIGNED_CONTEXT ( ( #2836 ) ) GLOBAL_UNIT_ASSIGNED_CONTEXT ( ( #804, #3187, #256 ) ) REPRESENTATION_CONTEXT ( 'NONE', 'WORKASPACE' ) );
#879 = CARTESIAN_POINT ( 'NONE',  ( -0.005000000000000000100, 0.04345001279229223500, -1.699458807457130600 ) ) ;
#880 = LINE ( 'NONE', #2785, #1532 ) ;
#881 = CARTESIAN_POINT ( 'NONE',  ( -0.005000000000000000100, -0.4641000000000286000, 0.5025787976740189200 ) ) ;
#882 = PRESENTATION_LAYER_ASSIGNMENT (  '', '', ( #109 ) ) ;
#883 = PRESENTATION_STYLE_ASSIGNMENT (( #2827 ) ) ;
#884 = VECTOR ( 'NONE', #1525, 1000.000000000000000 ) ;
#885 = SURFACE_STYLE_USAGE ( .BOTH. , #2456 ) ;
#886 = PRESENTATION_STYLE_ASSIGNMENT (( #587 ) ) ;
#887 = DIRECTION ( 'NONE',  ( 0.0000000000000000000, 0.6995643972268819100, 0.7145695586383381500 ) ) ;
#888 = STYLED_ITEM ( 'NONE', ( #50 ), #1027 ) ;
#889 = SURFACE_SIDE_STYLE ('',( #771 ) ) ;
#890 = EDGE_CURVE ( 'NONE', #2460, #2207, #1647, .T. ) ;
#891 = DIRECTION ( 'NONE',  ( 0.0000000000000000000, 0.0000000000000000000, -1.000000000000000000 ) ) ;
#892 = VECTOR ( 'NONE', #2023, 1000.000000000000100 ) ;
#893 = VECTOR ( 'NONE', #1186, 1000.000000000000100 ) ;
#894 = ORIENTED_EDGE ( 'NONE', *, *, #122, .F. ) ;
#895 =( NAMED_UNIT ( * ) PLANE_ANGLE_UNIT ( ) SI_UNIT ( $, .RADIAN. ) );
#896 = MECHANICAL_DESIGN_GEOMETRIC_PRESENTATION_REPRESENTATION (  '', ( #1764 ), #1421 ) ;
#897 = ORIENTED_EDGE ( 'NONE', *, *, #959, .F. ) ;
#898 =( LENGTH_UNIT ( ) NAMED_UNIT ( * ) SI_UNIT ( .MILLI., .METRE. ) );
#899 = ORIENTED_EDGE ( 'NONE', *, *, #3253, .T. ) ;
#900 =( GEOMETRIC_REPRESENTATION_CONTEXT ( 3 ) GLOBAL_UNCERTAINTY_ASSIGNED_CONTEXT ( ( #668 ) ) GLOBAL_UNIT_ASSIGNED_CONTEXT ( ( #1831, #3100, #2858 ) ) REPRESENTATION_CONTEXT ( 'NONE', 'WORKASPACE' ) );
#901 = FACE_OUTER_BOUND ( 'NONE', #2216, .T. ) ;
#902 = VERTEX_POINT ( 'NONE', #540 ) ;
#903 = UNCERTAINTY_MEASURE_WITH_UNIT (LENGTH_MEASURE( 1.000000000000000100E-005 ), #487, 'distance_accuracy_value', 'NONE');
#904 = DIRECTION ( 'NONE',  ( 0.0000000000000000000, -2.043497108812546700E-016, -1.000000000000000000 ) ) ;
#905 = APPLICATION_CONTEXT ( 'automotive_design' ) ;
#906 = VECTOR ( 'NONE', #2015, 999.9999999999998900 ) ;
#907 = MECHANICAL_DESIGN_GEOMETRIC_PRESENTATION_REPRESENTATION (  '', ( #970 ), #1078 ) ;
#908 = DIRECTION ( 'NONE',  ( 0.0000000000000000000, 1.000000000000000000, 0.0000000000000000000 ) ) ;
#909 = ADVANCED_FACE ( 'NONE', ( #535 ), #2105, .T. ) ;
#910 = ORIENTED_EDGE ( 'NONE', *, *, #1590, .F. ) ;
#911 = DIRECTION ( 'NONE',  ( 0.0000000000000000000, 0.9619530280415594700, 0.2732148821745892200 ) ) ;
#912 = SURFACE_STYLE_FILL_AREA ( #1388 ) ;
#913 = EDGE_LOOP ( 'NONE', ( #695, #996, #1638, #1219 ) ) ;
#914 = SURFACE_STYLE_USAGE ( .BOTH. , #677 ) ;
#915 = EDGE_CURVE ( 'NONE', #2219, #1057, #412, .T. ) ;
#916 = ORIENTED_EDGE ( 'NONE', *, *, #1349, .T. ) ;
#917 = LINE ( 'NONE', #2520, #2061 ) ;
#918 = EDGE_CURVE ( 'NONE', #721, #1404, #1116, .T. ) ;
#919 = DIRECTION ( 'NONE',  ( 0.0000000000000000000, -3.147719821763145200E-016, -1.000000000000000000 ) ) ;
#920 = SHAPE_DEFINITION_REPRESENTATION ( #3413, #1622 ) ;
#921 = CARTESIAN_POINT ( 'NONE',  ( 8.133749999999999100, 0.0000000000000000000, 4.250000000000000000 ) ) ;
#922 = COLOUR_RGB ( '',0.0000000000000000000, 0.0000000000000000000, 0.0000000000000000000 ) ;
#923 = FILL_AREA_STYLE ('',( #148 ) ) ;
#924 = DIRECTION ( 'NONE',  ( 1.000000000000000000, 0.0000000000000000000, 0.0000000000000000000 ) ) ;
#925 = ADVANCED_FACE ( 'NONE', ( #2430 ), #1083, .F. ) ;
#926 = AXIS2_PLACEMENT_3D ( 'NONE', #1685, #2218, #1411 ) ;
#927 = PLANE ( 'NONE',  #394 ) ;
#928 = DIRECTION ( 'NONE',  ( 1.000000000000000000, 0.0000000000000000000, 0.0000000000000000000 ) ) ;
#929 = COLOUR_RGB ( '',0.0000000000000000000, 0.0000000000000000000, 0.0000000000000000000 ) ;
#930 = EDGE_CURVE ( 'NONE', #2471, #1745, #613, .T. ) ;
#931 = LINE ( 'NONE', #1298, #1545 ) ;
#932 = PLANE ( 'NONE',  #2033 ) ;
#933 = ORIENTED_EDGE ( 'NONE', *, *, #465, .F. ) ;
#934 = EDGE_CURVE ( 'NONE', #3299, #2294, #130, .T. ) ;
#935 = CIRCLE ( 'NONE', #1785, 0.3250000000000000100 ) ;
#936 = FILL_AREA_STYLE_COLOUR ( '', #1645 ) ;
#937 = VECTOR ( 'NONE', #1987, 1000.000000000000200 ) ;
#938 = ORIENTED_EDGE ( 'NONE', *, *, #1483, .F. ) ;
#939 = ORIENTED_EDGE ( 'NONE', *, *, #2224, .F. ) ;
#940 = SURFACE_STYLE_USAGE ( .BOTH. , #1211 ) ;
#941 = MECHANICAL_DESIGN_GEOMETRIC_PRESENTATION_REPRESENTATION (  '', ( #409 ), #1363 ) ;
#942 = ORIENTED_EDGE ( 'NONE', *, *, #2872, .F. ) ;
#943 = DIRECTION ( 'NONE',  ( 1.000000000000000000, -0.0000000000000000000, -0.0000000000000000000 ) ) ;
#944 = DIRECTION ( 'NONE',  ( 0.0000000000000000000, 0.9612861490927303600, 0.2755520632520628300 ) ) ;
#945 = VECTOR ( 'NONE', #3105, 1000.000000000000000 ) ;
#946 = ORIENTED_EDGE ( 'NONE', *, *, #1082, .T. ) ;
#947 = CARTESIAN_POINT ( 'NONE',  ( 9.000000000000000000, 1.750000000000000000, 0.0000000000000000000 ) ) ;
#948 = UNCERTAINTY_MEASURE_WITH_UNIT (LENGTH_MEASURE( 1.000000000000000100E-005 ), #2679, 'distance_accuracy_value', 'NONE');
#949 = MECHANICAL_DESIGN_GEOMETRIC_PRESENTATION_REPRESENTATION (  '', ( #995 ), #1164 ) ;
#950 = VECTOR ( 'NONE', #904, 1000.000000000000000 ) ;
#951 = ORIENTED_EDGE ( 'NONE', *, *, #2264, .T. ) ;
#952 = AXIS2_PLACEMENT_3D ( 'NONE', #361, #619, #891 ) ;
#953 =( NAMED_UNIT ( * ) SI_UNIT ( $, .STERADIAN. ) SOLID_ANGLE_UNIT ( ) );
#954 = ORIENTED_EDGE ( 'NONE', *, *, #424, .T. ) ;
#955 = UNCERTAINTY_MEASURE_WITH_UNIT (LENGTH_MEASURE( 1.000000000000000100E-005 ), #980, 'distance_accuracy_value', 'NONE');
#956 = DIRECTION ( 'NONE',  ( 1.000000000000000000, 0.0000000000000000000, 0.0000000000000000000 ) ) ;
#957 = COLOUR_RGB ( '',0.0000000000000000000, 0.0000000000000000000, 0.0000000000000000000 ) ;
#958 =( LENGTH_UNIT ( ) NAMED_UNIT ( * ) SI_UNIT ( .MILLI., .METRE. ) );
#959 = EDGE_CURVE ( 'NONE', #288, #2299, #1933, .T. ) ;
#960 = FILL_AREA_STYLE_COLOUR ( '', #814 ) ;
#961 = VECTOR ( 'NONE', #432, 1000.000000000000000 ) ;
#962 = DIRECTION ( 'NONE',  ( 1.000000000000000000, 0.0000000000000000000, 0.0000000000000000000 ) ) ;
#963 = CARTESIAN_POINT ( 'NONE',  ( -0.005000000000000000100, 0.4706612939571652700, -1.570705373510844000 ) ) ;
#964 = CYLINDRICAL_SURFACE ( 'NONE', #3026, 4.250000000000000000 ) ;
#965 = DIRECTION ( 'NONE',  ( 0.0000000000000000000, 0.9611638845409016300, 0.2759782365590523500 ) ) ;
#966 = STYLED_ITEM ( 'NONE', ( #427 ), #3069 ) ;
#967 = PRESENTATION_STYLE_ASSIGNMENT (( #3244 ) ) ;
#968 = DIRECTION ( 'NONE',  ( 0.0000000000000000000, 0.0000000000000000000, -1.000000000000000000 ) ) ;
#969 = DIRECTION ( 'NONE',  ( 0.0000000000000000000, 0.9612934544747654400, 0.2755265765474755300 ) ) ;
#970 = STYLED_ITEM ( 'NONE', ( #1863 ), #503 ) ;
#971 = LINE ( 'NONE', #1192, #2857 ) ;
#972 = DIRECTION ( 'NONE',  ( 0.0000000000000000000, 0.9617234872620589200, 0.2740217765954088300 ) ) ;
#973 = COLOUR_RGB ( '',0.0000000000000000000, 0.0000000000000000000, 0.0000000000000000000 ) ;
#974 = ADVANCED_FACE ( 'NONE', ( #3333 ), #2418, .F. ) ;
#975 = PRESENTATION_STYLE_ASSIGNMENT (( #3272 ) ) ;
#976 = DIRECTION ( 'NONE',  ( 0.0000000000000000000, 0.0000000000000000000, -1.000000000000000000 ) ) ;
#977 = AXIS2_PLACEMENT_3D ( 'NONE', #854, #2461, #344 ) ;
#978 = VECTOR ( 'NONE', #729, 1000.000000000000000 ) ;
#979 = EDGE_CURVE ( 'NONE', #2251, #2880, #1403, .T. ) ;
#980 =( LENGTH_UNIT ( ) NAMED_UNIT ( * ) SI_UNIT ( .MILLI., .METRE. ) );
#981 = COLOUR_RGB ( '',0.0000000000000000000, 0.0000000000000000000, 0.0000000000000000000 ) ;
#982 = ORIENTED_EDGE ( 'NONE', *, *, #1258, .F. ) ;
#983 = ORIENTED_EDGE ( 'NONE', *, *, #2959, .T. ) ;
#984 = MECHANICAL_DESIGN_GEOMETRIC_PRESENTATION_REPRESENTATION (  '', ( #1334 ), #2733 ) ;
#985 = VERTEX_POINT ( 'NONE', #3231 ) ;
#986 = DIRECTION ( 'NONE',  ( 0.0000000000000000000, 0.9610992334304873100, 0.2762033010290240200 ) ) ;
#987 = ORIENTED_EDGE ( 'NONE', *, *, #2932, .F. ) ;
#988 = DIRECTION ( 'NONE',  ( 1.000000000000000000, 0.0000000000000000000, 0.0000000000000000000 ) ) ;
#989 = CARTESIAN_POINT ( 'NONE',  ( -0.005000000000000000100, -0.4641000000000289300, -0.1854619274410220200 ) ) ;
#990 = EDGE_LOOP ( 'NONE', ( #3030, #2173, #2376, #2999 ) ) ;
#991 =( NAMED_UNIT ( * ) PLANE_ANGLE_UNIT ( ) SI_UNIT ( $, .RADIAN. ) );
#992 = CARTESIAN_POINT ( 'NONE',  ( 0.0000000000000000000, -0.4641000000000000100, -2.388500000000000500 ) ) ;
#993 = SURFACE_STYLE_FILL_AREA ( #2685 ) ;
#994 = ADVANCED_FACE ( 'NONE', ( #580 ), #314, .F. ) ;
#995 = STYLED_ITEM ( 'NONE', ( #336 ), #1622 ) ;
#996 = ORIENTED_EDGE ( 'NONE', *, *, #224, .F. ) ;
#997 = CARTESIAN_POINT ( 'NONE',  ( -0.005000000000000000100, -0.05393646921773419900, 0.9980834009764542000 ) ) ;
#998 =( GEOMETRIC_REPRESENTATION_CONTEXT ( 3 ) GLOBAL_UNCERTAINTY_ASSIGNED_CONTEXT ( ( #2984 ) ) GLOBAL_UNIT_ASSIGNED_CONTEXT ( ( #2812, #3337, #3065 ) ) REPRESENTATION_CONTEXT ( 'NONE', 'WORKASPACE' ) );
#999 = ORIENTED_EDGE ( 'NONE', *, *, #1637, .T. ) ;
#1000 = CARTESIAN_POINT ( 'NONE',  ( 0.0000000000000000000, 0.04345001279228703100, -1.977222312223316100 ) ) ;
#1001 = EDGE_CURVE ( 'NONE', #3, #3252, #209, .T. ) ;
#1002 =( NAMED_UNIT ( * ) SI_UNIT ( $, .STERADIAN. ) SOLID_ANGLE_UNIT ( ) );
#1003 = FILL_AREA_STYLE_COLOUR ( '', #267 ) ;
#1004 = VECTOR ( 'NONE', #956, 1000.000000000000000 ) ;
#1005 = SURFACE_SIDE_STYLE ('',( #2735 ) ) ;
#1006 = EDGE_CURVE ( 'NONE', #1560, #1440, #1365, .T. ) ;
#1007 = CARTESIAN_POINT ( 'NONE',  ( -0.005000000000000000100, 0.4706612939571654900, 0.3613496161570116700 ) ) ;
#1008 = CARTESIAN_POINT ( 'NONE',  ( -0.005000000000000000100, 0.4706612939571654900, -1.853707125018472200 ) ) ;
#1009 =( GEOMETRIC_REPRESENTATION_CONTEXT ( 3 ) GLOBAL_UNCERTAINTY_ASSIGNED_CONTEXT ( ( #2674 ) ) GLOBAL_UNIT_ASSIGNED_CONTEXT ( ( #1372, #3022, #1442 ) ) REPRESENTATION_CONTEXT ( 'NONE', 'WORKASPACE' ) );
#1010 = LINE ( 'NONE', #1000, #1661 ) ;
#1011 = SURFACE_STYLE_USAGE ( .BOTH. , #772 ) ;
#1012 = UNCERTAINTY_MEASURE_WITH_UNIT (LENGTH_MEASURE( 1.000000000000000100E-005 ), #2787, 'distance_accuracy_value', 'NONE');
#1013 =( NAMED_UNIT ( * ) PLANE_ANGLE_UNIT ( ) SI_UNIT ( $, .RADIAN. ) );
#1014 = LINE ( 'NONE', #3393, #2696 ) ;
#1015 = SURFACE_SIDE_STYLE ('',( #1054 ) ) ;
#1016 = DIRECTION ( 'NONE',  ( 0.0000000000000000000, 1.000000000000000000, -2.480431458422449600E-016 ) ) ;
#1017 = ORIENTED_EDGE ( 'NONE', *, *, #3353, .T. ) ;
#1018 = CARTESIAN_POINT ( 'NONE',  ( 0.2000000000000005100, 4.959819536546780600E-016, 4.050000000000000700 ) ) ;
#1019 = ORIENTED_EDGE ( 'NONE', *, *, #1063, .F. ) ;
#1020 = EDGE_CURVE ( 'NONE', #2373, #3127, #1438, .T. ) ;
#1021 = ORIENTED_EDGE ( 'NONE', *, *, #2749, .F. ) ;
#1022 = SURFACE_STYLE_USAGE ( .BOTH. , #485 ) ;
#1023 = FILL_AREA_STYLE_COLOUR ( '', #1176 ) ;
#1024 = CARTESIAN_POINT ( 'NONE',  ( 0.0000000000000000000, 0.4706612939571652700, -1.570705373510844000 ) ) ;
#1025 = ORIENTED_EDGE ( 'NONE', *, *, #2648, .T. ) ;
#1026 =( NAMED_UNIT ( * ) SI_UNIT ( $, .STERADIAN. ) SOLID_ANGLE_UNIT ( ) );
#1027 = ADVANCED_FACE ( 'NONE', ( #2139 ), #1479, .T. ) ;
#1028 = MECHANICAL_DESIGN_GEOMETRIC_PRESENTATION_REPRESENTATION (  '', ( #18 ), #2918 ) ;
#1029 = ORIENTED_EDGE ( 'NONE', *, *, #1047, .F. ) ;
#1030 = CARTESIAN_POINT ( 'NONE',  ( -0.005000000000000000100, 0.4706612939571652700, -2.119865767362318000 ) ) ;
#1031 = LINE ( 'NONE', #3325, #906 ) ;
#1032 = CARTESIAN_POINT ( 'NONE',  ( -0.005000000000000000100, -0.05393646921602029300, -0.6003918925204553300 ) ) ;
#1033 = ORIENTED_EDGE ( 'NONE', *, *, #1697, .F. ) ;
#1034 =( NAMED_UNIT ( * ) SI_UNIT ( $, .STERADIAN. ) SOLID_ANGLE_UNIT ( ) );
#1035 = PRESENTATION_STYLE_ASSIGNMENT (( #12 ) ) ;
#1036 = CARTESIAN_POINT ( 'NONE',  ( -0.005000000000000000100, 0.2914979073132797900, 1.526336283689422800 ) ) ;
#1037 = ORIENTED_EDGE ( 'NONE', *, *, #2711, .T. ) ;
#1038 = CARTESIAN_POINT ( 'NONE',  ( -0.005000000000000000100, -0.4641000000000287100, 0.06373707393421716700 ) ) ;
#1039 = PRESENTATION_LAYER_ASSIGNMENT (  '', '', ( #3158 ) ) ;
#1040 = CARTESIAN_POINT ( 'NONE',  ( 7.852499999999998300, 5.204748896376250700E-016, 4.250000000000000000 ) ) ;
#1041 = COLOUR_RGB ( '',0.0000000000000000000, 0.0000000000000000000, 0.0000000000000000000 ) ;
#1042 = FILL_AREA_STYLE ('',( #2518 ) ) ;
#1043 = FILL_AREA_STYLE ('',( #1951 ) ) ;
#1044 = CARTESIAN_POINT ( 'NONE',  ( -0.005000000000000000100, 0.07204293857864706200, -1.967970823063391200 ) ) ;
#1045 = PLANE ( 'NONE',  #758 ) ;
#1046 =( NAMED_UNIT ( * ) PLANE_ANGLE_UNIT ( ) SI_UNIT ( $, .RADIAN. ) );
#1047 = EDGE_CURVE ( 'NONE', #1202, #288, #693, .T. ) ;
#1048 = FILL_AREA_STYLE ('',( #3396 ) ) ;
#1049 = UNCERTAINTY_MEASURE_WITH_UNIT (LENGTH_MEASURE( 1.000000000000000100E-005 ), #32, 'distance_accuracy_value', 'NONE');
#1050 =( GEOMETRIC_REPRESENTATION_CONTEXT ( 3 ) GLOBAL_UNCERTAINTY_ASSIGNED_CONTEXT ( ( #948 ) ) GLOBAL_UNIT_ASSIGNED_CONTEXT ( ( #2679, #3237, #2951 ) ) REPRESENTATION_CONTEXT ( 'NONE', 'WORKASPACE' ) );
#1051 = CARTESIAN_POINT ( 'NONE',  ( -0.005000000000000000100, 0.4706612939571652700, -1.115800696540586400 ) ) ;
#1052 =( NAMED_UNIT ( * ) PLANE_ANGLE_UNIT ( ) SI_UNIT ( $, .RADIAN. ) );
#1053 =( GEOMETRIC_REPRESENTATION_CONTEXT ( 3 ) GLOBAL_UNCERTAINTY_ASSIGNED_CONTEXT ( ( #1912 ) ) GLOBAL_UNIT_ASSIGNED_CONTEXT ( ( #2188, #3263, #609 ) ) REPRESENTATION_CONTEXT ( 'NONE', 'WORKASPACE' ) );
#1054 = SURFACE_STYLE_FILL_AREA ( #2600 ) ;
#1055 = ORIENTED_EDGE ( 'NONE', *, *, #1287, .F. ) ;
#1056 = STYLED_ITEM ( 'NONE', ( #11 ), #745 ) ;
#1057 = VERTEX_POINT ( 'NONE', #1952 ) ;
#1058 = FILL_AREA_STYLE_COLOUR ( '', #1596 ) ;
#1059 = COLOUR_RGB ( '',0.0000000000000000000, 0.0000000000000000000, 0.0000000000000000000 ) ;
#1060 = DIRECTION ( 'NONE',  ( -1.000000000000000000, -0.0000000000000000000, -0.0000000000000000000 ) ) ;
#1061 = ORIENTED_EDGE ( 'NONE', *, *, #1330, .F. ) ;
#1062 = FILL_AREA_STYLE ('',( #2354 ) ) ;
#1063 = EDGE_CURVE ( 'NONE', #1964, #3169, #1195, .T. ) ;
#1064 = ORIENTED_EDGE ( 'NONE', *, *, #181, .F. ) ;
#1065 = CARTESIAN_POINT ( 'NONE',  ( -0.005000000000000000100, 0.3680934099909672900, -0.1388150986193753000 ) ) ;
#1066 = CARTESIAN_POINT ( 'NONE',  ( 0.0000000000000000000, 0.4706612939571657200, 1.577871764587617500 ) ) ;
#1067 = LINE ( 'NONE', #3283, #1564 ) ;
#1068 = ORIENTED_EDGE ( 'NONE', *, *, #1505, .T. ) ;
#1069 = PRESENTATION_LAYER_ASSIGNMENT (  '', '', ( #1466 ) ) ;
#1070 = DIRECTION ( 'NONE',  ( 0.0000000000000000000, 0.9610876102172872800, 0.2762437428917142200 ) ) ;
#1071 = ORIENTED_EDGE ( 'NONE', *, *, #3400, .F. ) ;
#1072 = DIRECTION ( 'NONE',  ( 1.000000000000000000, 0.0000000000000000000, 0.0000000000000000000 ) ) ;
#1073 = STYLED_ITEM ( 'NONE', ( #2522 ), #3194 ) ;
#1074 = EDGE_LOOP ( 'NONE', ( #1432, #87, #1650, #1718, #821, #2921, #114, #2278, #1748, #455, #999, #951, #3225, #653, #156, #1568, #2957, #2051, #562, #414, #2755, #3125, #1348 ) ) ;
#1075 = DIRECTION ( 'NONE',  ( -0.0000000000000000000, -0.9610029908221280300, -0.2765379750249951600 ) ) ;
#1076 = PRESENTATION_STYLE_ASSIGNMENT (( #1206 ) ) ;
#1077 = FILL_AREA_STYLE_COLOUR ( '', #1093 ) ;
#1078 =( GEOMETRIC_REPRESENTATION_CONTEXT ( 3 ) GLOBAL_UNCERTAINTY_ASSIGNED_CONTEXT ( ( #1255 ) ) GLOBAL_UNIT_ASSIGNED_CONTEXT ( ( #1958, #895, #1945 ) ) REPRESENTATION_CONTEXT ( 'NONE', 'WORKASPACE' ) );
#1079 =( LENGTH_UNIT ( ) NAMED_UNIT ( * ) SI_UNIT ( .MILLI., .METRE. ) );
#1080 = PRESENTATION_LAYER_ASSIGNMENT (  '', '', ( #658 ) ) ;
#1081 = VECTOR ( 'NONE', #2671, 1000.000000000000000 ) ;
#1082 = EDGE_CURVE ( 'NONE', #3142, #1796, #3173, .T. ) ;
#1083 = PLANE ( 'NONE',  #2707 ) ;
#1084 = ADVANCED_FACE ( 'NONE', ( #528 ), #927, .T. ) ;
#1085 = CARTESIAN_POINT ( 'NONE',  ( 0.0000000000000000000, 0.2901762661115319700, 1.810514722201963700 ) ) ;
#1086 = SURFACE_SIDE_STYLE ('',( #3397 ) ) ;
#1087 = EDGE_CURVE ( 'NONE', #3362, #1324, #489, .T. ) ;
#1088 = FACE_BOUND ( 'NONE', #1226, .T. ) ;
#1089 = VECTOR ( 'NONE', #2466, 1000.000000000000200 ) ;
#1090 = CARTESIAN_POINT ( 'NONE',  ( 0.0000000000000000000, -0.05393646921773419900, 1.399174504413717800 ) ) ;
#1091 = COLOUR_RGB ( '',0.0000000000000000000, 0.0000000000000000000, 0.0000000000000000000 ) ;
#1092 = STYLED_ITEM ( 'NONE', ( #754 ), #2741 ) ;
#1093 = COLOUR_RGB ( '',0.0000000000000000000, 0.0000000000000000000, 0.0000000000000000000 ) ;
#1094 = FILL_AREA_STYLE_COLOUR ( '', #1763 ) ;
#1095 = SURFACE_STYLE_FILL_AREA ( #1516 ) ;
#1096 = ORIENTED_EDGE ( 'NONE', *, *, #2095, .T. ) ;
#1097 = EDGE_LOOP ( 'NONE', ( #2540, #2457, #3036, #2509 ) ) ;
#1098 = DIRECTION ( 'NONE',  ( 1.000000000000000000, 0.0000000000000000000, 0.0000000000000000000 ) ) ;
#1099 = PRESENTATION_LAYER_ASSIGNMENT (  '', '', ( #1607 ) ) ;
#1100 = FILL_AREA_STYLE_COLOUR ( '', #629 ) ;
#1101 = VERTEX_POINT ( 'NONE', #2988 ) ;
#1102 =( NAMED_UNIT ( * ) SI_UNIT ( $, .STERADIAN. ) SOLID_ANGLE_UNIT ( ) );
#1103 = EDGE_LOOP ( 'NONE', ( #76, #2002, #2186, #1481 ) ) ;
#1104 = ADVANCED_FACE ( 'NONE', ( #2014 ), #3294, .F. ) ;
#1105 = LINE ( 'NONE', #1827, #3074 ) ;
#1106 = ORIENTED_EDGE ( 'NONE', *, *, #3116, .F. ) ;
#1107 = PLANE ( 'NONE',  #2773 ) ;
#1108 = CARTESIAN_POINT ( 'NONE',  ( -0.005000000000000000100, 0.4706612939571652700, -1.570705373510844000 ) ) ;
#1109 = ORIENTED_EDGE ( 'NONE', *, *, #1001, .T. ) ;
#1110 = DIRECTION ( 'NONE',  ( 0.0000000000000000000, 0.2763139702539114700, -0.9610674221107073900 ) ) ;
#1111 = ORIENTED_EDGE ( 'NONE', *, *, #2264, .F. ) ;
#1112 = EDGE_CURVE ( 'NONE', #1720, #1879, #1067, .T. ) ;
#1113 =( LENGTH_UNIT ( ) NAMED_UNIT ( * ) SI_UNIT ( .MILLI., .METRE. ) );
#1114 = DIRECTION ( 'NONE',  ( 0.0000000000000000000, 1.224646799147353000E-016, 1.000000000000000000 ) ) ;
#1115 = ORIENTED_EDGE ( 'NONE', *, *, #1215, .F. ) ;
#1116 = LINE ( 'NONE', #2403, #1608 ) ;
#1117 = MECHANICAL_DESIGN_GEOMETRIC_PRESENTATION_REPRESENTATION (  '', ( #1291 ), #2521 ) ;
#1118 = EDGE_LOOP ( 'NONE', ( #451, #1606, #493, #2420 ) ) ;
#1119 = FILL_AREA_STYLE ('',( #3259 ) ) ;
#1120 = SURFACE_STYLE_FILL_AREA ( #2038 ) ;
#1121 = CARTESIAN_POINT ( 'NONE',  ( 0.0000000000000000000, 0.1188375638308397100, 1.047384881157789300 ) ) ;
#1122 = UNCERTAINTY_MEASURE_WITH_UNIT (LENGTH_MEASURE( 1.000000000000000100E-005 ), #2844, 'distance_accuracy_value', 'NONE');
#1123 = CARTESIAN_POINT ( 'NONE',  ( -0.005000000000000000100, 0.2927342813417934100, -0.4757653905587055400 ) ) ;
#1124 = LINE ( 'NONE', #1454, #876 ) ;
#1125 = SURFACE_STYLE_USAGE ( .BOTH. , #1156 ) ;
#1126 = CARTESIAN_POINT ( 'NONE',  ( -0.005000000000000000100, -0.4641000000000286000, 0.6150746229693603300 ) ) ;
#1127 = PRESENTATION_STYLE_ASSIGNMENT (( #2958 ) ) ;
#1128 = VECTOR ( 'NONE', #1322, 1000.000000000000000 ) ;
#1129 =( NAMED_UNIT ( * ) SI_UNIT ( $, .STERADIAN. ) SOLID_ANGLE_UNIT ( ) );
#1130 = PLANE ( 'NONE',  #2378 ) ;
#1131 = EDGE_CURVE ( 'NONE', #1554, #3362, #1890, .T. ) ;
#1132 = SURFACE_SIDE_STYLE ('',( #716 ) ) ;
#1133 =( NAMED_UNIT ( * ) PLANE_ANGLE_UNIT ( ) SI_UNIT ( $, .RADIAN. ) );
#1134 = FACE_BOUND ( 'NONE', #2427, .T. ) ;
#1135 = DIRECTION ( 'NONE',  ( 1.000000000000000000, 0.0000000000000000000, 0.0000000000000000000 ) ) ;
#1136 = CIRCLE ( 'NONE', #515, 0.3250000000000000100 ) ;
#1137 = FACE_OUTER_BOUND ( 'NONE', #1529, .T. ) ;
#1138 = SURFACE_SIDE_STYLE ('',( #2568 ) ) ;
#1139 = LINE ( 'NONE', #2310, #636 ) ;
#1140 = DIRECTION ( 'NONE',  ( 0.0000000000000000000, 0.9237839814038914000, -0.3829140317376404900 ) ) ;
#1141 =( GEOMETRIC_REPRESENTATION_CONTEXT ( 3 ) GLOBAL_UNCERTAINTY_ASSIGNED_CONTEXT ( ( #2333 ) ) GLOBAL_UNIT_ASSIGNED_CONTEXT ( ( #1996, #3052, #1034 ) ) REPRESENTATION_CONTEXT ( 'NONE', 'WORKASPACE' ) );
#1142 = VERTEX_POINT ( 'NONE', #1461 ) ;
#1143 = EDGE_LOOP ( 'NONE', ( #1765, #829, #3282, #982, #2964, #2416, #211, #2628, #396, #2961, #3202, #2090, #3330, #3412, #1684, #2682, #1401 ) ) ;
#1144 = LINE ( 'NONE', #2700, #2125 ) ;
#1145 = VERTEX_POINT ( 'NONE', #1942 ) ;
#1146 =( GEOMETRIC_REPRESENTATION_CONTEXT ( 3 ) GLOBAL_UNCERTAINTY_ASSIGNED_CONTEXT ( ( #2220 ) ) GLOBAL_UNIT_ASSIGNED_CONTEXT ( ( #2076, #2906, #2387 ) ) REPRESENTATION_CONTEXT ( 'NONE', 'WORKASPACE' ) );
#1147 = FILL_AREA_STYLE_COLOUR ( '', #3059 ) ;
#1148 = SURFACE_SIDE_STYLE ('',( #2640 ) ) ;
#1149 = EDGE_LOOP ( 'NONE', ( #1366, #1932, #1394, #657 ) ) ;
#1150 = MECHANICAL_DESIGN_GEOMETRIC_PRESENTATION_REPRESENTATION (  '', ( #798 ), #1328 ) ;
#1151 = EDGE_CURVE ( 'NONE', #3042, #3004, #2381, .T. ) ;
#1152 = VERTEX_POINT ( 'NONE', #371 ) ;
#1153 = UNCERTAINTY_MEASURE_WITH_UNIT (LENGTH_MEASURE( 1.000000000000000100E-005 ), #1893, 'distance_accuracy_value', 'NONE');
#1154 = MECHANICAL_DESIGN_GEOMETRIC_PRESENTATION_REPRESENTATION (  '', ( #3093 ), #37 ) ;
#1155 = EDGE_LOOP ( 'NONE', ( #1393, #239, #2016, #3175, #153, #525, #2239, #2335, #2784, #1920, #2127, #3046, #1674, #2625, #2876, #1875, #2621, #2660, #297, #651, #1521, #1185, #1549 ) ) ;
#1156 = SURFACE_SIDE_STYLE ('',( #1240 ) ) ;
#1157 = SURFACE_SIDE_STYLE ('',( #2899 ) ) ;
#1158 = PLANE ( 'NONE',  #926 ) ;
#1159 = CLOSED_SHELL ( 'NONE', ( #2324, #925, #3002, #719, #1161, #2794, #1227, #2469, #3334, #2137, #2395, #436, #231, #2928, #2849, #2410, #3388, #2270, #1602, #831, #1540, #481, #994, #2654, #635 ) ) ;
#1160 = STYLED_ITEM ( 'NONE', ( #1127 ), #2882 ) ;
#1161 = ADVANCED_FACE ( 'NONE', ( #251 ), #2256, .F. ) ;
#1162 = SURFACE_STYLE_FILL_AREA ( #287 ) ;
#1163 = DIRECTION ( 'NONE',  ( 1.000000000000000000, 0.0000000000000000000, 0.0000000000000000000 ) ) ;
#1164 =( GEOMETRIC_REPRESENTATION_CONTEXT ( 3 ) GLOBAL_UNCERTAINTY_ASSIGNED_CONTEXT ( ( #1934 ) ) GLOBAL_UNIT_ASSIGNED_CONTEXT ( ( #628, #2744, #1002 ) ) REPRESENTATION_CONTEXT ( 'NONE', 'WORKASPACE' ) );
#1165 = COLOUR_RGB ( '',0.0000000000000000000, 0.0000000000000000000, 0.0000000000000000000 ) ;
#1166 = FACE_OUTER_BOUND ( 'NONE', #2874, .T. ) ;
#1167 = CARTESIAN_POINT ( 'NONE',  ( -0.005000000000000000100, -0.2862610967964894200, -0.5495612876816065000 ) ) ;
#1168 = CARTESIAN_POINT ( 'NONE',  ( -0.005000000000000000100, -0.4641000000000286000, 0.5025787976740189200 ) ) ;
#1169 = AXIS2_PLACEMENT_3D ( 'NONE', #2079, #1016, #2401 ) ;
#1170 = EDGE_CURVE ( 'NONE', #2702, #1646, #1031, .T. ) ;
#1171 = UNCERTAINTY_MEASURE_WITH_UNIT (LENGTH_MEASURE( 1.000000000000000100E-005 ), #623, 'distance_accuracy_value', 'NONE');
#1172 = VECTOR ( 'NONE', #928, 1000.000000000000000 ) ;
#1173 = PRESENTATION_STYLE_ASSIGNMENT (( #2040 ) ) ;
#1174 = EDGE_CURVE ( 'NONE', #119, #3042, #1600, .T. ) ;
#1175 =( LENGTH_UNIT ( ) NAMED_UNIT ( * ) SI_UNIT ( .MILLI., .METRE. ) );
#1176 = COLOUR_RGB ( '',0.8941176470588234600, 0.9137254901960784000, 0.9294117647058823800 ) ;
#1177 = SURFACE_STYLE_FILL_AREA ( #2422 ) ;
#1178 = FILL_AREA_STYLE ('',( #1901 ) ) ;
#1179 = PLANE ( 'NONE',  #64 ) ;
#1180 = VECTOR ( 'NONE', #3331, 1000.000000000000000 ) ;
#1181 = EDGE_LOOP ( 'NONE', ( #1271, #2492, #1308, #333 ) ) ;
#1182 = CARTESIAN_POINT ( 'NONE',  ( 8.133749999999999100, 5.204748896376250700E-016, -4.250000000000000000 ) ) ;
#1183 = VERTEX_POINT ( 'NONE', #3055 ) ;
#1184 = FACE_OUTER_BOUND ( 'NONE', #2824, .T. ) ;
#1185 = ORIENTED_EDGE ( 'NONE', *, *, #1082, .F. ) ;
#1186 = DIRECTION ( 'NONE',  ( 0.0000000000000000000, -0.8958676361827028200, -0.4443210308329064200 ) ) ;
#1187 = ORIENTED_EDGE ( 'NONE', *, *, #2866, .T. ) ;
#1188 = STYLED_ITEM ( 'NONE', ( #2349 ), #3219 ) ;
#1189 = SURFACE_STYLE_FILL_AREA ( #2413 ) ;
#1190 = ORIENTED_EDGE ( 'NONE', *, *, #1287, .T. ) ;
#1191 = STYLED_ITEM ( 'NONE', ( #3260 ), #847 ) ;
#1192 = CARTESIAN_POINT ( 'NONE',  ( -0.005000000000000000100, -0.4641000000000286000, 0.2650415035041395800 ) ) ;
#1193 = ORIENTED_EDGE ( 'NONE', *, *, #2729, .F. ) ;
#1194 = SURFACE_STYLE_USAGE ( .BOTH. , #2229 ) ;
#1195 = LINE ( 'NONE', #1451, #690 ) ;
#1196 = VERTEX_POINT ( 'NONE', #1229 ) ;
#1197 =( NAMED_UNIT ( * ) PLANE_ANGLE_UNIT ( ) SI_UNIT ( $, .RADIAN. ) );
#1198 = EDGE_CURVE ( 'NONE', #3130, #3299, #776, .T. ) ;
#1199 = CARTESIAN_POINT ( 'NONE',  ( -0.005000000000000000100, -0.4641000000000288200, -1.489076266063151800 ) ) ;
#1200 = UNCERTAINTY_MEASURE_WITH_UNIT (LENGTH_MEASURE( 1.000000000000000100E-005 ), #2549, 'distance_accuracy_value', 'NONE');
#1201 = COLOUR_RGB ( '',0.8980392156862745400, 0.9215686274509803400, 0.9294117647058823800 ) ;
#1202 = VERTEX_POINT ( 'NONE', #696 ) ;
#1203 = LINE ( 'NONE', #1221, #3140 ) ;
#1204 = AXIS2_PLACEMENT_3D ( 'NONE', #2397, #2651, #1561 ) ;
#1205 = DIRECTION ( 'NONE',  ( 1.000000000000000000, 0.0000000000000000000, 0.0000000000000000000 ) ) ;
#1206 = SURFACE_STYLE_USAGE ( .BOTH. , #177 ) ;
#1207 = DIRECTION ( 'NONE',  ( 0.0000000000000000000, 1.000000000000000000, -2.372545677633582300E-016 ) ) ;
#1208 = PLANE ( 'NONE',  #620 ) ;
#1209 =( GEOMETRIC_REPRESENTATION_CONTEXT ( 3 ) GLOBAL_UNCERTAINTY_ASSIGNED_CONTEXT ( ( #1974 ) ) GLOBAL_UNIT_ASSIGNED_CONTEXT ( ( #2091, #818, #6 ) ) REPRESENTATION_CONTEXT ( 'NONE', 'WORKASPACE' ) );
#1210 = FILL_AREA_STYLE_COLOUR ( '', #3040 ) ;
#1211 = SURFACE_SIDE_STYLE ('',( #1294 ) ) ;
#1212 = DIRECTION ( 'NONE',  ( 0.0000000000000000000, 0.0000000000000000000, -1.000000000000000000 ) ) ;
#1213 =( GEOMETRIC_REPRESENTATION_CONTEXT ( 3 ) GLOBAL_UNCERTAINTY_ASSIGNED_CONTEXT ( ( #2630 ) ) GLOBAL_UNIT_ASSIGNED_CONTEXT ( ( #1175, #640, #663 ) ) REPRESENTATION_CONTEXT ( 'NONE', 'WORKASPACE' ) );
#1214 = VECTOR ( 'NONE', #3061, 1000.000000000000000 ) ;
#1215 = EDGE_CURVE ( 'NONE', #362, #2742, #685, .T. ) ;
#1216 = SURFACE_STYLE_FILL_AREA ( #183 ) ;
#1217 = CARTESIAN_POINT ( 'NONE',  ( 27.99999999999999600, 1.750000000000000000, 0.0000000000000000000 ) ) ;
#1218 = LINE ( 'NONE', #2221, #3245 ) ;
#1219 = ORIENTED_EDGE ( 'NONE', *, *, #2286, .T. ) ;
#1220 = LINE ( 'NONE', #1199, #1676 ) ;
#1221 = CARTESIAN_POINT ( 'NONE',  ( -0.005000000000000000100, -0.4641000000000289300, -0.1854619274410220200 ) ) ;
#1222 = AXIS2_PLACEMENT_3D ( 'NONE', #1351, #2909, #46 ) ;
#1223 = ORIENTED_EDGE ( 'NONE', *, *, #826, .T. ) ;
#1224 = FILL_AREA_STYLE ('',( #1755 ) ) ;
#1225 = CARTESIAN_POINT ( 'NONE',  ( -0.005000000000000000100, 0.4706612939571654900, 0.7713295621164777400 ) ) ;
#1226 = EDGE_LOOP ( 'NONE', ( #133, #2704 ) ) ;
#1227 = ADVANCED_FACE ( 'NONE', ( #2960 ), #460, .F. ) ;
#1228 = PRESENTATION_STYLE_ASSIGNMENT (( #652 ) ) ;
#1229 = CARTESIAN_POINT ( 'NONE',  ( -0.005000000000000000100, -0.4641000000000289900, -0.3777621434046455900 ) ) ;
#1230 = ORIENTED_EDGE ( 'NONE', *, *, #800, .F. ) ;
#1231 = CARTESIAN_POINT ( 'NONE',  ( -0.005000000000000000100, -0.2862610967964894200, -1.067741274870060300 ) ) ;
#1232 = SURFACE_SIDE_STYLE ('',( #1725 ) ) ;
#1233 = ORIENTED_EDGE ( 'NONE', *, *, #1856, .F. ) ;
#1234 = CARTESIAN_POINT ( 'NONE',  ( -0.005000000000000000100, 0.04345001279229223500, -1.699458807457130600 ) ) ;
#1235 = COLOUR_RGB ( '',0.0000000000000000000, 0.0000000000000000000, 0.0000000000000000000 ) ;
#1236 = EDGE_CURVE ( 'NONE', #1560, #825, #2590, .T. ) ;
#1237 = EDGE_LOOP ( 'NONE', ( #2423, #2059 ) ) ;
#1238 = CARTESIAN_POINT ( 'NONE',  ( -0.005000000000000000100, 0.2927342813417934100, -0.4757653905587055400 ) ) ;
#1239 = DIRECTION ( 'NONE',  ( 0.0000000000000000000, 0.2740217765954088800, -0.9617234872620591400 ) ) ;
#1240 = SURFACE_STYLE_FILL_AREA ( #3243 ) ;
#1241 =( GEOMETRIC_REPRESENTATION_CONTEXT ( 3 ) GLOBAL_UNCERTAINTY_ASSIGNED_CONTEXT ( ( #1448 ) ) GLOBAL_UNIT_ASSIGNED_CONTEXT ( ( #145, #2474, #1700 ) ) REPRESENTATION_CONTEXT ( 'NONE', 'WORKASPACE' ) );
#1242 =( NAMED_UNIT ( * ) PLANE_ANGLE_UNIT ( ) SI_UNIT ( $, .RADIAN. ) );
#1243 = ADVANCED_FACE ( 'NONE', ( #2788 ), #1928, .T. ) ;
#1244 = CARTESIAN_POINT ( 'NONE',  ( -0.005000000000000000100, 0.4706612939571654900, 0.06608819870102282400 ) ) ;
#1245 = LINE ( 'NONE', #2039, #545 ) ;
#1246 = FILL_AREA_STYLE_COLOUR ( '', #272 ) ;
#1247 = PRESENTATION_LAYER_ASSIGNMENT (  '', '', ( #2762 ) ) ;
#1248 =( NAMED_UNIT ( * ) SI_UNIT ( $, .STERADIAN. ) SOLID_ANGLE_UNIT ( ) );
#1249 = CARTESIAN_POINT ( 'NONE',  ( 9.000000000000000000, 0.0000000000000000000, 4.250000000000000000 ) ) ;
#1250 = VECTOR ( 'NONE', #128, 1000.000000000000100 ) ;
#1251 = MECHANICAL_DESIGN_GEOMETRIC_PRESENTATION_REPRESENTATION (  '', ( #744 ), #268 ) ;
#1252 = DIRECTION ( 'NONE',  ( 0.0000000000000000000, -7.938847109764682000E-005, 0.9999999968487352000 ) ) ;
#1253 = FACE_OUTER_BOUND ( 'NONE', #2212, .T. ) ;
#1254 = DIRECTION ( 'NONE',  ( 1.000000000000000000, 0.0000000000000000000, 0.0000000000000000000 ) ) ;
#1255 = UNCERTAINTY_MEASURE_WITH_UNIT (LENGTH_MEASURE( 1.000000000000000100E-005 ), #1958, 'distance_accuracy_value', 'NONE');
#1256 = PLANE ( 'NONE',  #2003 ) ;
#1257 = PRESENTATION_LAYER_ASSIGNMENT (  '', '', ( #798 ) ) ;
#1258 = EDGE_CURVE ( 'NONE', #1425, #84, #2011, .T. ) ;
#1259 = FILL_AREA_STYLE ('',( #1273 ) ) ;
#1260 = ORIENTED_EDGE ( 'NONE', *, *, #1087, .T. ) ;
#1261 = CARTESIAN_POINT ( 'NONE',  ( -0.005000000000000000100, 0.2927030167103896200, 1.097976737910209200 ) ) ;
#1262 = VECTOR ( 'NONE', #2752, 1000.000000000000000 ) ;
#1263 = CARTESIAN_POINT ( 'NONE',  ( -0.005000000000000000100, 0.4706612939571652700, -1.570705373510844000 ) ) ;
#1264 = ADVANCED_FACE ( 'NONE', ( #2246 ), #2289, .F. ) ;
#1265 = EDGE_CURVE ( 'NONE', #2251, #123, #732, .T. ) ;
#1266 = VECTOR ( 'NONE', #1405, 1000.000000000000000 ) ;
#1267 = ORIENTED_EDGE ( 'NONE', *, *, #2803, .T. ) ;
#1268 = ORIENTED_EDGE ( 'NONE', *, *, #2607, .F. ) ;
#1269 = SURFACE_STYLE_USAGE ( .BOTH. , #1838 ) ;
#1270 =( LENGTH_UNIT ( ) NAMED_UNIT ( * ) SI_UNIT ( .MILLI., .METRE. ) );
#1271 = ORIENTED_EDGE ( 'NONE', *, *, #1170, .T. ) ;
#1272 = CARTESIAN_POINT ( 'NONE',  ( -0.005000000000000000100, -0.2862269899289315900, 0.9317682772827679000 ) ) ;
#1273 = FILL_AREA_STYLE_COLOUR ( '', #2227 ) ;
#1274 = PLANE ( 'NONE',  #382 ) ;
#1275 = ORIENTED_EDGE ( 'NONE', *, *, #1898, .T. ) ;
#1276 = SURFACE_STYLE_USAGE ( .BOTH. , #714 ) ;
#1277 = PRESENTATION_LAYER_ASSIGNMENT (  '', '', ( #150 ) ) ;
#1278 = ORIENTED_EDGE ( 'NONE', *, *, #579, .F. ) ;
#1279 = CARTESIAN_POINT ( 'NONE',  ( -0.005000000000000000100, -0.4641000000000288200, -1.773493452664154600 ) ) ;
#1280 = PRESENTATION_STYLE_ASSIGNMENT (( #294 ) ) ;
#1281 = VERTEX_POINT ( 'NONE', #2888 ) ;
#1282 = EDGE_CURVE ( 'NONE', #3252, #2580, #1436, .T. ) ;
#1283 = ADVANCED_FACE ( 'NONE', ( #1361 ), #2315, .F. ) ;
#1284 = CARTESIAN_POINT ( 'NONE',  ( -0.005000000000000000100, 0.3680934099909672900, -0.1388150986193753000 ) ) ;
#1285 = DIRECTION ( 'NONE',  ( 0.0000000000000000000, 0.0000000000000000000, -1.000000000000000000 ) ) ;
#1286 = VECTOR ( 'NONE', #911, 1000.000000000000000 ) ;
#1287 = EDGE_CURVE ( 'NONE', #323, #2840, #3212, .T. ) ;
#1288 = DIRECTION ( 'NONE',  ( 0.0000000000000000000, -1.000000000000000000, 1.207321276394593500E-016 ) ) ;
#1289 = LINE ( 'NONE', #1578, #592 ) ;
#1290 = DIRECTION ( 'NONE',  ( 0.0000000000000000000, 1.224646799147353000E-016, 1.000000000000000000 ) ) ;
#1291 = STYLED_ITEM ( 'NONE', ( #1740 ), #2556 ) ;
#1292 = LINE ( 'NONE', #2, #2192 ) ;
#1293 = CARTESIAN_POINT ( 'NONE',  ( 7.571249999999999100, 0.0000000000000000000, 0.0000000000000000000 ) ) ;
#1294 = SURFACE_STYLE_FILL_AREA ( #3035 ) ;
#1295 =( NAMED_UNIT ( * ) SI_UNIT ( $, .STERADIAN. ) SOLID_ANGLE_UNIT ( ) );
#1296 = DIRECTION ( 'NONE',  ( 0.0000000000000000000, 0.0000000000000000000, 1.000000000000000000 ) ) ;
#1297 = CARTESIAN_POINT ( 'NONE',  ( 0.0000000000000000000, 0.4706612939571654900, -1.853707125018472200 ) ) ;
#1298 = CARTESIAN_POINT ( 'NONE',  ( 0.0000000000000000000, -0.4641000000000288800, -2.122696638299635700 ) ) ;
#1299 = SURFACE_STYLE_FILL_AREA ( #2110 ) ;
#1300 =( GEOMETRIC_REPRESENTATION_CONTEXT ( 3 ) GLOBAL_UNCERTAINTY_ASSIGNED_CONTEXT ( ( #1618 ) ) GLOBAL_UNIT_ASSIGNED_CONTEXT ( ( #2026, #2282, #408 ) ) REPRESENTATION_CONTEXT ( 'NONE', 'WORKASPACE' ) );
#1301 = CARTESIAN_POINT ( 'NONE',  ( 0.0000000000000000000, 0.2901762661115319700, 1.810514722201963700 ) ) ;
#1302 = UNCERTAINTY_MEASURE_WITH_UNIT (LENGTH_MEASURE( 1.000000000000000100E-005 ), #1535, 'distance_accuracy_value', 'NONE');
#1303 = COLOUR_RGB ( '',0.8941176470588234600, 0.9137254901960784000, 0.9294117647058823800 ) ;
#1304 = PRESENTATION_STYLE_ASSIGNMENT (( #2835 ) ) ;
#1305 = DIRECTION ( 'NONE',  ( 0.0000000000000000000, 0.0000000000000000000, 1.000000000000000000 ) ) ;
#1306 = LINE ( 'NONE', #120, #3410 ) ;
#1307 = STYLED_ITEM ( 'NONE', ( #1923 ), #1487 ) ;
#1308 = ORIENTED_EDGE ( 'NONE', *, *, #271, .F. ) ;
#1309 = EDGE_CURVE ( 'NONE', #1152, #1981, #2046, .T. ) ;
#1310 = ORIENTED_EDGE ( 'NONE', *, *, #296, .F. ) ;
#1311 = PLANE ( 'NONE',  #2250 ) ;
#1312 = ORIENTED_EDGE ( 'NONE', *, *, #2380, .F. ) ;
#1313 =( NAMED_UNIT ( * ) PLANE_ANGLE_UNIT ( ) SI_UNIT ( $, .RADIAN. ) );
#1314 = SURFACE_STYLE_FILL_AREA ( #770 ) ;
#1315 = ORIENTED_EDGE ( 'NONE', *, *, #3400, .T. ) ;
#1316 =( NAMED_UNIT ( * ) PLANE_ANGLE_UNIT ( ) SI_UNIT ( $, .RADIAN. ) );
#1317 =( NAMED_UNIT ( * ) PLANE_ANGLE_UNIT ( ) SI_UNIT ( $, .RADIAN. ) );
#1318 = VECTOR ( 'NONE', #2235, 1000.000000000000100 ) ;
#1319 = CARTESIAN_POINT ( 'NONE',  ( 0.0000000000000000000, -0.4641000000000000100, -2.388500000000000500 ) ) ;
#1320 = AXIS2_PLACEMENT_3D ( 'NONE', #2433, #1409, #1651 ) ;
#1321 = ORIENTED_EDGE ( 'NONE', *, *, #359, .T. ) ;
#1322 = DIRECTION ( 'NONE',  ( 1.000000000000000000, 0.0000000000000000000, 0.0000000000000000000 ) ) ;
#1323 = DIRECTION ( 'NONE',  ( 0.0000000000000000000, -0.004650693823678241100, 0.9999891854650021500 ) ) ;
#1324 = VERTEX_POINT ( 'NONE', #2612 ) ;
#1325 = STYLED_ITEM ( 'NONE', ( #2616 ), #369 ) ;
#1326 = CIRCLE ( 'NONE', #1938, 4.250000000000000000 ) ;
#1327 = PLANE ( 'NONE',  #977 ) ;
#1328 =( GEOMETRIC_REPRESENTATION_CONTEXT ( 3 ) GLOBAL_UNCERTAINTY_ASSIGNED_CONTEXT ( ( #537 ) ) GLOBAL_UNIT_ASSIGNED_CONTEXT ( ( #85, #105, #2438 ) ) REPRESENTATION_CONTEXT ( 'NONE', 'WORKASPACE' ) );
#1329 = FILL_AREA_STYLE ('',( #2934 ) ) ;
#1330 = EDGE_CURVE ( 'NONE', #2294, #813, #1105, .T. ) ;
#1331 =( NAMED_UNIT ( * ) SI_UNIT ( $, .STERADIAN. ) SOLID_ANGLE_UNIT ( ) );
#1332 =( LENGTH_UNIT ( ) NAMED_UNIT ( * ) SI_UNIT ( .MILLI., .METRE. ) );
#1333 =( LENGTH_UNIT ( ) NAMED_UNIT ( * ) SI_UNIT ( .MILLI., .METRE. ) );
#1334 = STYLED_ITEM ( 'NONE', ( #2737 ), #176 ) ;
#1335 = DIRECTION ( 'NONE',  ( 0.0000000000000000000, 0.0000000000000000000, -1.000000000000000000 ) ) ;
#1336 =( NAMED_UNIT ( * ) PLANE_ANGLE_UNIT ( ) SI_UNIT ( $, .RADIAN. ) );
#1337 = AXIS2_PLACEMENT_3D ( 'NONE', #1051, #1840, #56 ) ;
#1338 = DIRECTION ( 'NONE',  ( 0.0000000000000000000, -1.000000000000000000, 0.0000000000000000000 ) ) ;
#1339 = COLOUR_RGB ( '',0.7921568627450980000, 0.8196078431372548800, 0.9333333333333333500 ) ;
#1340 =( LENGTH_UNIT ( ) NAMED_UNIT ( * ) SI_UNIT ( .MILLI., .METRE. ) );
#1341 = DIRECTION ( 'NONE',  ( 0.0000000000000000000, 1.000000000000000000, -3.146308679943554500E-016 ) ) ;
#1342 = CARTESIAN_POINT ( 'NONE',  ( -0.005000000000000000100, 0.4706612939571652700, -1.115800696540586400 ) ) ;
#1343 = AXIS2_PLACEMENT_3D ( 'NONE', #338, #3000, #3366 ) ;
#1344 = DIRECTION ( 'NONE',  ( 0.0000000000000000000, -1.087414869261074500E-013, 1.000000000000000000 ) ) ;
#1345 = ADVANCED_FACE ( 'NONE', ( #901 ), #796, .F. ) ;
#1346 = ORIENTED_EDGE ( 'NONE', *, *, #1739, .F. ) ;
#1347 = AXIS2_PLACEMENT_3D ( 'NONE', #1040, #2327, #1290 ) ;
#1348 = ORIENTED_EDGE ( 'NONE', *, *, #465, .T. ) ;
#1349 = EDGE_CURVE ( 'NONE', #682, #321, #3288, .T. ) ;
#1350 = VECTOR ( 'NONE', #1598, 1000.000000000000000 ) ;
#1351 = CARTESIAN_POINT ( 'NONE',  ( -0.005000000000000000100, -0.4641000000000284300, 1.321314205319506200 ) ) ;
#1352 = EDGE_LOOP ( 'NONE', ( #661, #1233, #3028, #3032 ) ) ;
#1353 = ORIENTED_EDGE ( 'NONE', *, *, #959, .T. ) ;
#1354 = DIRECTION ( 'NONE',  ( -0.0000000000000000000, -0.9984327301130236900, -0.05596501978069704600 ) ) ;
#1355 = EDGE_CURVE ( 'NONE', #518, #902, #2211, .T. ) ;
#1356 = SURFACE_STYLE_FILL_AREA ( #514 ) ;
#1357 = EDGE_LOOP ( 'NONE', ( #3070, #1566, #3218, #581 ) ) ;
#1358 = SURFACE_STYLE_USAGE ( .BOTH. , #2629 ) ;
#1359 =( LENGTH_UNIT ( ) NAMED_UNIT ( * ) SI_UNIT ( .MILLI., .METRE. ) );
#1360 = SURFACE_SIDE_STYLE ('',( #2035 ) ) ;
#1361 = FACE_OUTER_BOUND ( 'NONE', #2084, .T. ) ;
#1362 = ORIENTED_EDGE ( 'NONE', *, *, #1020, .T. ) ;
#1363 =( GEOMETRIC_REPRESENTATION_CONTEXT ( 3 ) GLOBAL_UNCERTAINTY_ASSIGNED_CONTEXT ( ( #589 ) ) GLOBAL_UNIT_ASSIGNED_CONTEXT ( ( #3265, #1673, #100 ) ) REPRESENTATION_CONTEXT ( 'NONE', 'WORKASPACE' ) );
#1364 = PLANE ( 'NONE',  #3207 ) ;
#1365 = LINE ( 'NONE', #346, #1975 ) ;
#1366 = ORIENTED_EDGE ( 'NONE', *, *, #703, .T. ) ;
#1367 = SURFACE_SIDE_STYLE ('',( #3099 ) ) ;
#1368 = FILL_AREA_STYLE_COLOUR ( '', #9 ) ;
#1369 = PRESENTATION_LAYER_ASSIGNMENT (  '', '', ( #1188 ) ) ;
#1370 = ORIENTED_EDGE ( 'NONE', *, *, #254, .F. ) ;
#1371 = UNCERTAINTY_MEASURE_WITH_UNIT (LENGTH_MEASURE( 1.000000000000000100E-005 ), #1652, 'distance_accuracy_value', 'NONE');
#1372 =( LENGTH_UNIT ( ) NAMED_UNIT ( * ) SI_UNIT ( .MILLI., .METRE. ) );
#1373 = CIRCLE ( 'NONE', #2444, 0.3250000000000000100 ) ;
#1374 = PLANE ( 'NONE',  #1672 ) ;
#1375 = AXIS2_PLACEMENT_3D ( 'NONE', #1018, #2855, #2842 ) ;
#1376 =( LENGTH_UNIT ( ) NAMED_UNIT ( * ) SI_UNIT ( .MILLI., .METRE. ) );
#1377 = PRESENTATION_LAYER_ASSIGNMENT (  '', '', ( #1307 ) ) ;
#1378 = LINE ( 'NONE', #1613, #1452 ) ;
#1379 = VECTOR ( 'NONE', #2678, 1000.000000000000100 ) ;
#1380 = EDGE_CURVE ( 'NONE', #1745, #518, #727, .T. ) ;
#1381 = CARTESIAN_POINT ( 'NONE',  ( -0.005000000000000000100, -0.2862269899289315300, 1.371786688027796000 ) ) ;
#1382 = DIRECTION ( 'NONE',  ( 1.000000000000000000, 0.0000000000000000000, 0.0000000000000000000 ) ) ;
#1383 =( NAMED_UNIT ( * ) SI_UNIT ( $, .STERADIAN. ) SOLID_ANGLE_UNIT ( ) );
#1384 = MECHANICAL_DESIGN_GEOMETRIC_PRESENTATION_REPRESENTATION (  '', ( #2496 ), #2078 ) ;
#1385 = VECTOR ( 'NONE', #418, 1000.000000000000000 ) ;
#1386 = PRESENTATION_STYLE_ASSIGNMENT (( #1194 ) ) ;
#1387 = CARTESIAN_POINT ( 'NONE',  ( -0.005000000000000000100, -0.05393646921773419900, 1.399174504413717800 ) ) ;
#1388 = FILL_AREA_STYLE ('',( #1908 ) ) ;
#1389 = VECTOR ( 'NONE', #3104, 1000.000000000000000 ) ;
#1390 = DIRECTION ( 'NONE',  ( 0.0000000000000000000, 0.2746459304916885100, -0.9615454294334483400 ) ) ;
#1391 = PRESENTATION_LAYER_ASSIGNMENT (  '', '', ( #970 ) ) ;
#1392 = PLANE ( 'NONE',  #2230 ) ;
#1393 = ORIENTED_EDGE ( 'NONE', *, *, #1087, .F. ) ;
#1394 = ORIENTED_EDGE ( 'NONE', *, *, #2979, .F. ) ;
#1395 = PRESENTATION_LAYER_ASSIGNMENT (  '', '', ( #3180 ) ) ;
#1396 = ORIENTED_EDGE ( 'NONE', *, *, #2185, .T. ) ;
#1397 = ORIENTED_EDGE ( 'NONE', *, *, #823, .F. ) ;
#1398 = CARTESIAN_POINT ( 'NONE',  ( -0.005000000000000000100, -0.05393646921773419900, 1.399174504413717800 ) ) ;
#1399 = AXIS2_PLACEMENT_3D ( 'NONE', #1530, #2822, #1773 ) ;
#1400 = CARTESIAN_POINT ( 'NONE',  ( -0.005000000000000000100, -0.4641000000000287100, 0.06373707393421716700 ) ) ;
#1401 = ORIENTED_EDGE ( 'NONE', *, *, #3335, .F. ) ;
#1402 = FILL_AREA_STYLE_COLOUR ( '', #228 ) ;
#1403 = LINE ( 'NONE', #1900, #2292 ) ;
#1404 = VERTEX_POINT ( 'NONE', #290 ) ;
#1405 = DIRECTION ( 'NONE',  ( 1.000000000000000000, 0.0000000000000000000, 0.0000000000000000000 ) ) ;
#1406 = MANIFOLD_SOLID_BREP ( 'Body-Move/Copy1[2]', #1159 ) ;
#1407 = CARTESIAN_POINT ( 'NONE',  ( 9.000000000000000000, 0.0000000000000000000, 0.0000000000000000000 ) ) ;
#1408 = AXIS2_PLACEMENT_3D ( 'NONE', #871, #90, #2990 ) ;
#1409 = DIRECTION ( 'NONE',  ( 1.000000000000000000, -0.0000000000000000000, -0.0000000000000000000 ) ) ;
#1410 = LINE ( 'NONE', #1121, #1771 ) ;
#1411 = DIRECTION ( 'NONE',  ( 0.0000000000000000000, -0.9610992334315856500, -0.2762033010252023000 ) ) ;
#1412 = PRESENTATION_LAYER_ASSIGNMENT (  '', '', ( #888 ) ) ;
#1413 = PRESENTATION_STYLE_ASSIGNMENT (( #574 ) ) ;
#1414 = EDGE_CURVE ( 'NONE', #480, #865, #2956, .T. ) ;
#1415 = DIRECTION ( 'NONE',  ( 0.0000000000000000000, 0.9610674221107072800, 0.2763139702539114700 ) ) ;
#1416 = FACE_OUTER_BOUND ( 'NONE', #1097, .T. ) ;
#1417 =( LENGTH_UNIT ( ) NAMED_UNIT ( * ) SI_UNIT ( .MILLI., .METRE. ) );
#1418 = LINE ( 'NONE', #2939, #1781 ) ;
#1419 = DIRECTION ( 'NONE',  ( 0.0000000000000000000, 0.0000000000000000000, -1.000000000000000000 ) ) ;
#1420 = ADVANCED_FACE ( 'NONE', ( #645 ), #1364, .F. ) ;
#1421 =( GEOMETRIC_REPRESENTATION_CONTEXT ( 3 ) GLOBAL_UNCERTAINTY_ASSIGNED_CONTEXT ( ( #495 ) ) GLOBAL_UNIT_ASSIGNED_CONTEXT ( ( #165, #3305, #442 ) ) REPRESENTATION_CONTEXT ( 'NONE', 'WORKASPACE' ) );
#1422 = CARTESIAN_POINT ( 'NONE',  ( 24.00000000000000000, -1.750000000000000000, 0.3250000000000000100 ) ) ;
#1423 = PRESENTATION_LAYER_ASSIGNMENT (  '', '', ( #1073 ) ) ;
#1424 = VECTOR ( 'NONE', #2559, 999.9999999999998900 ) ;
#1425 = VERTEX_POINT ( 'NONE', #1090 ) ;
#1426 = ORIENTED_EDGE ( 'NONE', *, *, #775, .F. ) ;
#1427 = FACE_OUTER_BOUND ( 'NONE', #2140, .T. ) ;
#1428 = ORIENTED_EDGE ( 'NONE', *, *, #2775, .F. ) ;
#1429 = AXIS2_PLACEMENT_3D ( 'NONE', #1702, #3247, #1675 ) ;
#1430 = EDGE_LOOP ( 'NONE', ( #2661, #782, #738, #3209 ) ) ;
#1431 = PLANE ( 'NONE',  #1429 ) ;
#1432 = ORIENTED_EDGE ( 'NONE', *, *, #597, .T. ) ;
#1433 = AXIS2_PLACEMENT_3D ( 'NONE', #596, #3268, #1689 ) ;
#1434 =( NAMED_UNIT ( * ) SI_UNIT ( $, .STERADIAN. ) SOLID_ANGLE_UNIT ( ) );
#1435 = EDGE_CURVE ( 'NONE', #2299, #2501, #38, .T. ) ;
#1436 = LINE ( 'NONE', #1301, #648 ) ;
#1437 = ORIENTED_EDGE ( 'NONE', *, *, #1780, .F. ) ;
#1438 = CIRCLE ( 'NONE', #952, 4.250000000000000000 ) ;
#1439 =( NAMED_UNIT ( * ) SI_UNIT ( $, .STERADIAN. ) SOLID_ANGLE_UNIT ( ) );
#1440 = VERTEX_POINT ( 'NONE', #1624 ) ;
#1441 = MECHANICAL_DESIGN_GEOMETRIC_PRESENTATION_REPRESENTATION (  '', ( #3386 ), #3068 ) ;
#1442 =( NAMED_UNIT ( * ) SI_UNIT ( $, .STERADIAN. ) SOLID_ANGLE_UNIT ( ) );
#1443 = FILL_AREA_STYLE_COLOUR ( '', #1041 ) ;
#1444 = ORIENTED_EDGE ( 'NONE', *, *, #59, .T. ) ;
#1445 = LINE ( 'NONE', #3082, #2296 ) ;
#1446 = STYLED_ITEM ( 'NONE', ( #2305 ), #2811 ) ;
#1447 = PLANE ( 'NONE',  #2694 ) ;
#1448 = UNCERTAINTY_MEASURE_WITH_UNIT (LENGTH_MEASURE( 1.000000000000000100E-005 ), #145, 'distance_accuracy_value', 'NONE');
#1449 = VECTOR ( 'NONE', #3235, 1000.000000000000100 ) ;
#1450 = AXIS2_PLACEMENT_3D ( 'NONE', #3409, #534, #3179 ) ;
#1451 = CARTESIAN_POINT ( 'NONE',  ( 0.0000000000000000000, 0.4706612939571652700, -2.119865767362318000 ) ) ;
#1452 = VECTOR ( 'NONE', #30, 1000.000000000000000 ) ;
#1453 = FILL_AREA_STYLE_COLOUR ( '', #1339 ) ;
#1454 = CARTESIAN_POINT ( 'NONE',  ( 0.0000000000000000000, 0.1188688284627371100, -0.5510335675551548700 ) ) ;
#1455 =( GEOMETRIC_REPRESENTATION_CONTEXT ( 3 ) GLOBAL_UNCERTAINTY_ASSIGNED_CONTEXT ( ( #2018 ) ) GLOBAL_UNIT_ASSIGNED_CONTEXT ( ( #3262, #1719, #2763 ) ) REPRESENTATION_CONTEXT ( 'NONE', 'WORKASPACE' ) );
#1456 = VECTOR ( 'NONE', #3139, 1000.000000000000000 ) ;
#1457 = CIRCLE ( 'NONE', #590, 0.2812500000000002200 ) ;
#1458 = CARTESIAN_POINT ( 'NONE',  ( -0.005000000000000000100, 0.1188688284627370000, -0.9522440450364015900 ) ) ;
#1459 = DIRECTION ( 'NONE',  ( 0.0000000000000000000, 1.000000000000000000, 1.087414869261074600E-013 ) ) ;
#1460 = EDGE_CURVE ( 'NONE', #813, #2254, #3206, .T. ) ;
#1461 = CARTESIAN_POINT ( 'NONE',  ( 0.0000000000000000000, 0.04345001279229223500, -1.699458807457130600 ) ) ;
#1462 = COLOUR_RGB ( '',0.8941176470588234600, 0.9137254901960784000, 0.9294117647058823800 ) ;
#1463 = VECTOR ( 'NONE', #2148, 1000.000000000000000 ) ;
#1464 = FILL_AREA_STYLE_COLOUR ( '', #802 ) ;
#1465 = COLOUR_RGB ( '',0.0000000000000000000, 0.0000000000000000000, 0.0000000000000000000 ) ;
#1466 = STYLED_ITEM ( 'NONE', ( #886 ), #2395 ) ;
#1467 = DIRECTION ( 'NONE',  ( 0.0000000000000000000, 0.9985542843760947300, 0.05375259206908281800 ) ) ;
#1468 = ORIENTED_EDGE ( 'NONE', *, *, #3166, .F. ) ;
#1469 = VERTEX_POINT ( 'NONE', #1883 ) ;
#1470 = CARTESIAN_POINT ( 'NONE',  ( 0.0000000000000000000, 0.1188375638308398200, 1.448532829377931200 ) ) ;
#1471 = ADVANCED_FACE ( 'NONE', ( #2089 ), #1107, .F. ) ;
#1472 = ORIENTED_EDGE ( 'NONE', *, *, #552, .T. ) ;
#1473 =( NAMED_UNIT ( * ) PLANE_ANGLE_UNIT ( ) SI_UNIT ( $, .RADIAN. ) );
#1474 =( GEOMETRIC_REPRESENTATION_CONTEXT ( 3 ) GLOBAL_UNCERTAINTY_ASSIGNED_CONTEXT ( ( #1049 ) ) GLOBAL_UNIT_ASSIGNED_CONTEXT ( ( #32, #2923, #1331 ) ) REPRESENTATION_CONTEXT ( 'NONE', 'WORKASPACE' ) );
#1475 = SURFACE_SIDE_STYLE ('',( #2030 ) ) ;
#1476 = EDGE_LOOP ( 'NONE', ( #1362, #1096 ) ) ;
#1477 = PRODUCT_DEFINITION_CONTEXT ( 'detailed design', #135, 'design' ) ;
#1478 = FILL_AREA_STYLE ('',( #166 ) ) ;
#1479 = CYLINDRICAL_SURFACE ( 'NONE', #2813, 4.250000000000000000 ) ;
#1480 = CARTESIAN_POINT ( 'NONE',  ( -0.005000000000000000100, -0.4641000000000288200, -1.773493452664154600 ) ) ;
#1481 = ORIENTED_EDGE ( 'NONE', *, *, #1856, .T. ) ;
#1482 = DIRECTION ( 'NONE',  ( 0.0000000000000000000, 0.9615454294334483400, 0.2746459304916885600 ) ) ;
#1483 = EDGE_CURVE ( 'NONE', #1720, #3281, #1795, .T. ) ;
#1484 = ORIENTED_EDGE ( 'NONE', *, *, #2337, .T. ) ;
#1485 = ORIENTED_EDGE ( 'NONE', *, *, #2490, .F. ) ;
#1486 = CARTESIAN_POINT ( 'NONE',  ( -0.005000000000000000100, 0.2901762661091321600, 2.076730209328213000 ) ) ;
#1487 = ADVANCED_FACE ( 'NONE', ( #1427 ), #1327, .F. ) ;
#1488 = VECTOR ( 'NONE', #2486, 1000.000000000000000 ) ;
#1489 = FACE_OUTER_BOUND ( 'NONE', #3373, .T. ) ;
#1490 = DIRECTION ( 'NONE',  ( 0.0000000000000000000, -1.000000000000000000, 0.0000000000000000000 ) ) ;
#1491 = AXIS2_PLACEMENT_3D ( 'NONE', #3176, #1098, #573 ) ;
#1492 = LINE ( 'NONE', #2816, #301 ) ;
#1493 = VECTOR ( 'NONE', #2638, 1000.000000000000000 ) ;
#1494 =( GEOMETRIC_REPRESENTATION_CONTEXT ( 3 ) GLOBAL_UNCERTAINTY_ASSIGNED_CONTEXT ( ( #2120 ) ) GLOBAL_UNIT_ASSIGNED_CONTEXT ( ( #319, #3216, #1383 ) ) REPRESENTATION_CONTEXT ( 'NONE', 'WORKASPACE' ) );
#1495 = CARTESIAN_POINT ( 'NONE',  ( -0.005000000000000000100, 0.4706612939571654900, 0.8839447622066248800 ) ) ;
#1496 = VECTOR ( 'NONE', #1075, 1000.000000000000100 ) ;
#1497 = DIRECTION ( 'NONE',  ( 0.0000000000000000000, 0.0000000000000000000, -1.000000000000000000 ) ) ;
#1498 = PRODUCT_CONTEXT ( 'NONE', #905, 'mechanical' ) ;
#1499 = DIRECTION ( 'NONE',  ( 0.0000000000000000000, -2.043497108812546700E-016, -1.000000000000000000 ) ) ;
#1500 = EDGE_CURVE ( 'NONE', #1101, #1964, #1144, .T. ) ;
#1501 = FILL_AREA_STYLE ('',( #1246 ) ) ;
#1502 = SURFACE_SIDE_STYLE ('',( #2777 ) ) ;
#1503 = ADVANCED_FACE ( 'NONE', ( #1184 ), #1130, .F. ) ;
#1504 = VECTOR ( 'NONE', #2861, 1000.000000000000000 ) ;
#1505 = EDGE_CURVE ( 'NONE', #875, #1142, #1594, .T. ) ;
#1506 = DIRECTION ( 'NONE',  ( -1.000000000000000000, -0.0000000000000000000, -0.0000000000000000000 ) ) ;
#1507 = LINE ( 'NONE', #423, #937 ) ;
#1508 = EDGE_LOOP ( 'NONE', ( #3380, #193, #2599, #3254 ) ) ;
#1509 = LINE ( 'NONE', #2513, #2493 ) ;
#1510 = CARTESIAN_POINT ( 'NONE',  ( -0.005000000000000000100, -0.4641000000000286000, 0.5025787976740189200 ) ) ;
#1511 = UNCERTAINTY_MEASURE_WITH_UNIT (LENGTH_MEASURE( 1.000000000000000100E-005 ), #1783, 'distance_accuracy_value', 'NONE');
#1512 =( LENGTH_UNIT ( ) NAMED_UNIT ( * ) SI_UNIT ( .MILLI., .METRE. ) );
#1513 = COLOUR_RGB ( '',0.0000000000000000000, 0.0000000000000000000, 0.0000000000000000000 ) ;
#1514 = VERTEX_POINT ( 'NONE', #616 ) ;
#1515 = EDGE_LOOP ( 'NONE', ( #2554, #987, #2022, #3079 ) ) ;
#1516 = FILL_AREA_STYLE ('',( #1743 ) ) ;
#1517 = CARTESIAN_POINT ( 'NONE',  ( -0.005000000000000000100, 0.1188375638308397100, 1.047384881157789300 ) ) ;
#1518 = VERTEX_POINT ( 'NONE', #1679 ) ;
#1519 = DIRECTION ( 'NONE',  ( -1.000000000000000000, -0.0000000000000000000, -0.0000000000000000000 ) ) ;
#1520 = FILL_AREA_STYLE_COLOUR ( '', #1885 ) ;
#1521 = ORIENTED_EDGE ( 'NONE', *, *, #395, .F. ) ;
#1522 = PRESENTATION_LAYER_ASSIGNMENT (  '', '', ( #461 ) ) ;
#1523 = PRESENTATION_STYLE_ASSIGNMENT (( #2176 ) ) ;
#1524 = ORIENTED_EDGE ( 'NONE', *, *, #1810, .T. ) ;
#1525 = DIRECTION ( 'NONE',  ( 0.0000000000000000000, -2.077185425486953400E-016, -1.000000000000000000 ) ) ;
#1526 = SURFACE_STYLE_FILL_AREA ( #1062 ) ;
#1527 = DIRECTION ( 'NONE',  ( 0.0000000000000000000, 0.2793947940814900400, -0.9601763114346041400 ) ) ;
#1528 = EDGE_CURVE ( 'NONE', #1984, #1142, #2664, .T. ) ;
#1529 = EDGE_LOOP ( 'NONE', ( #2823, #2910, #1278, #1109 ) ) ;
#1530 = CARTESIAN_POINT ( 'NONE',  ( 7.852499999999998300, 0.0000000000000000000, 0.0000000000000000000 ) ) ;
#1531 = CIRCLE ( 'NONE', #3375, 0.2812500000000002200 ) ;
#1532 = VECTOR ( 'NONE', #3041, 1000.000000000000000 ) ;
#1533 = PRESENTATION_LAYER_ASSIGNMENT (  '', '', ( #2699 ) ) ;
#1534 = DIRECTION ( 'NONE',  ( -1.000000000000000000, 0.0000000000000000000, 0.0000000000000000000 ) ) ;
#1535 =( LENGTH_UNIT ( ) NAMED_UNIT ( * ) SI_UNIT ( .MILLI., .METRE. ) );
#1536 = SURFACE_STYLE_FILL_AREA ( #739 ) ;
#1537 = DIRECTION ( 'NONE',  ( 0.0000000000000000000, 0.9611638845409016300, 0.2759782365590523500 ) ) ;
#1538 =( NAMED_UNIT ( * ) PLANE_ANGLE_UNIT ( ) SI_UNIT ( $, .RADIAN. ) );
#1539 = DIRECTION ( 'NONE',  ( 0.0000000000000000000, -1.207321276394593500E-016, -1.000000000000000000 ) ) ;
#1540 = ADVANCED_FACE ( 'NONE', ( #474 ), #356, .F. ) ;
#1541 = PRESENTATION_STYLE_ASSIGNMENT (( #137 ) ) ;
#1542 = DIRECTION ( 'NONE',  ( 0.0000000000000000000, -0.9610348236706635100, -0.2764273280489771300 ) ) ;
#1543 = COLOUR_RGB ( '',0.0000000000000000000, 0.0000000000000000000, 0.0000000000000000000 ) ;
#1544 = CARTESIAN_POINT ( 'NONE',  ( 0.0000000000000000000, 0.4706612939571654900, 0.8839447622066248800 ) ) ;
#1545 = VECTOR ( 'NONE', #1344, 1000.000000000000000 ) ;
#1546 = EDGE_CURVE ( 'NONE', #1440, #568, #1744, .T. ) ;
#1547 = DIRECTION ( 'NONE',  ( 0.0000000000000000000, -0.9280290862137297000, 0.3725077383643322600 ) ) ;
#1548 = SURFACE_SIDE_STYLE ('',( #3401 ) ) ;
#1549 = ORIENTED_EDGE ( 'NONE', *, *, #1575, .F. ) ;
#1550 = SURFACE_STYLE_USAGE ( .BOTH. , #780 ) ;
#1551 = SURFACE_SIDE_STYLE ('',( #1216 ) ) ;
#1552 = LINE ( 'NONE', #3012, #280 ) ;
#1553 = ORIENTED_EDGE ( 'NONE', *, *, #1355, .T. ) ;
#1554 = VERTEX_POINT ( 'NONE', #2969 ) ;
#1555 = UNCERTAINTY_MEASURE_WITH_UNIT (LENGTH_MEASURE( 1.000000000000000100E-005 ), #420, 'distance_accuracy_value', 'NONE');
#1556 = VECTOR ( 'NONE', #2944, 1000.000000000000100 ) ;
#1557 = CARTESIAN_POINT ( 'NONE',  ( -0.005000000000000000100, 0.4706612939571654900, 0.06608819870102282400 ) ) ;
#1558 = VERTEX_POINT ( 'NONE', #2995 ) ;
#1559 = COLOUR_RGB ( '',0.0000000000000000000, 0.0000000000000000000, 0.0000000000000000000 ) ;
#1560 = VERTEX_POINT ( 'NONE', #1422 ) ;
#1561 = DIRECTION ( 'NONE',  ( 0.0000000000000000000, 0.0000000000000000000, 1.000000000000000000 ) ) ;
#1562 = DIRECTION ( 'NONE',  ( 1.000000000000000000, 0.0000000000000000000, 0.0000000000000000000 ) ) ;
#1563 = DIRECTION ( 'NONE',  ( 0.0000000000000000000, -1.207321276394593000E-016, -1.000000000000000000 ) ) ;
#1564 = VECTOR ( 'NONE', #1709, 1000.000000000000100 ) ;
#1565 = AXIS2_PLACEMENT_3D ( 'NONE', #2953, #559, #2435 ) ;
#1566 = ORIENTED_EDGE ( 'NONE', *, *, #1001, .F. ) ;
#1567 =( NAMED_UNIT ( * ) SI_UNIT ( $, .STERADIAN. ) SOLID_ANGLE_UNIT ( ) );
#1568 = ORIENTED_EDGE ( 'NONE', *, *, #1963, .T. ) ;
#1569 = FILL_AREA_STYLE ('',( #2613 ) ) ;
#1570 = CIRCLE ( 'NONE', #1375, 0.1999999999999996500 ) ;
#1571 = SURFACE_SIDE_STYLE ('',( #456 ) ) ;
#1572 = DIRECTION ( 'NONE',  ( 1.000000000000000000, 0.0000000000000000000, 0.0000000000000000000 ) ) ;
#1573 = PLANE ( 'NONE',  #3312 ) ;
#1574 = LINE ( 'NONE', #3315, #2473 ) ;
#1575 = EDGE_CURVE ( 'NONE', #1324, #3142, #1306, .T. ) ;
#1576 = DIRECTION ( 'NONE',  ( 1.000000000000000000, -0.0000000000000000000, -0.0000000000000000000 ) ) ;
#1577 = SURFACE_STYLE_FILL_AREA ( #1569 ) ;
#1578 = CARTESIAN_POINT ( 'NONE',  ( 0.0000000000000000000, -0.4641000000000289300, -0.5441468228588440800 ) ) ;
#1579 = DIRECTION ( 'NONE',  ( 1.000000000000000000, 0.0000000000000000000, 0.0000000000000000000 ) ) ;
#1580 = LINE ( 'NONE', #340, #2724 ) ;
#1581 = UNCERTAINTY_MEASURE_WITH_UNIT (LENGTH_MEASURE( 1.000000000000000100E-005 ), #1332, 'distance_accuracy_value', 'NONE');
#1582 = CARTESIAN_POINT ( 'NONE',  ( -0.005000000000000000100, -0.1971441846550018600, 0.03013995228619021500 ) ) ;
#1583 = FILL_AREA_STYLE_COLOUR ( '', #1543 ) ;
#1584 = DIRECTION ( 'NONE',  ( 0.0000000000000000000, 0.0000000000000000000, 1.000000000000000000 ) ) ;
#1585 = MECHANICAL_DESIGN_GEOMETRIC_PRESENTATION_REPRESENTATION (  '', ( #888 ), #1213 ) ;
#1586 = CARTESIAN_POINT ( 'NONE',  ( -0.005000000000000000100, -0.4641000000000288200, -1.489076266063151800 ) ) ;
#1587 =( NAMED_UNIT ( * ) SI_UNIT ( $, .STERADIAN. ) SOLID_ANGLE_UNIT ( ) );
#1588 = LINE ( 'NONE', #2009, #893 ) ;
#1589 = EDGE_LOOP ( 'NONE', ( #1064, #2467, #3114, #1055 ) ) ;
#1590 = EDGE_CURVE ( 'NONE', #875, #1145, #357, .T. ) ;
#1591 = ORIENTED_EDGE ( 'NONE', *, *, #1874, .T. ) ;
#1592 = CARTESIAN_POINT ( 'NONE',  ( 0.0000000000000000000, 0.0000000000000000000, 0.0000000000000000000 ) ) ;
#1593 = DIRECTION ( 'NONE',  ( 0.0000000000000000000, -0.9984327301130236900, -0.05596501978069704600 ) ) ;
#1594 = LINE ( 'NONE', #879, #1266 ) ;
#1595 = ORIENTED_EDGE ( 'NONE', *, *, #2994, .T. ) ;
#1596 = COLOUR_RGB ( '',0.7921568627450980000, 0.8196078431372548800, 0.9333333333333333500 ) ;
#1597 = ORIENTED_EDGE ( 'NONE', *, *, #1852, .T. ) ;
#1598 = DIRECTION ( 'NONE',  ( 1.000000000000000000, 0.0000000000000000000, 0.0000000000000000000 ) ) ;
#1599 = FILL_AREA_STYLE_COLOUR ( '', #2517 ) ;
#1600 = LINE ( 'NONE', #733, #83 ) ;
#1601 = ORIENTED_EDGE ( 'NONE', *, *, #2450, .T. ) ;
#1602 = ADVANCED_FACE ( 'NONE', ( #2818 ), #377, .F. ) ;
#1603 = DIRECTION ( 'NONE',  ( -1.000000000000000000, -0.0000000000000000000, -0.0000000000000000000 ) ) ;
#1604 = VECTOR ( 'NONE', #88, 1000.000000000000000 ) ;
#1605 = CARTESIAN_POINT ( 'NONE',  ( 9.000000000000000000, 1.750000000000000000, 0.0000000000000000000 ) ) ;
#1606 = ORIENTED_EDGE ( 'NONE', *, *, #2585, .F. ) ;
#1607 = STYLED_ITEM ( 'NONE', ( #2514 ), #570 ) ;
#1608 = VECTOR ( 'NONE', #1354, 1000.000000000000200 ) ;
#1609 = ORIENTED_EDGE ( 'NONE', *, *, #75, .T. ) ;
#1610 = DIRECTION ( 'NONE',  ( 1.000000000000000000, 0.0000000000000000000, 0.0000000000000000000 ) ) ;
#1611 = DIRECTION ( 'NONE',  ( -1.000000000000000000, -0.0000000000000000000, -0.0000000000000000000 ) ) ;
#1612 = AXIS2_PLACEMENT_3D ( 'NONE', #2200, #626, #2468 ) ;
#1613 = CARTESIAN_POINT ( 'NONE',  ( 27.99999999999999600, 1.750000000000000000, 0.3250000000000000100 ) ) ;
#1614 = EDGE_CURVE ( 'NONE', #2320, #902, #1552, .T. ) ;
#1615 = CARTESIAN_POINT ( 'NONE',  ( -0.005000000000000000100, -0.4641000000000287100, 0.06373707393421716700 ) ) ;
#1616 = COLOUR_RGB ( '',0.0000000000000000000, 0.0000000000000000000, 0.0000000000000000000 ) ;
#1617 = SURFACE_STYLE_USAGE ( .BOTH. , #790 ) ;
#1618 = UNCERTAINTY_MEASURE_WITH_UNIT (LENGTH_MEASURE( 1.000000000000000100E-005 ), #2026, 'distance_accuracy_value', 'NONE');
#1619 = FILL_AREA_STYLE ('',( #2963 ) ) ;
#1620 = AXIS2_PLACEMENT_3D ( 'NONE', #149, #924, #162 ) ;
#1621 =( NAMED_UNIT ( * ) SI_UNIT ( $, .STERADIAN. ) SOLID_ANGLE_UNIT ( ) );
#1622 = ADVANCED_BREP_SHAPE_REPRESENTATION ( 'CAR_KP_8X8_D8.5L9S3.5F0.65', ( #2417, #2519, #1406, #2882, #1343 ), #413 ) ;
#1623 = ADVANCED_FACE ( 'NONE', ( #517 ), #932, .F. ) ;
#1624 = CARTESIAN_POINT ( 'NONE',  ( 9.000000000000000000, -1.750000000000000000, 0.3250000000000000100 ) ) ;
#1625 = CARTESIAN_POINT ( 'NONE',  ( -0.005000000000000000100, 0.4706612939571652700, -0.4252303785879496000 ) ) ;
#1626 = UNCERTAINTY_MEASURE_WITH_UNIT (LENGTH_MEASURE( 1.000000000000000100E-005 ), #2364, 'distance_accuracy_value', 'NONE');
#1627 =( NAMED_UNIT ( * ) PLANE_ANGLE_UNIT ( ) SI_UNIT ( $, .RADIAN. ) );
#1628 = PRESENTATION_LAYER_ASSIGNMENT (  '', '', ( #502 ) ) ;
#1629 = PLANE ( 'NONE',  #3226 ) ;
#1630 = EDGE_LOOP ( 'NONE', ( #2924, #74, #292, #2596 ) ) ;
#1631 =( GEOMETRIC_REPRESENTATION_CONTEXT ( 3 ) GLOBAL_UNCERTAINTY_ASSIGNED_CONTEXT ( ( #184 ) ) GLOBAL_UNIT_ASSIGNED_CONTEXT ( ( #2034, #1473, #2792 ) ) REPRESENTATION_CONTEXT ( 'NONE', 'WORKASPACE' ) );
#1632 =( NAMED_UNIT ( * ) SI_UNIT ( $, .STERADIAN. ) SOLID_ANGLE_UNIT ( ) );
#1633 =( NAMED_UNIT ( * ) PLANE_ANGLE_UNIT ( ) SI_UNIT ( $, .RADIAN. ) );
#1634 = EDGE_LOOP ( 'NONE', ( #563, #938, #894, #1315 ) ) ;
#1635 = EDGE_LOOP ( 'NONE', ( #197, #1193, #2789, #1882 ) ) ;
#1636 =( LENGTH_UNIT ( ) NAMED_UNIT ( * ) SI_UNIT ( .MILLI., .METRE. ) );
#1637 = EDGE_CURVE ( 'NONE', #152, #1152, #1507, .T. ) ;
#1638 = ORIENTED_EDGE ( 'NONE', *, *, #2937, .F. ) ;
#1639 = FILL_AREA_STYLE_COLOUR ( '', #2223 ) ;
#1640 = MECHANICAL_DESIGN_GEOMETRIC_PRESENTATION_REPRESENTATION (  '', ( #3119 ), #61 ) ;
#1641 = CARTESIAN_POINT ( 'NONE',  ( 27.99999999999999600, 1.750000000000000000, -0.3250000000000000100 ) ) ;
#1642 = SURFACE_SIDE_STYLE ('',( #1177 ) ) ;
#1643 = EDGE_LOOP ( 'NONE', ( #1957, #1190, #1843, #1426 ) ) ;
#1644 = STYLED_ITEM ( 'NONE', ( #1910 ), #2417 ) ;
#1645 = COLOUR_RGB ( '',0.0000000000000000000, 0.0000000000000000000, 0.0000000000000000000 ) ;
#1646 = VERTEX_POINT ( 'NONE', #659 ) ;
#1647 = LINE ( 'NONE', #2117, #3382 ) ;
#1648 = DIRECTION ( 'NONE',  ( 0.0000000000000000000, 0.9615323037684296900, 0.2746918797667240500 ) ) ;
#1649 = AXIS2_PLACEMENT_3D ( 'NONE', #110, #2155, #585 ) ;
#1650 = ORIENTED_EDGE ( 'NONE', *, *, #1739, .T. ) ;
#1651 = DIRECTION ( 'NONE',  ( 0.0000000000000000000, 0.0000000000000000000, -1.000000000000000000 ) ) ;
#1652 =( LENGTH_UNIT ( ) NAMED_UNIT ( * ) SI_UNIT ( .MILLI., .METRE. ) );
#1653 = CARTESIAN_POINT ( 'NONE',  ( -0.005000000000000000100, 0.1188688284627371100, -0.5510335675551548700 ) ) ;
#1654 = SURFACE_STYLE_FILL_AREA ( #316 ) ;
#1655 = SURFACE_STYLE_USAGE ( .BOTH. , #889 ) ;
#1656 = VECTOR ( 'NONE', #2164, 1000.000000000000000 ) ;
#1657 = LINE ( 'NONE', #1582, #1128 ) ;
#1658 = EDGE_CURVE ( 'NONE', #447, #214, #1218, .T. ) ;
#1659 = UNCERTAINTY_MEASURE_WITH_UNIT (LENGTH_MEASURE( 1.000000000000000100E-005 ), #840, 'distance_accuracy_value', 'NONE');
#1660 = DIRECTION ( 'NONE',  ( 1.000000000000000000, 0.0000000000000000000, 0.0000000000000000000 ) ) ;
#1661 = VECTOR ( 'NONE', #3107, 1000.000000000000200 ) ;
#1662 = PLANE ( 'NONE',  #459 ) ;
#1663 =( NAMED_UNIT ( * ) PLANE_ANGLE_UNIT ( ) SI_UNIT ( $, .RADIAN. ) );
#1664 = COLOUR_RGB ( '',0.0000000000000000000, 0.0000000000000000000, 0.0000000000000000000 ) ;
#1665 = PRESENTATION_LAYER_ASSIGNMENT (  '', '', ( #403 ) ) ;
#1666 = PRESENTATION_STYLE_ASSIGNMENT (( #2544 ) ) ;
#1667 =( NAMED_UNIT ( * ) SI_UNIT ( $, .STERADIAN. ) SOLID_ANGLE_UNIT ( ) );
#1668 =( GEOMETRIC_REPRESENTATION_CONTEXT ( 3 ) GLOBAL_UNCERTAINTY_ASSIGNED_CONTEXT ( ( #955 ) ) GLOBAL_UNIT_ASSIGNED_CONTEXT ( ( #980, #3317, #3086 ) ) REPRESENTATION_CONTEXT ( 'NONE', 'WORKASPACE' ) );
#1669 = FILL_AREA_STYLE ('',( #77 ) ) ;
#1670 = PRESENTATION_STYLE_ASSIGNMENT (( #3088 ) ) ;
#1671 = CARTESIAN_POINT ( 'NONE',  ( 0.0000000000000000000, 0.2914979073132797900, 1.526336283689422800 ) ) ;
#1672 = AXIS2_PLACEMENT_3D ( 'NONE', #329, #70, #576 ) ;
#1673 =( NAMED_UNIT ( * ) PLANE_ANGLE_UNIT ( ) SI_UNIT ( $, .RADIAN. ) );
#1674 = ORIENTED_EDGE ( 'NONE', *, *, #1852, .F. ) ;
#1675 = DIRECTION ( 'NONE',  ( 0.0000000000000000000, 0.0000000000000000000, 1.000000000000000000 ) ) ;
#1676 = VECTOR ( 'NONE', #434, 1000.000000000000000 ) ;
#1677 =( GEOMETRIC_REPRESENTATION_CONTEXT ( 3 ) GLOBAL_UNCERTAINTY_ASSIGNED_CONTEXT ( ( #330 ) ) GLOBAL_UNIT_ASSIGNED_CONTEXT ( ( #1079, #1336, #2377 ) ) REPRESENTATION_CONTEXT ( 'NONE', 'WORKASPACE' ) );
#1678 = EDGE_LOOP ( 'NONE', ( #1553, #320, #942, #3168 ) ) ;
#1679 = CARTESIAN_POINT ( 'NONE',  ( -0.005000000000000000100, -0.4641000000000286000, 0.6150746229693603300 ) ) ;
#1680 = EDGE_LOOP ( 'NONE', ( #54, #723, #1690, #2665 ) ) ;
#1681 = EDGE_CURVE ( 'NONE', #447, #152, #2083, .T. ) ;
#1682 = PLANE ( 'NONE',  #1649 ) ;
#1683 = CARTESIAN_POINT ( 'NONE',  ( -0.005000000000000000100, -0.05393646921602023700, -1.001545525218872500 ) ) ;
#1684 = ORIENTED_EDGE ( 'NONE', *, *, #3253, .F. ) ;
#1685 = CARTESIAN_POINT ( 'NONE',  ( -0.005000000000000000100, -0.4641000000000000100, -2.388500000000000500 ) ) ;
#1686 = VECTOR ( 'NONE', #1660, 1000.000000000000000 ) ;
#1687 = PRESENTATION_LAYER_ASSIGNMENT (  '', '', ( #1160 ) ) ;
#1688 = VERTEX_POINT ( 'NONE', #3291 ) ;
#1689 = DIRECTION ( 'NONE',  ( 0.0000000000000000000, 0.0000000000000000000, -1.000000000000000000 ) ) ;
#1690 = ORIENTED_EDGE ( 'NONE', *, *, #1006, .T. ) ;
#1691 = DIRECTION ( 'NONE',  ( 0.0000000000000000000, 0.9610992334304873100, 0.2762033010290240200 ) ) ;
#1692 = SURFACE_SIDE_STYLE ('',( #3356 ) ) ;
#1693 = CIRCLE ( 'NONE', #3005, 3.968750000000000000 ) ;
#1694 = DIRECTION ( 'NONE',  ( 0.0000000000000000000, 0.9615323037684296900, 0.2746918797667241000 ) ) ;
#1695 = MECHANICAL_DESIGN_GEOMETRIC_PRESENTATION_REPRESENTATION (  '', ( #3180 ), #998 ) ;
#1696 = DIRECTION ( 'NONE',  ( 1.000000000000000000, 0.0000000000000000000, 0.0000000000000000000 ) ) ;
#1697 = EDGE_CURVE ( 'NONE', #7, #870, #1588, .T. ) ;
#1698 = CARTESIAN_POINT ( 'NONE',  ( 0.0000000000000000000, 0.2901559482957898300, 2.332659225181929100 ) ) ;
#1699 = SURFACE_STYLE_USAGE ( .BOTH. , #390 ) ;
#1700 =( NAMED_UNIT ( * ) SI_UNIT ( $, .STERADIAN. ) SOLID_ANGLE_UNIT ( ) );
#1701 = SURFACE_STYLE_FILL_AREA ( #242 ) ;
#1702 = CARTESIAN_POINT ( 'NONE',  ( -0.005000000000000000100, -0.4641000000000286000, 0.2650415035041395800 ) ) ;
#1703 = STYLED_ITEM ( 'NONE', ( #1666 ), #2654 ) ;
#1704 = PRESENTATION_STYLE_ASSIGNMENT (( #1550 ) ) ;
#1705 = DIRECTION ( 'NONE',  ( 1.000000000000000000, 0.0000000000000000000, 0.0000000000000000000 ) ) ;
#1706 = CARTESIAN_POINT ( 'NONE',  ( 0.0000000000000000000, 0.2901762661091321600, 2.076730209328213000 ) ) ;
#1707 = LINE ( 'NONE', #159, #391 ) ;
#1708 = ORIENTED_EDGE ( 'NONE', *, *, #3062, .T. ) ;
#1709 = DIRECTION ( 'NONE',  ( 0.0000000000000000000, -0.9611542233438690200, -0.2760118818968558800 ) ) ;
#1710 = EDGE_LOOP ( 'NONE', ( #2506, #201, #869, #2708 ) ) ;
#1711 = AXIS2_PLACEMENT_3D ( 'NONE', #20, #1579, #3174 ) ;
#1712 = VERTEX_POINT ( 'NONE', #2512 ) ;
#1713 = FILL_AREA_STYLE_COLOUR ( '', #2357 ) ;
#1714 = DIRECTION ( 'NONE',  ( 0.0000000000000000000, -2.104574761018632200E-016, -1.000000000000000000 ) ) ;
#1715 = VERTEX_POINT ( 'NONE', #3029 ) ;
#1716 = CARTESIAN_POINT ( 'NONE',  ( -0.005000000000000000100, -0.4641000000000286000, 0.6150746229693603300 ) ) ;
#1717 = EDGE_CURVE ( 'NONE', #123, #1984, #2202, .T. ) ;
#1718 = ORIENTED_EDGE ( 'NONE', *, *, #31, .T. ) ;
#1719 =( NAMED_UNIT ( * ) PLANE_ANGLE_UNIT ( ) SI_UNIT ( $, .RADIAN. ) );
#1720 = VERTEX_POINT ( 'NONE', #1727 ) ;
#1721 = DIRECTION ( 'NONE',  ( 1.000000000000000000, 0.0000000000000000000, 0.0000000000000000000 ) ) ;
#1722 = DIRECTION ( 'NONE',  ( 0.0000000000000000000, 0.0000000000000000000, -1.000000000000000000 ) ) ;
#1723 = ORIENTED_EDGE ( 'NONE', *, *, #1658, .F. ) ;
#1724 = SURFACE_SIDE_STYLE ('',( #1095 ) ) ;
#1725 = SURFACE_STYLE_FILL_AREA ( #667 ) ;
#1726 = STYLED_ITEM ( 'NONE', ( #140 ), #2849 ) ;
#1727 = CARTESIAN_POINT ( 'NONE',  ( -0.005000000000000000100, 0.3721009671810895400, 0.5051709197727064500 ) ) ;
#1728 = ORIENTED_EDGE ( 'NONE', *, *, #2142, .F. ) ;
#1729 = FACE_OUTER_BOUND ( 'NONE', #913, .T. ) ;
#1730 = LINE ( 'NONE', #2686, #302 ) ;
#1731 = MECHANICAL_DESIGN_GEOMETRIC_PRESENTATION_REPRESENTATION (  '', ( #150 ), #672 ) ;
#1732 = SURFACE_STYLE_USAGE ( .BOTH. , #2553 ) ;
#1733 = CARTESIAN_POINT ( 'NONE',  ( 0.0000000000000000000, -0.4641000000000283800, 1.593651875561089100 ) ) ;
#1734 = CARTESIAN_POINT ( 'NONE',  ( -0.005000000000000000100, 0.4706612939571654900, 0.06608819870102282400 ) ) ;
#1735 =( GEOMETRIC_REPRESENTATION_CONTEXT ( 3 ) GLOBAL_UNCERTAINTY_ASSIGNED_CONTEXT ( ( #1803 ) ) GLOBAL_UNIT_ASSIGNED_CONTEXT ( ( #684, #466, #3047 ) ) REPRESENTATION_CONTEXT ( 'NONE', 'WORKASPACE' ) );
#1736 = EDGE_CURVE ( 'NONE', #152, #1183, #192, .T. ) ;
#1737 = CARTESIAN_POINT ( 'NONE',  ( 0.0000000000000000000, 0.4706612939571654900, -1.853707125018472200 ) ) ;
#1738 = CARTESIAN_POINT ( 'NONE',  ( -0.005000000000000000100, -0.4641000000000288800, -2.122696638299635700 ) ) ;
#1739 = EDGE_CURVE ( 'NONE', #870, #612, #2123, .T. ) ;
#1740 = PRESENTATION_STYLE_ASSIGNMENT (( #2982 ) ) ;
#1741 = CARTESIAN_POINT ( 'NONE',  ( 9.000000000000000000, 1.750000000000000000, -0.3250000000000000100 ) ) ;
#1742 = MECHANICAL_DESIGN_GEOMETRIC_PRESENTATION_REPRESENTATION (  '', ( #1726 ), #104 ) ;
#1743 = FILL_AREA_STYLE_COLOUR ( '', #1871 ) ;
#1744 = CIRCLE ( 'NONE', #1433, 0.3250000000000000100 ) ;
#1745 = VERTEX_POINT ( 'NONE', #170 ) ;
#1746 = CARTESIAN_POINT ( 'NONE',  ( 0.0000000000000000000, 0.0000000000000000000, -4.050000000000000700 ) ) ;
#1747 = FACE_OUTER_BOUND ( 'NONE', #1811, .T. ) ;
#1748 = ORIENTED_EDGE ( 'NONE', *, *, #3085, .T. ) ;
#1749 = DIRECTION ( 'NONE',  ( 0.0000000000000000000, 0.0000000000000000000, 1.000000000000000000 ) ) ;
#1750 = PRESENTATION_LAYER_ASSIGNMENT (  '', '', ( #246 ) ) ;
#1751 = ORIENTED_EDGE ( 'NONE', *, *, #2032, .T. ) ;
#1752 = UNCERTAINTY_MEASURE_WITH_UNIT (LENGTH_MEASURE( 1.000000000000000100E-005 ), #273, 'distance_accuracy_value', 'NONE');
#1753 = APPLICATION_PROTOCOL_DEFINITION ( 'draft international standard', 'automotive_design', 1998, #905 ) ;
#1754 = CARTESIAN_POINT ( 'NONE',  ( 27.99999999999999600, 1.750000000000000000, 0.0000000000000000000 ) ) ;
#1755 = FILL_AREA_STYLE_COLOUR ( '', #1616 ) ;
#1756 =( NAMED_UNIT ( * ) SI_UNIT ( $, .STERADIAN. ) SOLID_ANGLE_UNIT ( ) );
#1757 = ORIENTED_EDGE ( 'NONE', *, *, #1505, .F. ) ;
#1758 = FILL_AREA_STYLE_COLOUR ( '', #599 ) ;
#1759 = EDGE_CURVE ( 'NONE', #3295, #214, #1707, .T. ) ;
#1760 = CARTESIAN_POINT ( 'NONE',  ( -0.005000000000000000100, 0.2927030167103896200, 1.097976737910209200 ) ) ;
#1761 = ORIENTED_EDGE ( 'NONE', *, *, #1112, .F. ) ;
#1762 = DIRECTION ( 'NONE',  ( 1.000000000000000000, 0.0000000000000000000, 0.0000000000000000000 ) ) ;
#1763 = COLOUR_RGB ( '',0.0000000000000000000, 0.0000000000000000000, 0.0000000000000000000 ) ;
#1764 = STYLED_ITEM ( 'NONE', ( #103 ), #2594 ) ;
#1765 = ORIENTED_EDGE ( 'NONE', *, *, #1170, .F. ) ;
#1766 = VECTOR ( 'NONE', #3025, 1000.000000000000000 ) ;
#1767 = CARTESIAN_POINT ( 'NONE',  ( 0.2000000000000005100, 0.0000000000000000000, 4.250000000000000000 ) ) ;
#1768 = DIRECTION ( 'NONE',  ( 1.000000000000000000, 0.0000000000000000000, 0.0000000000000000000 ) ) ;
#1769 = DIRECTION ( 'NONE',  ( 0.0000000000000000000, -1.000000000000000000, 0.0000000000000000000 ) ) ;
#1770 = PRESENTATION_LAYER_ASSIGNMENT (  '', '', ( #2718 ) ) ;
#1771 = VECTOR ( 'NONE', #1897, 1000.000000000000100 ) ;
#1772 = DIRECTION ( 'NONE',  ( 0.0000000000000000000, 0.9610876102172872800, 0.2762437428917141600 ) ) ;
#1773 = DIRECTION ( 'NONE',  ( 0.0000000000000000000, 0.0000000000000000000, -1.000000000000000000 ) ) ;
#1774 = VECTOR ( 'NONE', #2582, 1000.000000000000000 ) ;
#1775 = AXIS2_PLACEMENT_3D ( 'NONE', #2344, #774, #2614 ) ;
#1776 = FILL_AREA_STYLE_COLOUR ( '', #1559 ) ;
#1777 = SURFACE_STYLE_FILL_AREA ( #1042 ) ;
#1778 =( NAMED_UNIT ( * ) PLANE_ANGLE_UNIT ( ) SI_UNIT ( $, .RADIAN. ) );
#1779 = DIRECTION ( 'NONE',  ( 0.0000000000000000000, -1.000000000000000000, 1.903994955167361300E-016 ) ) ;
#1780 = EDGE_CURVE ( 'NONE', #321, #1964, #2949, .T. ) ;
#1781 = VECTOR ( 'NONE', #655, 1000.000000000000000 ) ;
#1782 = FILL_AREA_STYLE ('',( #1023 ) ) ;
#1783 =( LENGTH_UNIT ( ) NAMED_UNIT ( * ) SI_UNIT ( .MILLI., .METRE. ) );
#1784 = DIRECTION ( 'NONE',  ( 0.0000000000000000000, 0.2732148821745892200, -0.9619530280415594700 ) ) ;
#1785 = AXIS2_PLACEMENT_3D ( 'NONE', #208, #2300, #3346 ) ;
#1786 = COLOUR_RGB ( '',0.8980392156862745400, 0.9215686274509803400, 0.9294117647058823800 ) ;
#1787 = PRESENTATION_LAYER_ASSIGNMENT (  '', '', ( #731 ) ) ;
#1788 = DIRECTION ( 'NONE',  ( 0.0000000000000000000, 0.9612861490927304700, 0.2755520632520628300 ) ) ;
#1789 = SURFACE_STYLE_FILL_AREA ( #2298 ) ;
#1790 = ORIENTED_EDGE ( 'NONE', *, *, #1460, .T. ) ;
#1791 = CARTESIAN_POINT ( 'NONE',  ( 0.0000000000000000000, -0.4641000000000289300, -0.1854619274410220200 ) ) ;
#1792 = ADVANCED_FACE ( 'NONE', ( #765 ), #2319, .F. ) ;
#1793 = FILL_AREA_STYLE_COLOUR ( '', #1235 ) ;
#1794 = AXIS2_PLACEMENT_3D ( 'NONE', #1030, #2593, #1806 ) ;
#1795 = LINE ( 'NONE', #2634, #1960 ) ;
#1796 = VERTEX_POINT ( 'NONE', #3320 ) ;
#1797 = VERTEX_POINT ( 'NONE', #473 ) ;
#1798 = CARTESIAN_POINT ( 'NONE',  ( -0.005000000000000000100, 0.4706612939571652700, -0.3319935657280985200 ) ) ;
#1799 = ORIENTED_EDGE ( 'NONE', *, *, #2803, .F. ) ;
#1800 = MECHANICAL_DESIGN_GEOMETRIC_PRESENTATION_REPRESENTATION (  '', ( #1325 ), #1146 ) ;
#1801 = ORIENTED_EDGE ( 'NONE', *, *, #313, .T. ) ;
#1802 = SURFACE_SIDE_STYLE ('',( #3374 ) ) ;
#1803 = UNCERTAINTY_MEASURE_WITH_UNIT (LENGTH_MEASURE( 1.000000000000000100E-005 ), #684, 'distance_accuracy_value', 'NONE');
#1804 = ORIENTED_EDGE ( 'NONE', *, *, #181, .T. ) ;
#1805 = MECHANICAL_DESIGN_GEOMETRIC_PRESENTATION_REPRESENTATION (  '', ( #1867 ), #1916 ) ;
#1806 = DIRECTION ( 'NONE',  ( 0.0000000000000000000, -3.147719821763145700E-016, -1.000000000000000000 ) ) ;
#1807 = ORIENTED_EDGE ( 'NONE', *, *, #3039, .F. ) ;
#1808 = DIRECTION ( 'NONE',  ( 1.000000000000000000, 0.0000000000000000000, 0.0000000000000000000 ) ) ;
#1809 = DIRECTION ( 'NONE',  ( 0.0000000000000000000, 0.9612861490927303600, 0.2755520632520628300 ) ) ;
#1810 = EDGE_CURVE ( 'NONE', #2207, #2782, #1139, .T. ) ;
#1811 = EDGE_LOOP ( 'NONE', ( #1321, #1888, #2203, #1835 ) ) ;
#1812 = DIRECTION ( 'NONE',  ( 0.0000000000000000000, -0.9610348236706634000, -0.2764273280489770200 ) ) ;
#1813 = ADVANCED_FACE ( 'NONE', ( #3314 ), #726, .F. ) ;
#1814 = LINE ( 'NONE', #2249, #3300 ) ;
#1815 = ORIENTED_EDGE ( 'NONE', *, *, #1963, .F. ) ;
#1816 = COLOUR_RGB ( '',0.0000000000000000000, 0.0000000000000000000, 0.0000000000000000000 ) ;
#1817 =( GEOMETRIC_REPRESENTATION_CONTEXT ( 3 ) GLOBAL_UNCERTAINTY_ASSIGNED_CONTEXT ( ( #749 ) ) GLOBAL_UNIT_ASSIGNED_CONTEXT ( ( #1359, #1663, #2189 ) ) REPRESENTATION_CONTEXT ( 'NONE', 'WORKASPACE' ) );
#1818 =( LENGTH_UNIT ( ) NAMED_UNIT ( * ) SI_UNIT ( .MILLI., .METRE. ) );
#1819 = DIRECTION ( 'NONE',  ( -0.0000000000000000000, -1.000000000000000000, -0.0000000000000000000 ) ) ;
#1820 = CARTESIAN_POINT ( 'NONE',  ( -0.005000000000000000100, -0.2862610967964894200, -1.067741274870060300 ) ) ;
#1821 = CARTESIAN_POINT ( 'NONE',  ( -0.005000000000000000100, 0.1188375638308398200, 1.448532829377931200 ) ) ;
#1822 = PRESENTATION_LAYER_ASSIGNMENT (  '', '', ( #995 ) ) ;
#1823 = DIRECTION ( 'NONE',  ( -1.000000000000000000, -0.0000000000000000000, -0.0000000000000000000 ) ) ;
#1824 = FACE_OUTER_BOUND ( 'NONE', #1430, .T. ) ;
#1825 = LINE ( 'NONE', #1284, #305 ) ;
#1826 = MECHANICAL_DESIGN_GEOMETRIC_PRESENTATION_REPRESENTATION (  '', ( #2667 ), #1474 ) ;
#1827 = CARTESIAN_POINT ( 'NONE',  ( -0.005000000000000000100, 0.1188375638308398200, 1.448532829377931200 ) ) ;
#1828 = CARTESIAN_POINT ( 'NONE',  ( -0.005000000000000000100, 0.3680934099909672900, -0.1388150986193753000 ) ) ;
#1829 = CARTESIAN_POINT ( 'NONE',  ( -0.005000000000000000100, -0.4641000000000289900, -0.3777621434046455900 ) ) ;
#1830 = EDGE_CURVE ( 'NONE', #2389, #687, #853, .T. ) ;
#1831 =( LENGTH_UNIT ( ) NAMED_UNIT ( * ) SI_UNIT ( .MILLI., .METRE. ) );
#1832 =( LENGTH_UNIT ( ) NAMED_UNIT ( * ) SI_UNIT ( .MILLI., .METRE. ) );
#1833 = LINE ( 'NONE', #1007, #978 ) ;
#1834 = SURFACE_STYLE_FILL_AREA ( #3279 ) ;
#1835 = ORIENTED_EDGE ( 'NONE', *, *, #1414, .T. ) ;
#1836 = MECHANICAL_DESIGN_GEOMETRIC_PRESENTATION_REPRESENTATION (  '', ( #403 ), #2781 ) ;
#1837 = VECTOR ( 'NONE', #2491, 1000.000000000000000 ) ;
#1838 = SURFACE_SIDE_STYLE ('',( #1356 ) ) ;
#1839 = COLOUR_RGB ( '',0.0000000000000000000, 0.0000000000000000000, 0.0000000000000000000 ) ;
#1840 = DIRECTION ( 'NONE',  ( 0.0000000000000000000, -0.2765379750249952200, 0.9610029908221280300 ) ) ;
#1841 = ORIENTED_EDGE ( 'NONE', *, *, #2626, .T. ) ;
#1842 =( NAMED_UNIT ( * ) PLANE_ANGLE_UNIT ( ) SI_UNIT ( $, .RADIAN. ) );
#1843 = ORIENTED_EDGE ( 'NONE', *, *, #2749, .T. ) ;
#1844 = CARTESIAN_POINT ( 'NONE',  ( -0.005000000000000000100, -0.4641000000000283800, 1.593651875561089100 ) ) ;
#1845 = SURFACE_STYLE_USAGE ( .BOTH. , #15 ) ;
#1846 = SURFACE_STYLE_FILL_AREA ( #2528 ) ;
#1847 = STYLED_ITEM ( 'NONE', ( #1866 ), #453 ) ;
#1848 = EDGE_LOOP ( 'NONE', ( #899, #939, #2169, #3258 ) ) ;
#1849 = DIRECTION ( 'NONE',  ( 1.000000000000000000, 0.0000000000000000000, 0.0000000000000000000 ) ) ;
#1850 = STYLED_ITEM ( 'NONE', ( #2579 ), #1540 ) ;
#1851 = VERTEX_POINT ( 'NONE', #1225 ) ;
#1852 = EDGE_CURVE ( 'NONE', #1981, #1745, #1956, .T. ) ;
#1853 =( NAMED_UNIT ( * ) PLANE_ANGLE_UNIT ( ) SI_UNIT ( $, .RADIAN. ) );
#1854 = EDGE_LOOP ( 'NONE', ( #3377, #2668, #2710, #2171 ) ) ;
#1855 =( NAMED_UNIT ( * ) SI_UNIT ( $, .STERADIAN. ) SOLID_ANGLE_UNIT ( ) );
#1856 = EDGE_CURVE ( 'NONE', #2587, #2411, #2864, .T. ) ;
#1857 =( NAMED_UNIT ( * ) SI_UNIT ( $, .STERADIAN. ) SOLID_ANGLE_UNIT ( ) );
#1858 = CARTESIAN_POINT ( 'NONE',  ( -0.005000000000000000100, -0.4641000000000000100, -2.388500000000000500 ) ) ;
#1859 = PLANE ( 'NONE',  #1222 ) ;
#1860 = SURFACE_STYLE_USAGE ( .BOTH. , #2892 ) ;
#1861 = UNCERTAINTY_MEASURE_WITH_UNIT (LENGTH_MEASURE( 1.000000000000000100E-005 ), #2225, 'distance_accuracy_value', 'NONE');
#1862 = CARTESIAN_POINT ( 'NONE',  ( 0.0000000000000000000, -0.4641000000000287100, 0.06373707393421716700 ) ) ;
#1863 = PRESENTATION_STYLE_ASSIGNMENT (( #631 ) ) ;
#1864 = SURFACE_SIDE_STYLE ('',( #3275 ) ) ;
#1865 = SURFACE_STYLE_FILL_AREA ( #2132 ) ;
#1866 = PRESENTATION_STYLE_ASSIGNMENT (( #300 ) ) ;
#1867 = STYLED_ITEM ( 'NONE', ( #160 ), #1264 ) ;
#1868 = SURFACE_SIDE_STYLE ('',( #859 ) ) ;
#1869 = PRESENTATION_STYLE_ASSIGNMENT (( #2940 ) ) ;
#1870 = DIRECTION ( 'NONE',  ( 0.0000000000000000000, 0.0000000000000000000, -1.000000000000000000 ) ) ;
#1871 = COLOUR_RGB ( '',0.8941176470588234600, 0.9137254901960784000, 0.9294117647058823800 ) ;
#1872 = ADVANCED_FACE ( 'NONE', ( #437 ), #2799, .T. ) ;
#1873 = ORIENTED_EDGE ( 'NONE', *, *, #1969, .F. ) ;
#1874 = EDGE_CURVE ( 'NONE', #1899, #2502, #2575, .T. ) ;
#1875 = ORIENTED_EDGE ( 'NONE', *, *, #1759, .F. ) ;
#1876 =( NAMED_UNIT ( * ) SI_UNIT ( $, .STERADIAN. ) SOLID_ANGLE_UNIT ( ) );
#1877 = MECHANICAL_DESIGN_GEOMETRIC_PRESENTATION_REPRESENTATION (  '', ( #807 ), #2406 ) ;
#1878 = CARTESIAN_POINT ( 'NONE',  ( -0.005000000000000000100, -0.4641000000000286000, 0.2650415035041395800 ) ) ;
#1879 = VERTEX_POINT ( 'NONE', #2847 ) ;
#1880 = FILL_AREA_STYLE_COLOUR ( '', #2942 ) ;
#1881 = ORIENTED_EDGE ( 'NONE', *, *, #800, .T. ) ;
#1882 = ORIENTED_EDGE ( 'NONE', *, *, #930, .T. ) ;
#1883 = CARTESIAN_POINT ( 'NONE',  ( 0.0000000000000000000, -0.2862610967964894200, -1.067741274870060300 ) ) ;
#1884 = CARTESIAN_POINT ( 'NONE',  ( -0.005000000000000000100, -0.2862610967964894200, -0.5495612876816065000 ) ) ;
#1885 = COLOUR_RGB ( '',0.8980392156862745400, 0.9215686274509803400, 0.9294117647058823800 ) ;
#1886 =( NAMED_UNIT ( * ) PLANE_ANGLE_UNIT ( ) SI_UNIT ( $, .RADIAN. ) );
#1887 = AXIS2_PLACEMENT_3D ( 'NONE', #2511, #3370, #2062 ) ;
#1888 = ORIENTED_EDGE ( 'NONE', *, *, #2959, .F. ) ;
#1889 = CARTESIAN_POINT ( 'NONE',  ( 0.0000000000000000000, 0.1188688284627370000, -0.9522440450364015900 ) ) ;
#1890 = LINE ( 'NONE', #3303, #1931 ) ;
#1891 = DIRECTION ( 'NONE',  ( 0.0000000000000000000, -1.000000000000000000, 2.043497108812547200E-016 ) ) ;
#1892 = ORIENTED_EDGE ( 'NONE', *, *, #753, .F. ) ;
#1893 =( LENGTH_UNIT ( ) NAMED_UNIT ( * ) SI_UNIT ( .MILLI., .METRE. ) );
#1894 = AXIS2_PLACEMENT_3D ( 'NONE', #2913, #2096, #306 ) ;
#1895 = ORIENTED_EDGE ( 'NONE', *, *, #2631, .T. ) ;
#1896 = MECHANICAL_DESIGN_GEOMETRIC_PRESENTATION_REPRESENTATION (  '', ( #29 ), #483 ) ;
#1897 = DIRECTION ( 'NONE',  ( 0.0000000000000000000, 0.9601763114346040200, 0.2793947940814899800 ) ) ;
#1898 = EDGE_CURVE ( 'NONE', #2501, #1281, #3201, .T. ) ;
#1899 = VERTEX_POINT ( 'NONE', #1746 ) ;
#1900 = CARTESIAN_POINT ( 'NONE',  ( -0.005000000000000000100, -0.4641000000000288200, -1.489076266063151800 ) ) ;
#1901 = FILL_AREA_STYLE_COLOUR ( '', #2929 ) ;
#1902 = SURFACE_SIDE_STYLE ('',( #2764 ) ) ;
#1903 = DIRECTION ( 'NONE',  ( 0.0000000000000000000, 0.7145695586383381500, -0.6995643972268819100 ) ) ;
#1904 = AXIS2_PLACEMENT_3D ( 'NONE', #3359, #2536, #968 ) ;
#1905 = CARTESIAN_POINT ( 'NONE',  ( -0.005000000000000000100, 0.04345001279229223500, -1.699458807457130600 ) ) ;
#1906 = MECHANICAL_DESIGN_GEOMETRIC_PRESENTATION_REPRESENTATION (  '', ( #1092 ), #1930 ) ;
#1907 = UNCERTAINTY_MEASURE_WITH_UNIT (LENGTH_MEASURE( 1.000000000000000100E-005 ), #1512, 'distance_accuracy_value', 'NONE');
#1908 = FILL_AREA_STYLE_COLOUR ( '', #2550 ) ;
#1909 = DIRECTION ( 'NONE',  ( 0.0000000000000000000, 0.9615454294334483400, 0.2746459304916885100 ) ) ;
#1910 = PRESENTATION_STYLE_ASSIGNMENT (( #885 ) ) ;
#1911 = CARTESIAN_POINT ( 'NONE',  ( -0.005000000000000000100, -0.4641000000000289300, -0.5441468228588440800 ) ) ;
#1912 = UNCERTAINTY_MEASURE_WITH_UNIT (LENGTH_MEASURE( 1.000000000000000100E-005 ), #2188, 'distance_accuracy_value', 'NONE');
#1913 = FACE_OUTER_BOUND ( 'NONE', #1680, .T. ) ;
#1914 = CARTESIAN_POINT ( 'NONE',  ( -0.005000000000000000100, 0.2901762661091321600, 2.076730209328213000 ) ) ;
#1915 = VECTOR ( 'NONE', #218, 1000.000000000000000 ) ;
#1916 =( GEOMETRIC_REPRESENTATION_CONTEXT ( 3 ) GLOBAL_UNCERTAINTY_ASSIGNED_CONTEXT ( ( #3392 ) ) GLOBAL_UNIT_ASSIGNED_CONTEXT ( ( #2351, #260, #1567 ) ) REPRESENTATION_CONTEXT ( 'NONE', 'WORKASPACE' ) );
#1917 = DIRECTION ( 'NONE',  ( 0.0000000000000000000, 0.9237839814038914000, -0.3829140317376404900 ) ) ;
#1918 = EDGE_CURVE ( 'NONE', #2952, #2283, #2732, .T. ) ;
#1919 = VECTOR ( 'NONE', #2231, 1000.000000000000000 ) ;
#1920 = ORIENTED_EDGE ( 'NONE', *, *, #3293, .F. ) ;
#1921 = SURFACE_STYLE_USAGE ( .BOTH. , #858 ) ;
#1922 = MECHANICAL_DESIGN_GEOMETRIC_PRESENTATION_REPRESENTATION (  '', ( #2205 ), #449 ) ;
#1923 = PRESENTATION_STYLE_ASSIGNMENT (( #3240 ) ) ;
#1924 = ORIENTED_EDGE ( 'NONE', *, *, #3182, .T. ) ;
#1925 = FILL_AREA_STYLE ('',( #2973 ) ) ;
#1926 = DIRECTION ( 'NONE',  ( 1.000000000000000000, 0.0000000000000000000, 0.0000000000000000000 ) ) ;
#1927 = CARTESIAN_POINT ( 'NONE',  ( 9.000000000000000000, -1.750000000000000000, -0.3250000000000000100 ) ) ;
#1928 = CYLINDRICAL_SURFACE ( 'NONE', #2093, 0.3250000000000000100 ) ;
#1929 = ORIENTED_EDGE ( 'NONE', *, *, #1483, .T. ) ;
#1930 =( GEOMETRIC_REPRESENTATION_CONTEXT ( 3 ) GLOBAL_UNCERTAINTY_ASSIGNED_CONTEXT ( ( #250 ) ) GLOBAL_UNIT_ASSIGNED_CONTEXT ( ( #1270, #2854, #748 ) ) REPRESENTATION_CONTEXT ( 'NONE', 'WORKASPACE' ) );
#1931 = VECTOR ( 'NONE', #1415, 1000.000000000000200 ) ;
#1932 = ORIENTED_EDGE ( 'NONE', *, *, #1941, .F. ) ;
#1933 = LINE ( 'NONE', #1381, #1604 ) ;
#1934 = UNCERTAINTY_MEASURE_WITH_UNIT (LENGTH_MEASURE( 1.000000000000000100E-005 ), #628, 'distance_accuracy_value', 'NONE');
#1935 = ORIENTED_EDGE ( 'NONE', *, *, #2010, .F. ) ;
#1936 = FILL_AREA_STYLE ('',( #1100 ) ) ;
#1937 =( NAMED_UNIT ( * ) SI_UNIT ( $, .STERADIAN. ) SOLID_ANGLE_UNIT ( ) );
#1938 = AXIS2_PLACEMENT_3D ( 'NONE', #237, #2879, #750 ) ;
#1939 = SURFACE_STYLE_FILL_AREA ( #1478 ) ;
#1940 = CIRCLE ( 'NONE', #1320, 4.250000000000000000 ) ;
#1941 = EDGE_CURVE ( 'NONE', #734, #3295, #3197, .T. ) ;
#1942 = CARTESIAN_POINT ( 'NONE',  ( -0.005000000000000000100, 0.4706612939571652700, -1.263084146543252100 ) ) ;
#1943 = VECTOR ( 'NONE', #1060, 1000.000000000000000 ) ;
#1944 = SURFACE_SIDE_STYLE ('',( #225 ) ) ;
#1945 =( NAMED_UNIT ( * ) SI_UNIT ( $, .STERADIAN. ) SOLID_ANGLE_UNIT ( ) );
#1946 = AXIS2_PLACEMENT_3D ( 'NONE', #1486, #2025, #3326 ) ;
#1947 = SURFACE_STYLE_FILL_AREA ( #707 ) ;
#1948 = PRESENTATION_STYLE_ASSIGNMENT (( #3404 ) ) ;
#1949 =( GEOMETRIC_REPRESENTATION_CONTEXT ( 3 ) GLOBAL_UNCERTAINTY_ASSIGNED_CONTEXT ( ( #1581 ) ) GLOBAL_UNIT_ASSIGNED_CONTEXT ( ( #1332, #2903, #1855 ) ) REPRESENTATION_CONTEXT ( 'NONE', 'WORKASPACE' ) );
#1950 = FACE_OUTER_BOUND ( 'NONE', #2180, .T. ) ;
#1951 = FILL_AREA_STYLE_COLOUR ( '', #1091 ) ;
#1952 = CARTESIAN_POINT ( 'NONE',  ( 0.0000000000000000000, -0.05393646921602023700, -1.001545525218872500 ) ) ;
#1953 = FACE_OUTER_BOUND ( 'NONE', #784, .T. ) ;
#1954 = VECTOR ( 'NONE', #81, 1000.000000000000000 ) ;
#1955 = CARTESIAN_POINT ( 'NONE',  ( -0.005000000000000000100, 0.4706612939571652700, -1.570705373510844000 ) ) ;
#1956 = LINE ( 'NONE', #2809, #1214 ) ;
#1957 = ORIENTED_EDGE ( 'NONE', *, *, #2980, .F. ) ;
#1958 =( LENGTH_UNIT ( ) NAMED_UNIT ( * ) SI_UNIT ( .MILLI., .METRE. ) );
#1959 = LINE ( 'NONE', #2232, #1262 ) ;
#1960 = VECTOR ( 'NONE', #1849, 1000.000000000000000 ) ;
#1961 = ORIENTED_EDGE ( 'NONE', *, *, #1174, .T. ) ;
#1962 = DIRECTION ( 'NONE',  ( 0.0000000000000000000, 1.000000000000000000, -6.723885967566622100E-016 ) ) ;
#1963 = EDGE_CURVE ( 'NONE', #1972, #1196, #2163, .T. ) ;
#1964 = VERTEX_POINT ( 'NONE', #1297 ) ;
#1965 = SURFACE_SIDE_STYLE ('',( #360 ) ) ;
#1966 = VECTOR ( 'NONE', #248, 1000.000000000000000 ) ;
#1967 = ORIENTED_EDGE ( 'NONE', *, *, #2754, .T. ) ;
#1968 = FILL_AREA_STYLE_COLOUR ( '', #3077 ) ;
#1969 = EDGE_CURVE ( 'NONE', #2373, #490, #232, .T. ) ;
#1970 = PRESENTATION_LAYER_ASSIGNMENT (  '', '', ( #2496 ) ) ;
#1971 = CARTESIAN_POINT ( 'NONE',  ( -0.005000000000000000100, -0.4641000000000283800, 1.593651875561089100 ) ) ;
#1972 = VERTEX_POINT ( 'NONE', #766 ) ;
#1973 =( LENGTH_UNIT ( ) NAMED_UNIT ( * ) SI_UNIT ( .MILLI., .METRE. ) );
#1974 = UNCERTAINTY_MEASURE_WITH_UNIT (LENGTH_MEASURE( 1.000000000000000100E-005 ), #2091, 'distance_accuracy_value', 'NONE');
#1975 = VECTOR ( 'NONE', #2713, 1000.000000000000000 ) ;
#1976 = STYLED_ITEM ( 'NONE', ( #883 ), #2776 ) ;
#1977 = VERTEX_POINT ( 'NONE', #1036 ) ;
#1978 = SURFACE_STYLE_USAGE ( .BOTH. , #411 ) ;
#1979 =( NAMED_UNIT ( * ) SI_UNIT ( $, .STERADIAN. ) SOLID_ANGLE_UNIT ( ) );
#1980 = FACE_OUTER_BOUND ( 'NONE', #206, .T. ) ;
#1981 = VERTEX_POINT ( 'NONE', #511 ) ;
#1982 = MECHANICAL_DESIGN_GEOMETRIC_PRESENTATION_REPRESENTATION (  '', ( #1607 ), #2156 ) ;
#1983 = DIRECTION ( 'NONE',  ( 0.0000000000000000000, 0.0000000000000000000, 1.000000000000000000 ) ) ;
#1984 = VERTEX_POINT ( 'NONE', #2088 ) ;
#1985 = CARTESIAN_POINT ( 'NONE',  ( -0.005000000000000000100, 0.4706612939571654900, 0.7713295621164777400 ) ) ;
#1986 = SURFACE_STYLE_FILL_AREA ( #593 ) ;
#1987 = DIRECTION ( 'NONE',  ( 0.0000000000000000000, 0.9601763114327595000, 0.2793947940878290200 ) ) ;
#1988 =( LENGTH_UNIT ( ) NAMED_UNIT ( * ) SI_UNIT ( .MILLI., .METRE. ) );
#1989 = ADVANCED_FACE ( 'NONE', ( #632 ), #3108, .T. ) ;
#1990 = EDGE_CURVE ( 'NONE', #3178, #1101, #3277, .T. ) ;
#1991 = CARTESIAN_POINT ( 'NONE',  ( -0.005000000000000000100, -0.4641000000000284300, 1.321314205319506200 ) ) ;
#1992 = FACE_OUTER_BOUND ( 'NONE', #318, .T. ) ;
#1993 = DIRECTION ( 'NONE',  ( 0.0000000000000000000, 0.9617234872620589200, 0.2740217765954088800 ) ) ;
#1994 = FACE_OUTER_BOUND ( 'NONE', #990, .T. ) ;
#1995 = MECHANICAL_DESIGN_GEOMETRIC_PRESENTATION_REPRESENTATION (  '', ( #832 ), #1817 ) ;
#1996 =( LENGTH_UNIT ( ) NAMED_UNIT ( * ) SI_UNIT ( .MILLI., .METRE. ) );
#1997 = FACE_OUTER_BOUND ( 'NONE', #1854, .T. ) ;
#1998 =( NAMED_UNIT ( * ) SI_UNIT ( $, .STERADIAN. ) SOLID_ANGLE_UNIT ( ) );
#1999 = DIRECTION ( 'NONE',  ( 0.0000000000000000000, -2.104574761018632000E-016, -1.000000000000000000 ) ) ;
#2000 = PRODUCT_DEFINITION ( 'UNKNOWN', '', #2274, #1477 ) ;
#2001 = VECTOR ( 'NONE', #944, 1000.000000000000100 ) ;
#2002 = ORIENTED_EDGE ( 'NONE', *, *, #509, .F. ) ;
#2003 = AXIS2_PLACEMENT_3D ( 'NONE', #1272, #202, #3109 ) ;
#2004 = ORIENTED_EDGE ( 'NONE', *, *, #210, .T. ) ;
#2005 = CARTESIAN_POINT ( 'NONE',  ( 0.2000000000000005100, 0.0000000000000000000, 0.0000000000000000000 ) ) ;
#2006 = DIRECTION ( 'NONE',  ( 1.000000000000000000, 0.0000000000000000000, 0.0000000000000000000 ) ) ;
#2007 = EDGE_LOOP ( 'NONE', ( #789, #1723, #3121, #2636 ) ) ;
#2008 = CARTESIAN_POINT ( 'NONE',  ( -0.005000000000000000100, 0.4706612939571652700, -0.4252303785879496000 ) ) ;
#2009 = CARTESIAN_POINT ( 'NONE',  ( -0.005000000000000000100, 0.4706612939571654900, 0.3613496161570116700 ) ) ;
#2010 = EDGE_CURVE ( 'NONE', #3290, #682, #2122, .T. ) ;
#2011 = LINE ( 'NONE', #757, #945 ) ;
#2012 = EDGE_LOOP ( 'NONE', ( #234, #2368, #1761, #1929 ) ) ;
#2013 = CARTESIAN_POINT ( 'NONE',  ( -0.005000000000000000100, 0.1188688284627370000, -0.9522440450364015900 ) ) ;
#2014 = FACE_OUTER_BOUND ( 'NONE', #637, .T. ) ;
#2015 = DIRECTION ( 'NONE',  ( 0.0000000000000000000, -0.002813301676022606200, 0.9999960426590096500 ) ) ;
#2016 = ORIENTED_EDGE ( 'NONE', *, *, #3141, .F. ) ;
#2017 = CARTESIAN_POINT ( 'NONE',  ( -0.005000000000000000100, 0.1188375638308397100, 1.047384881157789300 ) ) ;
#2018 = UNCERTAINTY_MEASURE_WITH_UNIT (LENGTH_MEASURE( 1.000000000000000100E-005 ), #3262, 'distance_accuracy_value', 'NONE');
#2019 = VERTEX_POINT ( 'NONE', #1828 ) ;
#2020 = DIRECTION ( 'NONE',  ( 1.000000000000000000, 0.0000000000000000000, 0.0000000000000000000 ) ) ;
#2021 = PRESENTATION_LAYER_ASSIGNMENT (  '', '', ( #650 ) ) ;
#2022 = ORIENTED_EDGE ( 'NONE', *, *, #1810, .F. ) ;
#2023 = DIRECTION ( 'NONE',  ( 0.0000000000000000000, -0.004650693823678241100, 0.9999891854650020400 ) ) ;
#2024 = SURFACE_SIDE_STYLE ('',( #2500 ) ) ;
#2025 = DIRECTION ( 'NONE',  ( 0.0000000000000000000, 0.9999999968487353100, 7.938847109764683400E-005 ) ) ;
#2026 =( LENGTH_UNIT ( ) NAMED_UNIT ( * ) SI_UNIT ( .MILLI., .METRE. ) );
#2027 = VECTOR ( 'NONE', #1572, 1000.000000000000000 ) ;
#2028 = EDGE_CURVE ( 'NONE', #1899, #1797, #2573, .T. ) ;
#2029 = CARTESIAN_POINT ( 'NONE',  ( 7.852499999999998300, 0.0000000000000000000, 0.0000000000000000000 ) ) ;
#2030 = SURFACE_STYLE_FILL_AREA ( #3340 ) ;
#2031 = FILL_AREA_STYLE_COLOUR ( '', #190 ) ;
#2032 = EDGE_CURVE ( 'NONE', #687, #2497, #2657, .T. ) ;
#2033 = AXIS2_PLACEMENT_3D ( 'NONE', #1716, #1207, #2761 ) ;
#2034 =( LENGTH_UNIT ( ) NAMED_UNIT ( * ) SI_UNIT ( .MILLI., .METRE. ) );
#2035 = SURFACE_STYLE_FILL_AREA ( #2965 ) ;
#2036 = PLANE ( 'NONE',  #1946 ) ;
#2037 = ADVANCED_FACE ( 'NONE', ( #1953 ), #2860, .F. ) ;
#2038 = FILL_AREA_STYLE ('',( #2332 ) ) ;
#2039 = CARTESIAN_POINT ( 'NONE',  ( 0.0000000000000000000, -0.4641000000000289900, -0.3777621434046455900 ) ) ;
#2040 = SURFACE_STYLE_USAGE ( .BOTH. , #1548 ) ;
#2041 = ORIENTED_EDGE ( 'NONE', *, *, #1590, .T. ) ;
#2042 = SURFACE_STYLE_USAGE ( .BOTH. , #1502 ) ;
#2043 = CARTESIAN_POINT ( 'NONE',  ( 0.0000000000000000000, -0.4641000000000286000, 0.2650415035041395800 ) ) ;
#2044 = ORIENTED_EDGE ( 'NONE', *, *, #2558, .F. ) ;
#2045 = CLOSED_SHELL ( 'NONE', ( #503, #42, #974, #3069, #2209, #1503, #419, #570, #1487, #1264, #2677, #3354, #1872 ) ) ;
#2046 = LINE ( 'NONE', #2863, #1966 ) ;
#2047 = AXIS2_PLACEMENT_3D ( 'NONE', #2779, #185, #3310 ) ;
#2048 = ORIENTED_EDGE ( 'NONE', *, *, #3039, .T. ) ;
#2049 = SURFACE_SIDE_STYLE ('',( #2184 ) ) ;
#2050 =( NAMED_UNIT ( * ) PLANE_ANGLE_UNIT ( ) SI_UNIT ( $, .RADIAN. ) );
#2051 = ORIENTED_EDGE ( 'NONE', *, *, #2843, .T. ) ;
#2052 = DIRECTION ( 'NONE',  ( 1.000000000000000000, -0.0000000000000000000, -0.0000000000000000000 ) ) ;
#2053 = EDGE_CURVE ( 'NONE', #1514, #119, #850, .T. ) ;
#2054 = CARTESIAN_POINT ( 'NONE',  ( -0.005000000000000000100, 0.2914979073132797900, 1.526336283689422800 ) ) ;
#2055 = PRESENTATION_LAYER_ASSIGNMENT (  '', '', ( #3119 ) ) ;
#2056 = ORIENTED_EDGE ( 'NONE', *, *, #1874, .F. ) ;
#2057 = DIRECTION ( 'NONE',  ( 1.000000000000000000, 0.0000000000000000000, 0.0000000000000000000 ) ) ;
#2058 = UNCERTAINTY_MEASURE_WITH_UNIT (LENGTH_MEASURE( 1.000000000000000100E-005 ), #2810, 'distance_accuracy_value', 'NONE');
#2059 = ORIENTED_EDGE ( 'NONE', *, *, #230, .T. ) ;
#2060 = FILL_AREA_STYLE_COLOUR ( '', #2352 ) ;
#2061 = VECTOR ( 'NONE', #189, 1000.000000000000000 ) ;
#2062 = DIRECTION ( 'NONE',  ( 0.0000000000000000000, 0.0000000000000000000, -1.000000000000000000 ) ) ;
#2063 = DIRECTION ( 'NONE',  ( 1.000000000000000000, 0.0000000000000000000, 0.0000000000000000000 ) ) ;
#2064 = MECHANICAL_DESIGN_GEOMETRIC_PRESENTATION_REPRESENTATION (  '', ( #1188 ), #2419 ) ;
#2065 = LINE ( 'NONE', #2771, #1004 ) ;
#2066 = FACE_OUTER_BOUND ( 'NONE', #1508, .T. ) ;
#2067 = CIRCLE ( 'NONE', #2615, 4.050000000000000700 ) ;
#2068 = PRESENTATION_LAYER_ASSIGNMENT (  '', '', ( #2667 ) ) ;
#2069 = FILL_AREA_STYLE_COLOUR ( '', #2498 ) ;
#2070 =( NAMED_UNIT ( * ) PLANE_ANGLE_UNIT ( ) SI_UNIT ( $, .RADIAN. ) );
#2071 = ADVANCED_FACE ( 'NONE', ( #2316 ), #2904, .F. ) ;
#2072 = DIRECTION ( 'NONE',  ( 0.0000000000000000000, -1.903994955167361300E-016, -1.000000000000000000 ) ) ;
#2073 = VECTOR ( 'NONE', #986, 1000.000000000000100 ) ;
#2074 = CARTESIAN_POINT ( 'NONE',  ( 9.000000000000000000, 0.0000000000000000000, 0.0000000000000000000 ) ) ;
#2075 = FACE_OUTER_BOUND ( 'NONE', #1118, .T. ) ;
#2076 =( LENGTH_UNIT ( ) NAMED_UNIT ( * ) SI_UNIT ( .MILLI., .METRE. ) );
#2077 = SURFACE_STYLE_FILL_AREA ( #1782 ) ;
#2078 =( GEOMETRIC_REPRESENTATION_CONTEXT ( 3 ) GLOBAL_UNCERTAINTY_ASSIGNED_CONTEXT ( ( #142 ) ) GLOBAL_UNIT_ASSIGNED_CONTEXT ( ( #725, #217, #3101 ) ) REPRESENTATION_CONTEXT ( 'NONE', 'WORKASPACE' ) );
#2079 = CARTESIAN_POINT ( 'NONE',  ( -0.005000000000000000100, -0.05393646921773419900, 0.9980834009764542000 ) ) ;
#2080 = LINE ( 'NONE', #1249, #1389 ) ;
#2081 = DIRECTION ( 'NONE',  ( 0.0000000000000000000, 0.0000000000000000000, 1.000000000000000000 ) ) ;
#2082 = CARTESIAN_POINT ( 'NONE',  ( -0.005000000000000000100, 0.1188375638308397100, 1.047384881157789300 ) ) ;
#2083 = LINE ( 'NONE', #647, #1919 ) ;
#2084 = EDGE_LOOP ( 'NONE', ( #2736, #2242, #164, #10 ) ) ;
#2085 = ORIENTED_EDGE ( 'NONE', *, *, #97, .T. ) ;
#2086 = DIRECTION ( 'NONE',  ( 0.0000000000000000000, 0.0000000000000000000, 1.000000000000000000 ) ) ;
#2087 = DIRECTION ( 'NONE',  ( 0.0000000000000000000, 0.0000000000000000000, -1.000000000000000000 ) ) ;
#2088 = CARTESIAN_POINT ( 'NONE',  ( 0.0000000000000000000, -0.4641000000000288200, -1.489076266063151800 ) ) ;
#2089 = FACE_OUTER_BOUND ( 'NONE', #1515, .T. ) ;
#2090 = ORIENTED_EDGE ( 'NONE', *, *, #1151, .F. ) ;
#2091 =( LENGTH_UNIT ( ) NAMED_UNIT ( * ) SI_UNIT ( .MILLI., .METRE. ) );
#2092 = ORIENTED_EDGE ( 'NONE', *, *, #75, .F. ) ;
#2093 = AXIS2_PLACEMENT_3D ( 'NONE', #1217, #1506, #1749 ) ;
#2094 = DIRECTION ( 'NONE',  ( 0.0000000000000000000, 0.0000000000000000000, -1.000000000000000000 ) ) ;
#2095 = EDGE_CURVE ( 'NONE', #3127, #2373, #3192, .T. ) ;
#2096 = DIRECTION ( 'NONE',  ( 1.000000000000000000, -0.0000000000000000000, -0.0000000000000000000 ) ) ;
#2097 = CLOSED_SHELL ( 'NONE', ( #2071, #1792, #3219, #3133, #295, #369, #196, #1027, #2741, #2556, #1243, #3270, #310, #909, #3037, #1104, #1989, #2571 ) ) ;
#2098 =( LENGTH_UNIT ( ) NAMED_UNIT ( * ) SI_UNIT ( .MILLI., .METRE. ) );
#2099 = CARTESIAN_POINT ( 'NONE',  ( -0.005000000000000000100, 0.4706612939571652700, -1.263084146543252100 ) ) ;
#2100 = MECHANICAL_DESIGN_GEOMETRIC_PRESENTATION_REPRESENTATION (  '', ( #163 ), #1209 ) ;
#2101 = ORIENTED_EDGE ( 'NONE', *, *, #2095, .F. ) ;
#2102 = CARTESIAN_POINT ( 'NONE',  ( 9.000000000000000000, -1.750000000000000000, 0.0000000000000000000 ) ) ;
#2103 = VERTEX_POINT ( 'NONE', #2297 ) ;
#2104 = SURFACE_STYLE_USAGE ( .BOTH. , #3136 ) ;
#2105 = PLANE ( 'NONE',  #1711 ) ;
#2106 = PRESENTATION_STYLE_ASSIGNMENT (( #3344 ) ) ;
#2107 = CARTESIAN_POINT ( 'NONE',  ( -0.005000000000000000100, 0.2914979073132797900, 1.526336283689422800 ) ) ;
#2108 = DIRECTION ( 'NONE',  ( 0.0000000000000000000, -0.05596501978069705300, 0.9984327301130238000 ) ) ;
#2109 = SURFACE_STYLE_FILL_AREA ( #226 ) ;
#2110 = FILL_AREA_STYLE ('',( #2359 ) ) ;
#2111 = COLOUR_RGB ( '',0.0000000000000000000, 0.0000000000000000000, 0.0000000000000000000 ) ;
#2112 = AXIS2_PLACEMENT_3D ( 'NONE', #1244, #3297, #1714 ) ;
#2113 = LINE ( 'NONE', #2258, #2073 ) ;
#2114 = CARTESIAN_POINT ( 'NONE',  ( 0.0000000000000000000, 0.07204293857864706200, -1.967970823063391200 ) ) ;
#2115 = PLANE ( 'NONE',  #1337 ) ;
#2116 = VECTOR ( 'NONE', #3273, 1000.000000000000000 ) ;
#2117 = CARTESIAN_POINT ( 'NONE',  ( -0.005000000000000000100, -0.4641000000000283800, 1.593651875561089100 ) ) ;
#2118 = EDGE_CURVE ( 'NONE', #1972, #2633, #2273, .T. ) ;
#2119 = CARTESIAN_POINT ( 'NONE',  ( -0.005000000000000000100, -0.4641000000000283800, 1.593651875561089100 ) ) ;
#2120 = UNCERTAINTY_MEASURE_WITH_UNIT (LENGTH_MEASURE( 1.000000000000000100E-005 ), #319, 'distance_accuracy_value', 'NONE');
#2121 = FILL_AREA_STYLE ('',( #1583 ) ) ;
#2122 = LINE ( 'NONE', #1024, #1504 ) ;
#2123 = LINE ( 'NONE', #2489, #3066 ) ;
#2124 = VERTEX_POINT ( 'NONE', #989 ) ;
#2125 = VECTOR ( 'NONE', #2449, 1000.000000000000000 ) ;
#2126 = FILL_AREA_STYLE ('',( #551 ) ) ;
#2127 = ORIENTED_EDGE ( 'NONE', *, *, #1355, .F. ) ;
#2128 = ORIENTED_EDGE ( 'NONE', *, *, #1309, .T. ) ;
#2129 =( NAMED_UNIT ( * ) SI_UNIT ( $, .STERADIAN. ) SOLID_ANGLE_UNIT ( ) );
#2130 = ORIENTED_EDGE ( 'NONE', *, *, #1528, .F. ) ;
#2131 = PLANE ( 'NONE',  #1491 ) ;
#2132 = FILL_AREA_STYLE ('',( #3145 ) ) ;
#2133 = CARTESIAN_POINT ( 'NONE',  ( 9.000000000000000000, 5.204748896376250700E-016, -4.250000000000000000 ) ) ;
#2134 = COLOUR_RGB ( '',0.0000000000000000000, 0.0000000000000000000, 0.0000000000000000000 ) ;
#2135 = STYLED_ITEM ( 'NONE', ( #3338 ), #831 ) ;
#2136 = ORIENTED_EDGE ( 'NONE', *, *, #3269, .T. ) ;
#2137 = ADVANCED_FACE ( 'NONE', ( #630 ), #1274, .F. ) ;
#2138 = CARTESIAN_POINT ( 'NONE',  ( -0.005000000000000000100, 0.2901559482957898300, 2.332659225181929100 ) ) ;
#2139 = FACE_OUTER_BOUND ( 'NONE', #817, .T. ) ;
#2140 = EDGE_LOOP ( 'NONE', ( #916, #1106, #2499, #717 ) ) ;
#2141 = SURFACE_STYLE_USAGE ( .BOTH. , #3191 ) ;
#2142 = EDGE_CURVE ( 'NONE', #1196, #2019, #2360, .T. ) ;
#2143 = PLANE ( 'NONE',  #2302 ) ;
#2144 = ORIENTED_EDGE ( 'NONE', *, *, #557, .F. ) ;
#2145 = CARTESIAN_POINT ( 'NONE',  ( 0.0000000000000000000, -0.05393646921602029300, -0.6003918925204553300 ) ) ;
#2146 = DIRECTION ( 'NONE',  ( 0.0000000000000000000, 2.372545677633582300E-016, 1.000000000000000000 ) ) ;
#2147 = AXIS2_PLACEMENT_3D ( 'NONE', #3118, #1519, #448 ) ;
#2148 = DIRECTION ( 'NONE',  ( -1.000000000000000000, -0.0000000000000000000, -0.0000000000000000000 ) ) ;
#2149 = STYLED_ITEM ( 'NONE', ( #1948 ), #2270 ) ;
#2150 =( GEOMETRIC_REPRESENTATION_CONTEXT ( 3 ) GLOBAL_UNCERTAINTY_ASSIGNED_CONTEXT ( ( #3339 ) ) GLOBAL_UNIT_ASSIGNED_CONTEXT ( ( #3365, #1778, #468 ) ) REPRESENTATION_CONTEXT ( 'NONE', 'WORKASPACE' ) );
#2151 = FACE_OUTER_BOUND ( 'NONE', #2681, .T. ) ;
#2152 =( NAMED_UNIT ( * ) SI_UNIT ( $, .STERADIAN. ) SOLID_ANGLE_UNIT ( ) );
#2153 =( LENGTH_UNIT ( ) NAMED_UNIT ( * ) SI_UNIT ( .MILLI., .METRE. ) );
#2154 = PRESENTATION_STYLE_ASSIGNMENT (( #2141 ) ) ;
#2155 = DIRECTION ( 'NONE',  ( 0.0000000000000000000, 0.2759782365590523500, -0.9611638845409016300 ) ) ;
#2156 =( GEOMETRIC_REPRESENTATION_CONTEXT ( 3 ) GLOBAL_UNCERTAINTY_ASSIGNED_CONTEXT ( ( #3144 ) ) GLOBAL_UNIT_ASSIGNED_CONTEXT ( ( #1973, #393, #1937 ) ) REPRESENTATION_CONTEXT ( 'NONE', 'WORKASPACE' ) );
#2157 = COLOUR_RGB ( '',0.7921568627450980000, 0.8196078431372548800, 0.9333333333333333500 ) ;
#2158 = PLANE ( 'NONE',  #2974 ) ;
#2159 = FACE_OUTER_BOUND ( 'NONE', #2796, .T. ) ;
#2160 = PRESENTATION_STYLE_ASSIGNMENT (( #3238 ) ) ;
#2161 = PRESENTATION_LAYER_ASSIGNMENT (  '', '', ( #2748 ) ) ;
#2162 = CARTESIAN_POINT ( 'NONE',  ( -0.005000000000000000100, -0.4641000000000282700, 1.859929891948954200 ) ) ;
#2163 = LINE ( 'NONE', #180, #2772 ) ;
#2164 = DIRECTION ( 'NONE',  ( 1.000000000000000000, 0.0000000000000000000, 0.0000000000000000000 ) ) ;
#2165 = UNCERTAINTY_MEASURE_WITH_UNIT (LENGTH_MEASURE( 1.000000000000000100E-005 ), #755, 'distance_accuracy_value', 'NONE');
#2166 = DIRECTION ( 'NONE',  ( 0.0000000000000000000, 0.0000000000000000000, 1.000000000000000000 ) ) ;
#2167 = VECTOR ( 'NONE', #3102, 1000.000000000000000 ) ;
#2168 = EDGE_CURVE ( 'NONE', #2869, #480, #710, .T. ) ;
#2169 = ORIENTED_EDGE ( 'NONE', *, *, #890, .F. ) ;
#2170 = SURFACE_STYLE_USAGE ( .BOTH. , #1360 ) ;
#2171 = ORIENTED_EDGE ( 'NONE', *, *, #3166, .T. ) ;
#2172 = PRESENTATION_LAYER_ASSIGNMENT (  '', '', ( #1291 ) ) ;
#2173 = ORIENTED_EDGE ( 'NONE', *, *, #2452, .F. ) ;
#2174 = FILL_AREA_STYLE ('',( #28 ) ) ;
#2175 = ORIENTED_EDGE ( 'NONE', *, *, #1780, .T. ) ;
#2176 = SURFACE_STYLE_USAGE ( .BOTH. , #598 ) ;
#2177 = PRODUCT_RELATED_PRODUCT_CATEGORY ( 'part', '', ( #113 ) ) ;
#2178 = SURFACE_SIDE_STYLE ('',( #1654 ) ) ;
#2179 = FILL_AREA_STYLE_COLOUR ( '', #1664 ) ;
#2180 = EDGE_LOOP ( 'NONE', ( #1472, #445, #910, #1068 ) ) ;
#2181 = MECHANICAL_DESIGN_GEOMETRIC_PRESENTATION_REPRESENTATION (  '', ( #2236 ), #2838 ) ;
#2182 = ORIENTED_EDGE ( 'NONE', *, *, #1990, .F. ) ;
#2183 = CARTESIAN_POINT ( 'NONE',  ( 0.0000000000000000000, 0.04345001279229223500, -1.699458807457130600 ) ) ;
#2184 = SURFACE_STYLE_FILL_AREA ( #3389 ) ;
#2185 = EDGE_CURVE ( 'NONE', #1202, #328, #1014, .T. ) ;
#2186 = ORIENTED_EDGE ( 'NONE', *, *, #378, .F. ) ;
#2187 =( LENGTH_UNIT ( ) NAMED_UNIT ( * ) SI_UNIT ( .MILLI., .METRE. ) );
#2188 =( LENGTH_UNIT ( ) NAMED_UNIT ( * ) SI_UNIT ( .MILLI., .METRE. ) );
#2189 =( NAMED_UNIT ( * ) SI_UNIT ( $, .STERADIAN. ) SOLID_ANGLE_UNIT ( ) );
#2190 = FACE_OUTER_BOUND ( 'NONE', #2007, .T. ) ;
#2191 = AXIS2_PLACEMENT_3D ( 'NONE', #3089, #741, #2584 ) ;
#2192 = VECTOR ( 'NONE', #507, 1000.000000000000100 ) ;
#2193 = DIRECTION ( 'NONE',  ( 0.0000000000000000000, -0.3829140317376404900, -0.9237839814038914000 ) ) ;
#2194 = VECTOR ( 'NONE', #452, 1000.000000000000100 ) ;
#2195 = STYLED_ITEM ( 'NONE', ( #1386 ), #481 ) ;
#2196 = VECTOR ( 'NONE', #919, 1000.000000000000000 ) ;
#2197 = FILL_AREA_STYLE ('',( #1147 ) ) ;
#2198 = DIRECTION ( 'NONE',  ( 0.0000000000000000000, 0.2746918797667241000, -0.9615323037684296900 ) ) ;
#2199 = PRESENTATION_STYLE_ASSIGNMENT (( #158 ) ) ;
#2200 = CARTESIAN_POINT ( 'NONE',  ( -0.005000000000000000100, 0.3721009671810895400, 0.5051709197727064500 ) ) ;
#2201 = EDGE_CURVE ( 'NONE', #286, #328, #3106, .T. ) ;
#2202 = LINE ( 'NONE', #671, #812 ) ;
#2203 = ORIENTED_EDGE ( 'NONE', *, *, #59, .F. ) ;
#2204 = FACE_OUTER_BOUND ( 'NONE', #410, .T. ) ;
#2205 = STYLED_ITEM ( 'NONE', ( #3321 ), #42 ) ;
#2206 = ORIENTED_EDGE ( 'NONE', *, *, #1063, .T. ) ;
#2207 = VERTEX_POINT ( 'NONE', #2336 ) ;
#2208 = CARTESIAN_POINT ( 'NONE',  ( 0.0000000000000000000, 0.4706612939571652700, -0.3319935657280985200 ) ) ;
#2209 = ADVANCED_FACE ( 'NONE', ( #554 ), #764, .F. ) ;
#2210 = DIRECTION ( 'NONE',  ( 1.000000000000000000, 0.0000000000000000000, 0.0000000000000000000 ) ) ;
#2211 = LINE ( 'NONE', #2362, #2586 ) ;
#2212 = EDGE_LOOP ( 'NONE', ( #1597, #3075, #1111, #2128 ) ) ;
#2213 = DIRECTION ( 'NONE',  ( 0.0000000000000000000, -0.8958676361827028200, -0.4443210308329064200 ) ) ;
#2214 = PRESENTATION_STYLE_ASSIGNMENT (( #1732 ) ) ;
#2215 = VERTEX_POINT ( 'NONE', #1862 ) ;
#2216 = EDGE_LOOP ( 'NONE', ( #2950, #3090, #2716, #399 ) ) ;
#2217 =( NAMED_UNIT ( * ) SI_UNIT ( $, .STERADIAN. ) SOLID_ANGLE_UNIT ( ) );
#2218 = DIRECTION ( 'NONE',  ( 0.0000000000000000000, -0.2762033010252023000, 0.9610992334315856500 ) ) ;
#2219 = VERTEX_POINT ( 'NONE', #2871 ) ;
#2220 = UNCERTAINTY_MEASURE_WITH_UNIT (LENGTH_MEASURE( 1.000000000000000100E-005 ), #2076, 'distance_accuracy_value', 'NONE');
#2221 = CARTESIAN_POINT ( 'NONE',  ( -0.005000000000000000100, 0.1188688284627371100, -0.5510335675551548700 ) ) ;
#2222 = CARTESIAN_POINT ( 'NONE',  ( 0.0000000000000000000, -0.4641000000000288200, -1.773493452664154600 ) ) ;
#2223 = COLOUR_RGB ( '',0.0000000000000000000, 0.0000000000000000000, 0.0000000000000000000 ) ;
#2224 = EDGE_CURVE ( 'NONE', #2207, #1514, #106, .T. ) ;
#2225 =( LENGTH_UNIT ( ) NAMED_UNIT ( * ) SI_UNIT ( .MILLI., .METRE. ) );
#2226 = COLOUR_RGB ( '',0.0000000000000000000, 0.0000000000000000000, 0.0000000000000000000 ) ;
#2227 = COLOUR_RGB ( '',0.8941176470588234600, 0.9137254901960784000, 0.9294117647058823800 ) ;
#2228 = DIRECTION ( 'NONE',  ( 0.0000000000000000000, -0.9611542233438690200, -0.2760118818968558800 ) ) ;
#2229 = SURFACE_SIDE_STYLE ('',( #386 ) ) ;
#2230 = AXIS2_PLACEMENT_3D ( 'NONE', #1911, #2445, #350 ) ;
#2231 = DIRECTION ( 'NONE',  ( 0.0000000000000000000, 0.0000000000000000000, -1.000000000000000000 ) ) ;
#2232 = CARTESIAN_POINT ( 'NONE',  ( -0.005000000000000000100, -0.4641000000000288800, -2.122696638299635700 ) ) ;
#2233 = VECTOR ( 'NONE', #2893, 1000.000000000000000 ) ;
#2234 = MECHANICAL_DESIGN_GEOMETRIC_PRESENTATION_REPRESENTATION (  '', ( #650 ), #1141 ) ;
#2235 = DIRECTION ( 'NONE',  ( 0.0000000000000000000, 0.9985542843760947300, 0.05375259206908281800 ) ) ;
#2236 = STYLED_ITEM ( 'NONE', ( #1035 ), #925 ) ;
#2237 = CARTESIAN_POINT ( 'NONE',  ( -0.005000000000000000100, 0.1188375638308398200, 1.448532829377931200 ) ) ;
#2238 = PRESENTATION_STYLE_ASSIGNMENT (( #457 ) ) ;
#2239 = ORIENTED_EDGE ( 'NONE', *, *, #918, .F. ) ;
#2240 = DIRECTION ( 'NONE',  ( 0.0000000000000000000, 0.0000000000000000000, -1.000000000000000000 ) ) ;
#2241 = ORIENTED_EDGE ( 'NONE', *, *, #13, .F. ) ;
#2242 = ORIENTED_EDGE ( 'NONE', *, *, #2429, .F. ) ;
#2243 = PRESENTATION_STYLE_ASSIGNMENT (( #1269 ) ) ;
#2244 = ORIENTED_EDGE ( 'NONE', *, *, #1830, .F. ) ;
#2245 = PRESENTATION_LAYER_ASSIGNMENT (  '', '', ( #212 ) ) ;
#2246 = FACE_OUTER_BOUND ( 'NONE', #52, .T. ) ;
#2247 = CARTESIAN_POINT ( 'NONE',  ( 0.0000000000000000000, -0.4641000000000293200, -1.384787367582604100 ) ) ;
#2248 = EDGE_LOOP ( 'NONE', ( #2714, #2415, #281, #1353 ) ) ;
#2249 = CARTESIAN_POINT ( 'NONE',  ( -0.005000000000000000100, 0.4706612939571654900, 0.7713295621164777400 ) ) ;
#2250 = AXIS2_PLACEMENT_3D ( 'NONE', #3157, #216, #1547 ) ;
#2251 = VERTEX_POINT ( 'NONE', #298 ) ;
#2252 = CARTESIAN_POINT ( 'NONE',  ( 0.0000000000000000000, -0.4641000000000288200, -1.773493452664154600 ) ) ;
#2253 = VECTOR ( 'NONE', #2463, 1000.000000000000000 ) ;
#2254 = VERTEX_POINT ( 'NONE', #532 ) ;
#2255 = MECHANICAL_DESIGN_GEOMETRIC_PRESENTATION_REPRESENTATION (  '', ( #1847 ), #326 ) ;
#2256 = PLANE ( 'NONE',  #2047 ) ;
#2257 = COLOUR_RGB ( '',0.0000000000000000000, 0.0000000000000000000, 0.0000000000000000000 ) ;
#2258 = CARTESIAN_POINT ( 'NONE',  ( -0.005000000000000000100, 0.2901559482957898300, 2.332659225181929100 ) ) ;
#2259 = LINE ( 'NONE', #1400, #793 ) ;
#2260 = PLANE ( 'NONE',  #3324 ) ;
#2261 = STYLED_ITEM ( 'NONE', ( #2673 ), #1283 ) ;
#2262 = CARTESIAN_POINT ( 'NONE',  ( -0.005000000000000000100, 0.04345001279228703100, -1.977222312223316100 ) ) ;
#2263 =( NAMED_UNIT ( * ) PLANE_ANGLE_UNIT ( ) SI_UNIT ( $, .RADIAN. ) );
#2264 = EDGE_CURVE ( 'NONE', #1152, #2471, #2730, .T. ) ;
#2265 = FACE_OUTER_BOUND ( 'NONE', #1143, .T. ) ;
#2266 = VECTOR ( 'NONE', #2345, 1000.000000000000000 ) ;
#2267 = MECHANICAL_DESIGN_GEOMETRIC_PRESENTATION_REPRESENTATION (  '', ( #2304 ), #99 ) ;
#2268 = SURFACE_SIDE_STYLE ('',( #1846 ) ) ;
#2269 = SURFACE_SIDE_STYLE ('',( #1947 ) ) ;
#2270 = ADVANCED_FACE ( 'NONE', ( #1997 ), #1573, .F. ) ;
#2271 = MECHANICAL_DESIGN_GEOMETRIC_PRESENTATION_REPRESENTATION (  '', ( #1976 ), #2150 ) ;
#2272 = DIRECTION ( 'NONE',  ( 0.0000000000000000000, 0.9237839814038914000, -0.3829140317376404900 ) ) ;
#2273 = LINE ( 'NONE', #711, #3274 ) ;
#2274 = PRODUCT_DEFINITION_FORMATION_WITH_SPECIFIED_SOURCE ( 'ANY', '', #113, .NOT_KNOWN. ) ;
#2275 = LINE ( 'NONE', #2054, #892 ) ;
#2276 = UNCERTAINTY_MEASURE_WITH_UNIT (LENGTH_MEASURE( 1.000000000000000100E-005 ), #3313, 'distance_accuracy_value', 'NONE');
#2277 = VECTOR ( 'NONE', #397, 1000.000000000000000 ) ;
#2278 = ORIENTED_EDGE ( 'NONE', *, *, #2979, .T. ) ;
#2279 = AXIS2_PLACEMENT_3D ( 'NONE', #1615, #3184, #2365 ) ;
#2280 = VERTEX_POINT ( 'NONE', #22 ) ;
#2281 = CARTESIAN_POINT ( 'NONE',  ( -0.005000000000000000100, -0.08311769719428983800, -0.01128161535484577600 ) ) ;
#2282 =( NAMED_UNIT ( * ) PLANE_ANGLE_UNIT ( ) SI_UNIT ( $, .RADIAN. ) );
#2283 = VERTEX_POINT ( 'NONE', #2371 ) ;
#2284 =( NAMED_UNIT ( * ) SI_UNIT ( $, .STERADIAN. ) SOLID_ANGLE_UNIT ( ) );
#2285 = DIRECTION ( 'NONE',  ( 0.0000000000000000000, 0.9999960426590095400, 0.002813301676022605800 ) ) ;
#2286 = EDGE_CURVE ( 'NONE', #1145, #3290, #146, .T. ) ;
#2287 = ORIENTED_EDGE ( 'NONE', *, *, #380, .T. ) ;
#2288 =( NAMED_UNIT ( * ) PLANE_ANGLE_UNIT ( ) SI_UNIT ( $, .RADIAN. ) );
#2289 = PLANE ( 'NONE',  #2448 ) ;
#2290 = EDGE_LOOP ( 'NONE', ( #2206, #1268, #3181, #3246 ) ) ;
#2291 = PRESENTATION_LAYER_ASSIGNMENT (  '', '', ( #1703 ) ) ;
#2292 = VECTOR ( 'NONE', #2166, 1000.000000000000000 ) ;
#2293 = DIRECTION ( 'NONE',  ( 1.000000000000000000, 0.0000000000000000000, 0.0000000000000000000 ) ) ;
#2294 = VERTEX_POINT ( 'NONE', #1821 ) ;
#2295 = CARTESIAN_POINT ( 'NONE',  ( -0.005000000000000000100, -0.05393646921602029300, -0.6003918925204553300 ) ) ;
#2296 = VECTOR ( 'NONE', #3098, 1000.000000000000100 ) ;
#2297 = CARTESIAN_POINT ( 'NONE',  ( -0.005000000000000000100, -0.2862269899289315900, 0.9317682772827679000 ) ) ;
#2298 = FILL_AREA_STYLE ('',( #229 ) ) ;
#2299 = VERTEX_POINT ( 'NONE', #544 ) ;
#2300 = DIRECTION ( 'NONE',  ( 1.000000000000000000, 0.0000000000000000000, 0.0000000000000000000 ) ) ;
#2301 = VECTOR ( 'NONE', #988, 1000.000000000000000 ) ;
#2302 = AXIS2_PLACEMENT_3D ( 'NONE', #569, #2889, #2382 ) ;
#2303 = ADVANCED_FACE ( 'NONE', ( #3159 ), #1045, .F. ) ;
#2304 = STYLED_ITEM ( 'NONE', ( #238 ), #1602 ) ;
#2305 = PRESENTATION_STYLE_ASSIGNMENT (( #811 ) ) ;
#2306 = SURFACE_STYLE_FILL_AREA ( #1259 ) ;
#2307 = EDGE_CURVE ( 'NONE', #2497, #687, #1136, .T. ) ;
#2308 = PLANE ( 'NONE',  #2439 ) ;
#2309 = DIRECTION ( 'NONE',  ( -0.0000000000000000000, -0.9610992334315856500, -0.2762033010252023000 ) ) ;
#2310 = CARTESIAN_POINT ( 'NONE',  ( -0.005000000000000000100, -0.4641000000000282700, 1.859929891948954200 ) ) ;
#2311 = DIRECTION ( 'NONE',  ( -0.0000000000000000000, -0.9610992334315856500, -0.2762033010252023000 ) ) ;
#2312 = EDGE_CURVE ( 'NONE', #2320, #1972, #2355, .T. ) ;
#2313 = AXIS2_PLACEMENT_3D ( 'NONE', #1517, #1527, #3072 ) ;
#2314 = LINE ( 'NONE', #1167, #349 ) ;
#2315 = PLANE ( 'NONE',  #2795 ) ;
#2316 = FACE_OUTER_BOUND ( 'NONE', #372, .T. ) ;
#2317 = SURFACE_SIDE_STYLE ('',( #255 ) ) ;
#2318 =( LENGTH_UNIT ( ) NAMED_UNIT ( * ) SI_UNIT ( .MILLI., .METRE. ) );
#2319 = TOROIDAL_SURFACE ( 'NONE', #2589, 4.250000000000000000, 0.2812499999999998300 ) ;
#2320 = VERTEX_POINT ( 'NONE', #1342 ) ;
#2321 = DIRECTION ( 'NONE',  ( 0.0000000000000000000, 0.0000000000000000000, 1.000000000000000000 ) ) ;
#2322 = DIRECTION ( 'NONE',  ( 0.0000000000000000000, 0.9619530280415594700, 0.2732148821745892200 ) ) ;
#2323 = MECHANICAL_DESIGN_GEOMETRIC_PRESENTATION_REPRESENTATION (  '', ( #3158 ), #2504 ) ;
#2324 = ADVANCED_FACE ( 'NONE', ( #2529 ), #863, .F. ) ;
#2325 = ORIENTED_EDGE ( 'NONE', *, *, #3182, .F. ) ;
#2326 = ORIENTED_EDGE ( 'NONE', *, *, #401, .F. ) ;
#2327 = DIRECTION ( 'NONE',  ( 0.0000000000000000000, 1.000000000000000000, -1.224646799147353200E-016 ) ) ;
#2328 = PRESENTATION_STYLE_ASSIGNMENT (( #564 ) ) ;
#2329 = AXIS2_PLACEMENT_3D ( 'NONE', #450, #1762, #200 ) ;
#2330 = SURFACE_STYLE_USAGE ( .BOTH. , #479 ) ;
#2331 = VERTEX_POINT ( 'NONE', #317 ) ;
#2332 = FILL_AREA_STYLE_COLOUR ( '', #957 ) ;
#2333 = UNCERTAINTY_MEASURE_WITH_UNIT (LENGTH_MEASURE( 1.000000000000000100E-005 ), #1996, 'distance_accuracy_value', 'NONE');
#2334 = PRESENTATION_STYLE_ASSIGNMENT (( #213 ) ) ;
#2335 = ORIENTED_EDGE ( 'NONE', *, *, #3062, .F. ) ;
#2336 = CARTESIAN_POINT ( 'NONE',  ( -0.005000000000000000100, -0.4641000000000282700, 1.859929891948954200 ) ) ;
#2337 = EDGE_CURVE ( 'NONE', #1518, #1202, #1580, .T. ) ;
#2338 = CARTESIAN_POINT ( 'NONE',  ( 24.00000000000000000, -1.750000000000000000, 0.0000000000000000000 ) ) ;
#2339 = EDGE_LOOP ( 'NONE', ( #1017, #2912, #2044, #2048 ) ) ;
#2340 = DIRECTION ( 'NONE',  ( 0.0000000000000000000, -0.2764273280489771300, 0.9610348236706635100 ) ) ;
#2341 =( GEOMETRIC_REPRESENTATION_CONTEXT ( 3 ) GLOBAL_UNCERTAINTY_ASSIGNED_CONTEXT ( ( #1371 ) ) GLOBAL_UNIT_ASSIGNED_CONTEXT ( ( #1652, #62, #3196 ) ) REPRESENTATION_CONTEXT ( 'NONE', 'WORKASPACE' ) );
#2342 = ORIENTED_EDGE ( 'NONE', *, *, #1330, .T. ) ;
#2343 = CARTESIAN_POINT ( 'NONE',  ( 9.000000000000000000, 0.0000000000000000000, 0.0000000000000000000 ) ) ;
#2344 = CARTESIAN_POINT ( 'NONE',  ( 0.2000000000000005100, 0.0000000000000000000, 0.0000000000000000000 ) ) ;
#2345 = DIRECTION ( 'NONE',  ( 0.0000000000000000000, 0.9615454294334483400, 0.2746459304916885600 ) ) ;
#2346 =( NAMED_UNIT ( * ) SI_UNIT ( $, .STERADIAN. ) SOLID_ANGLE_UNIT ( ) );
#2347 = FILL_AREA_STYLE ('',( #257 ) ) ;
#2348 = CARTESIAN_POINT ( 'NONE',  ( 0.0000000000000000000, -0.4641000000000286000, 0.6150746229693603300 ) ) ;
#2349 = PRESENTATION_STYLE_ASSIGNMENT (( #1617 ) ) ;
#2350 = PRESENTATION_LAYER_ASSIGNMENT (  '', '', ( #3009 ) ) ;
#2351 =( LENGTH_UNIT ( ) NAMED_UNIT ( * ) SI_UNIT ( .MILLI., .METRE. ) );
#2352 = COLOUR_RGB ( '',0.8941176470588234600, 0.9137254901960784000, 0.9294117647058823800 ) ;
#2353 = CARTESIAN_POINT ( 'NONE',  ( 0.0000000000000000000, 0.2927030167103896200, 1.097976737910209200 ) ) ;
#2354 = FILL_AREA_STYLE_COLOUR ( '', #3087 ) ;
#2355 = LINE ( 'NONE', #3177, #1496 ) ;
#2356 = EDGE_CURVE ( 'NONE', #288, #2103, #801, .T. ) ;
#2357 = COLOUR_RGB ( '',0.8941176470588234600, 0.9137254901960784000, 0.9294117647058823800 ) ;
#2358 = DIRECTION ( 'NONE',  ( 1.000000000000000000, 0.0000000000000000000, 0.0000000000000000000 ) ) ;
#2359 = FILL_AREA_STYLE_COLOUR ( '', #3020 ) ;
#2360 = LINE ( 'NONE', #2845, #351 ) ;
#2361 =( GEOMETRIC_REPRESENTATION_CONTEXT ( 3 ) GLOBAL_UNCERTAINTY_ASSIGNED_CONTEXT ( ( #291 ) ) GLOBAL_UNIT_ASSIGNED_CONTEXT ( ( #2619, #1046, #2598 ) ) REPRESENTATION_CONTEXT ( 'NONE', 'WORKASPACE' ) );
#2362 = CARTESIAN_POINT ( 'NONE',  ( 0.0000000000000000000, 0.4706612939571652700, -0.4252303785879496000 ) ) ;
#2363 = CIRCLE ( 'NONE', #1399, 3.968750000000000000 ) ;
#2364 =( LENGTH_UNIT ( ) NAMED_UNIT ( * ) SI_UNIT ( .MILLI., .METRE. ) );
#2365 = DIRECTION ( 'NONE',  ( 0.0000000000000000000, 0.8843386665637615900, 0.4668459304955201400 ) ) ;
#2366 = STYLED_ITEM ( 'NONE', ( #2106 ), #3002 ) ;
#2367 = ORIENTED_EDGE ( 'NONE', *, *, #3215, .T. ) ;
#2368 = ORIENTED_EDGE ( 'NONE', *, *, #2404, .F. ) ;
#2369 = DIRECTION ( 'NONE',  ( 1.000000000000000000, 0.0000000000000000000, 0.0000000000000000000 ) ) ;
#2370 = UNCERTAINTY_MEASURE_WITH_UNIT (LENGTH_MEASURE( 1.000000000000000100E-005 ), #606, 'distance_accuracy_value', 'NONE');
#2371 = CARTESIAN_POINT ( 'NONE',  ( 0.0000000000000000000, 0.04345001279228703100, -1.977222312223316100 ) ) ;
#2372 = COLOUR_RGB ( '',0.0000000000000000000, 0.0000000000000000000, 0.0000000000000000000 ) ;
#2373 = VERTEX_POINT ( 'NONE', #2421 ) ;
#2374 = FILL_AREA_STYLE_COLOUR ( '', #1786 ) ;
#2375 = MECHANICAL_DESIGN_GEOMETRIC_PRESENTATION_REPRESENTATION (  '', ( #2195 ), #198 ) ;
#2376 = ORIENTED_EDGE ( 'NONE', *, *, #934, .F. ) ;
#2377 =( NAMED_UNIT ( * ) SI_UNIT ( $, .STERADIAN. ) SOLID_ANGLE_UNIT ( ) );
#2378 = AXIS2_PLACEMENT_3D ( 'NONE', #1905, #2193, #1917 ) ;
#2379 =( NAMED_UNIT ( * ) SI_UNIT ( $, .STERADIAN. ) SOLID_ANGLE_UNIT ( ) );
#2380 = EDGE_CURVE ( 'NONE', #490, #323, #1457, .T. ) ;
#2381 = LINE ( 'NONE', #1698, #867 ) ;
#2382 = DIRECTION ( 'NONE',  ( 0.0000000000000000000, -2.088488394260788600E-016, -1.000000000000000000 ) ) ;
#2383 = ORIENTED_EDGE ( 'NONE', *, *, #730, .T. ) ;
#2384 = FILL_AREA_STYLE_COLOUR ( '', #664 ) ;
#2385 = PRESENTATION_LAYER_ASSIGNMENT (  '', '', ( #2205 ) ) ;
#2386 = ORIENTED_EDGE ( 'NONE', *, *, #934, .T. ) ;
#2387 =( NAMED_UNIT ( * ) SI_UNIT ( $, .STERADIAN. ) SOLID_ANGLE_UNIT ( ) );
#2388 = PRESENTATION_LAYER_ASSIGNMENT (  '', '', ( #807 ) ) ;
#2389 = VERTEX_POINT ( 'NONE', #1641 ) ;
#2390 = SURFACE_STYLE_USAGE ( .BOTH. , #1868 ) ;
#2391 = MECHANICAL_DESIGN_GEOMETRIC_PRESENTATION_REPRESENTATION (  '', ( #2826 ), #2856 ) ;
#2392 =( LENGTH_UNIT ( ) NAMED_UNIT ( * ) SI_UNIT ( .MILLI., .METRE. ) );
#2393 = UNCERTAINTY_MEASURE_WITH_UNIT (LENGTH_MEASURE( 1.000000000000000100E-005 ), #2767, 'distance_accuracy_value', 'NONE');
#2394 = DIRECTION ( 'NONE',  ( 0.0000000000000000000, 3.146308679943554500E-016, 1.000000000000000000 ) ) ;
#2395 = ADVANCED_FACE ( 'NONE', ( #101 ), #327, .F. ) ;
#2396 = DIRECTION ( 'NONE',  ( 0.0000000000000000000, 3.146308679943554500E-016, 1.000000000000000000 ) ) ;
#2397 = CARTESIAN_POINT ( 'NONE',  ( -0.005000000000000000100, -0.4641000000000288200, -1.489076266063151800 ) ) ;
#2398 = PRESENTATION_LAYER_ASSIGNMENT (  '', '', ( #575 ) ) ;
#2399 = FILL_AREA_STYLE ('',( #2409 ) ) ;
#2400 = PRESENTATION_LAYER_ASSIGNMENT (  '', '', ( #2261 ) ) ;
#2401 = DIRECTION ( 'NONE',  ( 0.0000000000000000000, 2.480431458422449600E-016, 1.000000000000000000 ) ) ;
#2402 =( NAMED_UNIT ( * ) PLANE_ANGLE_UNIT ( ) SI_UNIT ( $, .RADIAN. ) );
#2403 = CARTESIAN_POINT ( 'NONE',  ( 0.0000000000000000000, 0.3680934099909672900, -0.1388150986193753000 ) ) ;
#2404 = EDGE_CURVE ( 'NONE', #1879, #240, #627, .T. ) ;
#2405 = CARTESIAN_POINT ( 'NONE',  ( 0.0000000000000000000, 0.4706612939571652700, -1.115800696540586400 ) ) ;
#2406 =( GEOMETRIC_REPRESENTATION_CONTEXT ( 3 ) GLOBAL_UNCERTAINTY_ASSIGNED_CONTEXT ( ( #1200 ) ) GLOBAL_UNIT_ASSIGNED_CONTEXT ( ( #2549, #991, #194 ) ) REPRESENTATION_CONTEXT ( 'NONE', 'WORKASPACE' ) );
#2407 = DIRECTION ( 'NONE',  ( 0.0000000000000000000, 1.000000000000000000, -1.224646799147353200E-016 ) ) ;
#2408 = VECTOR ( 'NONE', #1562, 1000.000000000000000 ) ;
#2409 = FILL_AREA_STYLE_COLOUR ( '', #713 ) ;
#2410 = ADVANCED_FACE ( 'NONE', ( #706 ), #1392, .F. ) ;
#2411 = VERTEX_POINT ( 'NONE', #611 ) ;
#2412 = STYLED_ITEM ( 'NONE', ( #1541 ), #2469 ) ;
#2413 = FILL_AREA_STYLE ('',( #3170 ) ) ;
#2414 = FILL_AREA_STYLE_COLOUR ( '', #2642 ) ;
#2415 = ORIENTED_EDGE ( 'NONE', *, *, #3381, .F. ) ;
#2416 = ORIENTED_EDGE ( 'NONE', *, *, #1898, .F. ) ;
#2417 = MANIFOLD_SOLID_BREP ( 'Fillet1', #2097 ) ;
#2418 = PLANE ( 'NONE',  #2765 ) ;
#2419 =( GEOMETRIC_REPRESENTATION_CONTEXT ( 3 ) GLOBAL_UNCERTAINTY_ASSIGNED_CONTEXT ( ( #421 ) ) GLOBAL_UNIT_ASSIGNED_CONTEXT ( ( #14, #275, #815 ) ) REPRESENTATION_CONTEXT ( 'NONE', 'WORKASPACE' ) );
#2420 = ORIENTED_EDGE ( 'NONE', *, *, #2404, .T. ) ;
#2421 = CARTESIAN_POINT ( 'NONE',  ( 9.000000000000000000, 0.0000000000000000000, 4.250000000000000000 ) ) ;
#2422 = FILL_AREA_STYLE ('',( #1077 ) ) ;
#2423 = ORIENTED_EDGE ( 'NONE', *, *, #1236, .T. ) ;
#2424 = ORIENTED_EDGE ( 'NONE', *, *, #1637, .F. ) ;
#2425 = DIRECTION ( 'NONE',  ( 0.0000000000000000000, 0.2762437428917142700, -0.9610876102172873900 ) ) ;
#2426 = MECHANICAL_DESIGN_GEOMETRIC_PRESENTATION_REPRESENTATION (  '', ( #658 ), #2605 ) ;
#2427 = EDGE_LOOP ( 'NONE', ( #33, #1310 ) ) ;
#2428 =( NAMED_UNIT ( * ) SI_UNIT ( $, .STERADIAN. ) SOLID_ANGLE_UNIT ( ) );
#2429 = EDGE_CURVE ( 'NONE', #1518, #286, #553, .T. ) ;
#2430 = FACE_OUTER_BOUND ( 'NONE', #533, .T. ) ;
#2431 = DIRECTION ( 'NONE',  ( 0.0000000000000000000, -0.4443210308329064200, 0.8958676361827027100 ) ) ;
#2432 = ORIENTED_EDGE ( 'NONE', *, *, #1990, .T. ) ;
#2433 = CARTESIAN_POINT ( 'NONE',  ( 8.133749999999999100, 0.0000000000000000000, 0.0000000000000000000 ) ) ;
#2434 = FACE_OUTER_BOUND ( 'NONE', #1352, .T. ) ;
#2435 = DIRECTION ( 'NONE',  ( 0.0000000000000000000, 0.0000000000000000000, -1.000000000000000000 ) ) ;
#2436 = MECHANICAL_DESIGN_GEOMETRIC_PRESENTATION_REPRESENTATION (  '', ( #2149 ), #560 ) ;
#2437 = LINE ( 'NONE', #363, #3302 ) ;
#2438 =( NAMED_UNIT ( * ) SI_UNIT ( $, .STERADIAN. ) SOLID_ANGLE_UNIT ( ) );
#2439 = AXIS2_PLACEMENT_3D ( 'NONE', #2119, #1341, #2396 ) ;
#2440 = LINE ( 'NONE', #2107, #2606 ) ;
#2441 = CARTESIAN_POINT ( 'NONE',  ( -0.005000000000000000100, 0.2901762661115319700, 1.810514722201963700 ) ) ;
#2442 = SURFACE_STYLE_FILL_AREA ( #494 ) ;
#2443 =( NAMED_UNIT ( * ) SI_UNIT ( $, .STERADIAN. ) SOLID_ANGLE_UNIT ( ) );
#2444 = AXIS2_PLACEMENT_3D ( 'NONE', #1754, #155, #976 ) ;
#2445 = DIRECTION ( 'NONE',  ( 0.0000000000000000000, 1.000000000000000000, 0.0000000000000000000 ) ) ;
#2446 = CARTESIAN_POINT ( 'NONE',  ( -0.005000000000000000100, 0.2927342813417931900, -0.9016521882828797400 ) ) ;
#2447 = PRESENTATION_STYLE_ASSIGNMENT (( #940 ) ) ;
#2448 = AXIS2_PLACEMENT_3D ( 'NONE', #1008, #2852, #1788 ) ;
#2449 = DIRECTION ( 'NONE',  ( 1.000000000000000000, 0.0000000000000000000, 0.0000000000000000000 ) ) ;
#2450 = EDGE_CURVE ( 'NONE', #2103, #3130, #1418, .T. ) ;
#2451 = FACE_OUTER_BOUND ( 'NONE', #1476, .T. ) ;
#2452 = EDGE_CURVE ( 'NONE', #2294, #84, #2941, .T. ) ;
#2453 = UNCERTAINTY_MEASURE_WITH_UNIT (LENGTH_MEASURE( 1.000000000000000100E-005 ), #566, 'distance_accuracy_value', 'NONE');
#2454 = FACE_OUTER_BOUND ( 'NONE', #1635, .T. ) ;
#2455 = CARTESIAN_POINT ( 'NONE',  ( 0.0000000000000000000, 0.4706612939571654900, 0.7713295621164777400 ) ) ;
#2456 = SURFACE_SIDE_STYLE ('',( #547 ) ) ;
#2457 = ORIENTED_EDGE ( 'NONE', *, *, #1414, .F. ) ;
#2458 = CARTESIAN_POINT ( 'NONE',  ( -0.005000000000000000100, -0.2862610967964894200, -0.5495612876816065000 ) ) ;
#2459 = ORIENTED_EDGE ( 'NONE', *, *, #1918, .F. ) ;
#2460 = VERTEX_POINT ( 'NONE', #1971 ) ;
#2461 = DIRECTION ( 'NONE',  ( 0.0000000000000000000, -0.7059037656364519600, 0.7083077534943953400 ) ) ;
#2462 = ORIENTED_EDGE ( 'NONE', *, *, #2754, .F. ) ;
#2463 = DIRECTION ( 'NONE',  ( 1.000000000000000000, 0.0000000000000000000, 0.0000000000000000000 ) ) ;
#2464 =( NAMED_UNIT ( * ) PLANE_ANGLE_UNIT ( ) SI_UNIT ( $, .RADIAN. ) );
#2465 = ORIENTED_EDGE ( 'NONE', *, *, #296, .T. ) ;
#2466 = DIRECTION ( 'NONE',  ( 0.0000000000000000000, 0.9610674221107072800, 0.2763139702539114700 ) ) ;
#2467 = ORIENTED_EDGE ( 'NONE', *, *, #775, .T. ) ;
#2468 = DIRECTION ( 'NONE',  ( 0.0000000000000000000, -0.9611542233438690200, -0.2760118818968558300 ) ) ;
#2469 = ADVANCED_FACE ( 'NONE', ( #431 ), #1179, .F. ) ;
#2470 = EDGE_CURVE ( 'NONE', #3281, #240, #3014, .T. ) ;
#2471 = VERTEX_POINT ( 'NONE', #2991 ) ;
#2472 = DIRECTION ( 'NONE',  ( 0.0000000000000000000, -3.147719821763145200E-016, -1.000000000000000000 ) ) ;
#2473 = VECTOR ( 'NONE', #2006, 1000.000000000000000 ) ;
#2474 =( NAMED_UNIT ( * ) PLANE_ANGLE_UNIT ( ) SI_UNIT ( $, .RADIAN. ) );
#2475 = FACE_OUTER_BOUND ( 'NONE', #1678, .T. ) ;
#2476 = FACE_OUTER_BOUND ( 'NONE', #773, .T. ) ;
#2477 = CARTESIAN_POINT ( 'NONE',  ( -0.005000000000000000100, 0.2927342813417934100, -0.4757653905587055400 ) ) ;
#2478 = MECHANICAL_DESIGN_GEOMETRIC_PRESENTATION_REPRESENTATION (  '', ( #1703 ), #2655 ) ;
#2479 = UNCERTAINTY_MEASURE_WITH_UNIT (LENGTH_MEASURE( 1.000000000000000100E-005 ), #830, 'distance_accuracy_value', 'NONE');
#2480 = DIRECTION ( 'NONE',  ( 0.0000000000000000000, 6.723885967566622100E-016, 1.000000000000000000 ) ) ;
#2481 =( GEOMETRIC_REPRESENTATION_CONTEXT ( 3 ) GLOBAL_UNCERTAINTY_ASSIGNED_CONTEXT ( ( #398 ) ) GLOBAL_UNIT_ASSIGNED_CONTEXT ( ( #3230, #1633, #2428 ) ) REPRESENTATION_CONTEXT ( 'NONE', 'WORKASPACE' ) );
#2482 = VECTOR ( 'NONE', #2604, 1000.000000000000000 ) ;
#2483 = SURFACE_SIDE_STYLE ('',( #2878 ) ) ;
#2484 = MECHANICAL_DESIGN_GEOMETRIC_PRESENTATION_REPRESENTATION (  '', ( #1191 ), #2954 ) ;
#2485 = DIRECTION ( 'NONE',  ( 0.0000000000000000000, 0.0000000000000000000, 1.000000000000000000 ) ) ;
#2486 = DIRECTION ( 'NONE',  ( -1.000000000000000000, -0.0000000000000000000, -0.0000000000000000000 ) ) ;
#2487 = PRESENTATION_LAYER_ASSIGNMENT (  '', '', ( #2304 ) ) ;
#2488 = LINE ( 'NONE', #2133, #1463 ) ;
#2489 = CARTESIAN_POINT ( 'NONE',  ( -0.005000000000000000100, -0.1971441846550018600, 0.03013995228619021500 ) ) ;
#2490 = EDGE_CURVE ( 'NONE', #985, #1715, #2314, .T. ) ;
#2491 = DIRECTION ( 'NONE',  ( 0.0000000000000000000, 0.0000000000000000000, -1.000000000000000000 ) ) ;
#2492 = ORIENTED_EDGE ( 'NONE', *, *, #3229, .F. ) ;
#2493 = VECTOR ( 'NONE', #969, 1000.000000000000200 ) ;
#2494 = STYLED_ITEM ( 'NONE', ( #1304 ), #231 ) ;
#2495 = ORIENTED_EDGE ( 'NONE', *, *, #552, .F. ) ;
#2496 = STYLED_ITEM ( 'NONE', ( #1173 ), #2137 ) ;
#2497 = VERTEX_POINT ( 'NONE', #374 ) ;
#2498 = COLOUR_RGB ( '',0.0000000000000000000, 0.0000000000000000000, 0.0000000000000000000 ) ;
#2499 = ORIENTED_EDGE ( 'NONE', *, *, #826, .F. ) ;
#2500 = SURFACE_STYLE_FILL_AREA ( #428 ) ;
#2501 = VERTEX_POINT ( 'NONE', #405 ) ;
#2502 = VERTEX_POINT ( 'NONE', #3001 ) ;
#2503 = PRESENTATION_STYLE_ASSIGNMENT (( #3350 ) ) ;
#2504 =( GEOMETRIC_REPRESENTATION_CONTEXT ( 3 ) GLOBAL_UNCERTAINTY_ASSIGNED_CONTEXT ( ( #1555 ) ) GLOBAL_UNIT_ASSIGNED_CONTEXT ( ( #420, #3058, #2547 ) ) REPRESENTATION_CONTEXT ( 'NONE', 'WORKASPACE' ) );
#2505 = DIRECTION ( 'NONE',  ( 0.0000000000000000000, 0.9620200793799048600, 0.2729786930694068600 ) ) ;
#2506 = ORIENTED_EDGE ( 'NONE', *, *, #1151, .T. ) ;
#2507 = DIRECTION ( 'NONE',  ( 1.000000000000000000, 0.0000000000000000000, 0.0000000000000000000 ) ) ;
#2508 = CARTESIAN_POINT ( 'NONE',  ( 0.0000000000000000000, -0.08311769719428983800, -0.01128161535484577600 ) ) ;
#2509 = ORIENTED_EDGE ( 'NONE', *, *, #2607, .T. ) ;
#2510 = EDGE_CURVE ( 'NONE', #2411, #857, #309, .T. ) ;
#2511 = CARTESIAN_POINT ( 'NONE',  ( 7.852499999999998300, 0.0000000000000000000, 0.0000000000000000000 ) ) ;
#2512 = CARTESIAN_POINT ( 'NONE',  ( 27.99999999999999600, 1.750000000000000000, 0.3250000000000000100 ) ) ;
#2513 = CARTESIAN_POINT ( 'NONE',  ( -0.005000000000000000100, 0.04345001279228703100, -1.977222312223316100 ) ) ;
#2514 = PRESENTATION_STYLE_ASSIGNMENT (( #139 ) ) ;
#2515 = EDGE_CURVE ( 'NONE', #1879, #2280, #971, .T. ) ;
#2516 = SURFACE_STYLE_USAGE ( .BOTH. , #151 ) ;
#2517 = COLOUR_RGB ( '',0.7921568627450980000, 0.8196078431372548800, 0.9333333333333333500 ) ;
#2518 = FILL_AREA_STYLE_COLOUR ( '', #2894 ) ;
#2519 = MANIFOLD_SOLID_BREP ( 'Body-Move/Copy1[1]', #2045 ) ;
#2520 = CARTESIAN_POINT ( 'NONE',  ( 0.0000000000000000000, -0.05393646921602023700, -1.001545525218872500 ) ) ;
#2521 =( GEOMETRIC_REPRESENTATION_CONTEXT ( 3 ) GLOBAL_UNCERTAINTY_ASSIGNED_CONTEXT ( ( #1171 ) ) GLOBAL_UNIT_ASSIGNED_CONTEXT ( ( #623, #2464, #2217 ) ) REPRESENTATION_CONTEXT ( 'NONE', 'WORKASPACE' ) );
#2522 = PRESENTATION_STYLE_ASSIGNMENT (( #1860 ) ) ;
#2523 = CARTESIAN_POINT ( 'NONE',  ( -0.005000000000000000100, -0.4641000000000288800, -2.122696638299635700 ) ) ;
#2524 = UNCERTAINTY_MEASURE_WITH_UNIT (LENGTH_MEASURE( 1.000000000000000100E-005 ), #621, 'distance_accuracy_value', 'NONE');
#2525 = COLOUR_RGB ( '',0.0000000000000000000, 0.0000000000000000000, 0.0000000000000000000 ) ;
#2526 =( NAMED_UNIT ( * ) PLANE_ANGLE_UNIT ( ) SI_UNIT ( $, .RADIAN. ) );
#2527 = LINE ( 'NONE', #111, #2196 ) ;
#2528 = FILL_AREA_STYLE ('',( #1210 ) ) ;
#2529 = FACE_OUTER_BOUND ( 'NONE', #3284, .T. ) ;
#2530 = PRESENTATION_LAYER_ASSIGNMENT (  '', '', ( #1056 ) ) ;
#2531 = DIRECTION ( 'NONE',  ( 0.0000000000000000000, 0.0000000000000000000, -1.000000000000000000 ) ) ;
#2532 = CARTESIAN_POINT ( 'NONE',  ( -0.005000000000000000100, 0.2901762661115319700, 1.810514722201963700 ) ) ;
#2533 =( NAMED_UNIT ( * ) PLANE_ANGLE_UNIT ( ) SI_UNIT ( $, .RADIAN. ) );
#2534 = VECTOR ( 'NONE', #433, 1000.000000000000000 ) ;
#2535 = ORIENTED_EDGE ( 'NONE', *, *, #3116, .T. ) ;
#2536 = DIRECTION ( 'NONE',  ( 0.0000000000000000000, -1.000000000000000000, 0.0000000000000000000 ) ) ;
#2537 = EDGE_CURVE ( 'NONE', #1101, #2869, #2527, .T. ) ;
#2538 = LINE ( 'NONE', #385, #1837 ) ;
#2539 = FILL_AREA_STYLE_COLOUR ( '', #117 ) ;
#2540 = ORIENTED_EDGE ( 'NONE', *, *, #254, .T. ) ;
#2541 = FILL_AREA_STYLE ('',( #2825 ) ) ;
#2542 = AXIS2_PLACEMENT_3D ( 'NONE', #549, #1611, #868 ) ;
#2543 = SURFACE_STYLE_FILL_AREA ( #2541 ) ;
#2544 = SURFACE_STYLE_USAGE ( .BOTH. , #2269 ) ;
#2545 = VERTEX_POINT ( 'NONE', #1955 ) ;
#2546 = APPLICATION_PROTOCOL_DEFINITION ( 'draft international standard', 'automotive_design', 1998, #135 ) ;
#2547 =( NAMED_UNIT ( * ) SI_UNIT ( $, .STERADIAN. ) SOLID_ANGLE_UNIT ( ) );
#2548 = ORIENTED_EDGE ( 'NONE', *, *, #210, .F. ) ;
#2549 =( LENGTH_UNIT ( ) NAMED_UNIT ( * ) SI_UNIT ( .MILLI., .METRE. ) );
#2550 = COLOUR_RGB ( '',0.0000000000000000000, 0.0000000000000000000, 0.0000000000000000000 ) ;
#2551 = ORIENTED_EDGE ( 'NONE', *, *, #1528, .T. ) ;
#2552 = AXIS2_PLACEMENT_3D ( 'NONE', #2338, #513, #1584 ) ;
#2553 = SURFACE_SIDE_STYLE ('',( #2543 ) ) ;
#2554 = ORIENTED_EDGE ( 'NONE', *, *, #2053, .T. ) ;
#2555 =( NAMED_UNIT ( * ) PLANE_ANGLE_UNIT ( ) SI_UNIT ( $, .RADIAN. ) );
#2556 = ADVANCED_FACE ( 'NONE', ( #1088, #2451, #1134 ), #364, .T. ) ;
#2557 = VECTOR ( 'NONE', #887, 1000.000000000000000 ) ;
#2558 = EDGE_CURVE ( 'NONE', #1715, #2219, #756, .T. ) ;
#2559 = DIRECTION ( 'NONE',  ( 0.0000000000000000000, -0.9280290862137297000, 0.3725077383643324300 ) ) ;
#2560 = CARTESIAN_POINT ( 'NONE',  ( 9.000000000000000000, 0.0000000000000000000, 0.0000000000000000000 ) ) ;
#2561 =( NAMED_UNIT ( * ) PLANE_ANGLE_UNIT ( ) SI_UNIT ( $, .RADIAN. ) );
#2562 = PRESENTATION_LAYER_ASSIGNMENT (  '', '', ( #1334 ) ) ;
#2563 = VECTOR ( 'NONE', #527, 1000.000000000000000 ) ;
#2564 = FACE_OUTER_BOUND ( 'NONE', #3024, .T. ) ;
#2565 = SURFACE_STYLE_FILL_AREA ( #92 ) ;
#2566 = VECTOR ( 'NONE', #1135, 1000.000000000000000 ) ;
#2567 = VECTOR ( 'NONE', #500, 1000.000000000000000 ) ;
#2568 = SURFACE_STYLE_FILL_AREA ( #2399 ) ;
#2569 =( NAMED_UNIT ( * ) SI_UNIT ( $, .STERADIAN. ) SOLID_ANGLE_UNIT ( ) );
#2570 = PLANE ( 'NONE',  #3407 ) ;
#2571 = ADVANCED_FACE ( 'NONE', ( #1992 ), #182, .T. ) ;
#2572 = MECHANICAL_DESIGN_GEOMETRIC_PRESENTATION_REPRESENTATION (  '', ( #575 ), #1053 ) ;
#2573 = CIRCLE ( 'NONE', #2542, 4.050000000000000700 ) ;
#2574 = DIRECTION ( 'NONE',  ( 1.000000000000000000, 0.0000000000000000000, 0.0000000000000000000 ) ) ;
#2575 = CIRCLE ( 'NONE', #1904, 0.1999999999999996500 ) ;
#2576 = EDGE_LOOP ( 'NONE', ( #3211, #2780, #3164, #1397 ) ) ;
#2577 = PRESENTATION_LAYER_ASSIGNMENT (  '', '', ( #2623 ) ) ;
#2578 = CARTESIAN_POINT ( 'NONE',  ( 0.0000000000000000000, -0.08311769719428983800, -0.01128161535484577600 ) ) ;
#2579 = PRESENTATION_STYLE_ASSIGNMENT (( #1655 ) ) ;
#2580 = VERTEX_POINT ( 'NONE', #1733 ) ;
#2581 = EDGE_LOOP ( 'NONE', ( #39, #3134, #3138, #2056 ) ) ;
#2582 = DIRECTION ( 'NONE',  ( 1.000000000000000000, 0.0000000000000000000, 0.0000000000000000000 ) ) ;
#2583 = DIRECTION ( 'NONE',  ( 1.000000000000000000, -0.0000000000000000000, -0.0000000000000000000 ) ) ;
#2584 = DIRECTION ( 'NONE',  ( 0.0000000000000000000, 0.0000000000000000000, -1.000000000000000000 ) ) ;
#2585 = EDGE_CURVE ( 'NONE', #2280, #1554, #2766, .T. ) ;
#2586 = VECTOR ( 'NONE', #548, 1000.000000000000000 ) ;
#2587 = VERTEX_POINT ( 'NONE', #698 ) ;
#2588 = SURFACE_SIDE_STYLE ('',( #718 ) ) ;
#2589 = AXIS2_PLACEMENT_3D ( 'NONE', #2739, #2052, #464 ) ;
#2590 = CIRCLE ( 'NONE', #2329, 0.3250000000000000100 ) ;
#2591 = ORIENTED_EDGE ( 'NONE', *, *, #1460, .F. ) ;
#2592 = PRESENTATION_LAYER_ASSIGNMENT (  '', '', ( #2412 ) ) ;
#2593 = DIRECTION ( 'NONE',  ( 0.0000000000000000000, -1.000000000000000000, 3.147719821763145700E-016 ) ) ;
#2594 = ADVANCED_FACE ( 'NONE', ( #2159 ), #2036, .F. ) ;
#2595 = PLANE ( 'NONE',  #8 ) ;
#2596 = ORIENTED_EDGE ( 'NONE', *, *, #1658, .T. ) ;
#2597 = DIRECTION ( 'NONE',  ( -1.000000000000000000, -0.0000000000000000000, -0.0000000000000000000 ) ) ;
#2598 =( NAMED_UNIT ( * ) SI_UNIT ( $, .STERADIAN. ) SOLID_ANGLE_UNIT ( ) );
#2599 = ORIENTED_EDGE ( 'NONE', *, *, #2312, .F. ) ;
#2600 = FILL_AREA_STYLE ('',( #2031 ) ) ;
#2601 = FACE_OUTER_BOUND ( 'NONE', #48, .T. ) ;
#2602 = PRESENTATION_LAYER_ASSIGNMENT (  '', '', ( #3248 ) ) ;
#2603 =( LENGTH_UNIT ( ) NAMED_UNIT ( * ) SI_UNIT ( .MILLI., .METRE. ) );
#2604 = DIRECTION ( 'NONE',  ( 1.000000000000000000, 0.0000000000000000000, 0.0000000000000000000 ) ) ;
#2605 =( GEOMETRIC_REPRESENTATION_CONTEXT ( 3 ) GLOBAL_UNCERTAINTY_ASSIGNED_CONTEXT ( ( #639 ) ) GLOBAL_UNIT_ASSIGNED_CONTEXT ( ( #311, #3220, #1632 ) ) REPRESENTATION_CONTEXT ( 'NONE', 'WORKASPACE' ) );
#2606 = VECTOR ( 'NONE', #2369, 1000.000000000000000 ) ;
#2607 = EDGE_CURVE ( 'NONE', #2869, #3169, #3398, .T. ) ;
#2608 = DIRECTION ( 'NONE',  ( 0.0000000000000000000, 3.986449806627384100E-016, 1.000000000000000000 ) ) ;
#2609 = VECTOR ( 'NONE', #1254, 1000.000000000000000 ) ;
#2610 = VECTOR ( 'NONE', #2688, 1000.000000000000000 ) ;
#2611 = STYLED_ITEM ( 'NONE', ( #3016 ), #2303 ) ;
#2612 = CARTESIAN_POINT ( 'NONE',  ( 0.0000000000000000000, 0.4706612939571654900, 0.3613496161570116700 ) ) ;
#2613 = FILL_AREA_STYLE_COLOUR ( '', #223 ) ;
#2614 = DIRECTION ( 'NONE',  ( 0.0000000000000000000, 0.0000000000000000000, -1.000000000000000000 ) ) ;
#2615 = AXIS2_PLACEMENT_3D ( 'NONE', #1592, #1603, #35 ) ;
#2616 = PRESENTATION_STYLE_ASSIGNMENT (( #806 ) ) ;
#2617 = CARTESIAN_POINT ( 'NONE',  ( -0.005000000000000000100, -0.4641000000000289300, -0.1854619274410220200 ) ) ;
#2618 = SURFACE_SIDE_STYLE ('',( #1865 ) ) ;
#2619 =( LENGTH_UNIT ( ) NAMED_UNIT ( * ) SI_UNIT ( .MILLI., .METRE. ) );
#2620 = AXIS2_PLACEMENT_3D ( 'NONE', #2102, #523, #1335 ) ;
#2621 = ORIENTED_EDGE ( 'NONE', *, *, #703, .F. ) ;
#2622 =( NAMED_UNIT ( * ) PLANE_ANGLE_UNIT ( ) SI_UNIT ( $, .RADIAN. ) );
#2623 = STYLED_ITEM ( 'NONE', ( #2243 ), #1345 ) ;
#2624 =( NAMED_UNIT ( * ) SI_UNIT ( $, .STERADIAN. ) SOLID_ANGLE_UNIT ( ) );
#2625 = ORIENTED_EDGE ( 'NONE', *, *, #3309, .F. ) ;
#2626 = EDGE_CURVE ( 'NONE', #2502, #833, #2649, .T. ) ;
#2627 = VECTOR ( 'NONE', #2574, 1000.000000000000000 ) ;
#2628 = ORIENTED_EDGE ( 'NONE', *, *, #638, .F. ) ;
#2629 = SURFACE_SIDE_STYLE ('',( #1162 ) ) ;
#2630 = UNCERTAINTY_MEASURE_WITH_UNIT (LENGTH_MEASURE( 1.000000000000000100E-005 ), #1175, 'distance_accuracy_value', 'NONE');
#2631 = EDGE_CURVE ( 'NONE', #2331, #3319, #2113, .T. ) ;
#2632 =( LENGTH_UNIT ( ) NAMED_UNIT ( * ) SI_UNIT ( .MILLI., .METRE. ) );
#2633 = VERTEX_POINT ( 'NONE', #2247 ) ;
#2634 = CARTESIAN_POINT ( 'NONE',  ( -0.005000000000000000100, 0.3721009671810895400, 0.5051709197727064500 ) ) ;
#2635 = AXIS2_PLACEMENT_3D ( 'NONE', #2578, #1534, #2081 ) ;
#2636 = ORIENTED_EDGE ( 'NONE', *, *, #1941, .T. ) ;
#2637 = CARTESIAN_POINT ( 'NONE',  ( 9.000000000000000000, 5.204748896376250700E-016, -4.250000000000000000 ) ) ;
#2638 = DIRECTION ( 'NONE',  ( 0.0000000000000000000, 3.146308679943554500E-016, 1.000000000000000000 ) ) ;
#2639 =( NAMED_UNIT ( * ) PLANE_ANGLE_UNIT ( ) SI_UNIT ( $, .RADIAN. ) );
#2640 = SURFACE_STYLE_FILL_AREA ( #3287 ) ;
#2641 = CARTESIAN_POINT ( 'NONE',  ( -0.005000000000000000100, -0.2862269899289315300, 1.371786688027796000 ) ) ;
#2642 = COLOUR_RGB ( '',0.0000000000000000000, 0.0000000000000000000, 0.0000000000000000000 ) ;
#2643 = VECTOR ( 'NONE', #2938, 1000.000000000000200 ) ;
#2644 = PRESENTATION_LAYER_ASSIGNMENT (  '', '', ( #1191 ) ) ;
#2645 = FILL_AREA_STYLE_COLOUR ( '', #1839 ) ;
#2646 = FILL_AREA_STYLE ('',( #2922 ) ) ;
#2647 = CARTESIAN_POINT ( 'NONE',  ( -0.005000000000000000100, -0.05393646921602023700, -1.001545525218872500 ) ) ;
#2648 = EDGE_CURVE ( 'NONE', #813, #472, #2896, .T. ) ;
#2649 = CIRCLE ( 'NONE', #1, 4.250000000000000000 ) ;
#2650 = DIRECTION ( 'NONE',  ( 1.000000000000000000, 0.0000000000000000000, 0.0000000000000000000 ) ) ;
#2651 = DIRECTION ( 'NONE',  ( 0.0000000000000000000, 1.000000000000000000, 0.0000000000000000000 ) ) ;
#2652 = LINE ( 'NONE', #656, #1250 ) ;
#2653 = CARTESIAN_POINT ( 'NONE',  ( 0.0000000000000000000, 0.07204293857864706200, -1.967970823063391200 ) ) ;
#2654 = ADVANCED_FACE ( 'NONE', ( #3056 ), #2805, .F. ) ;
#2655 =( GEOMETRIC_REPRESENTATION_CONTEXT ( 3 ) GLOBAL_UNCERTAINTY_ASSIGNED_CONTEXT ( ( #2393 ) ) GLOBAL_UNIT_ASSIGNED_CONTEXT ( ( #2767, #2555, #953 ) ) REPRESENTATION_CONTEXT ( 'NONE', 'WORKASPACE' ) );
#2656 = FILL_AREA_STYLE ('',( #1058 ) ) ;
#2657 = CIRCLE ( 'NONE', #2851, 0.3250000000000000100 ) ;
#2658 = VECTOR ( 'NONE', #546, 1000.000000000000000 ) ;
#2659 = DIRECTION ( 'NONE',  ( -0.0000000000000000000, -0.9984327301130236900, -0.05596501978069704600 ) ) ;
#2660 = ORIENTED_EDGE ( 'NONE', *, *, #3353, .F. ) ;
#2661 = ORIENTED_EDGE ( 'NONE', *, *, #2797, .F. ) ;
#2662 = DIRECTION ( 'NONE',  ( 0.0000000000000000000, 0.0000000000000000000, -1.000000000000000000 ) ) ;
#2663 =( NAMED_UNIT ( * ) SI_UNIT ( $, .STERADIAN. ) SOLID_ANGLE_UNIT ( ) );
#2664 = LINE ( 'NONE', #2183, #565 ) ;
#2665 = ORIENTED_EDGE ( 'NONE', *, *, #1546, .T. ) ;
#2666 = DIRECTION ( 'NONE',  ( 0.0000000000000000000, -7.938847109764682000E-005, 0.9999999968487352000 ) ) ;
#2667 = STYLED_ITEM ( 'NONE', ( #1280 ), #909 ) ;
#2668 = ORIENTED_EDGE ( 'NONE', *, *, #3186, .F. ) ;
#2669 = ORIENTED_EDGE ( 'NONE', *, *, #271, .T. ) ;
#2670 =( NAMED_UNIT ( * ) PLANE_ANGLE_UNIT ( ) SI_UNIT ( $, .RADIAN. ) );
#2671 = DIRECTION ( 'NONE',  ( 0.0000000000000000000, -2.088488394260788100E-016, -1.000000000000000000 ) ) ;
#2672 = EDGE_CURVE ( 'NONE', #1196, #43, #3190, .T. ) ;
#2673 = PRESENTATION_STYLE_ASSIGNMENT (( #492 ) ) ;
#2674 = UNCERTAINTY_MEASURE_WITH_UNIT (LENGTH_MEASURE( 1.000000000000000100E-005 ), #1372, 'distance_accuracy_value', 'NONE');
#2675 = FILL_AREA_STYLE ('',( #1094 ) ) ;
#2676 = ORIENTED_EDGE ( 'NONE', *, *, #1717, .T. ) ;
#2677 = ADVANCED_FACE ( 'NONE', ( #3271 ), #2841, .F. ) ;
#2678 = DIRECTION ( 'NONE',  ( -0.0000000000000000000, -0.9610029908221280300, -0.2765379750249951600 ) ) ;
#2679 =( LENGTH_UNIT ( ) NAMED_UNIT ( * ) SI_UNIT ( .MILLI., .METRE. ) );
#2680 = PRESENTATION_LAYER_ASSIGNMENT (  '', '', ( #2494 ) ) ;
#2681 = EDGE_LOOP ( 'NONE', ( #258, #897, #1029, #1396 ) ) ;
#2682 = ORIENTED_EDGE ( 'NONE', *, *, #1282, .F. ) ;
#2683 = CARTESIAN_POINT ( 'NONE',  ( 0.0000000000000000000, -0.2862269899289315300, 1.371786688027796000 ) ) ;
#2684 = VECTOR ( 'NONE', #3306, 1000.000000000000200 ) ;
#2685 = FILL_AREA_STYLE ('',( #1368 ) ) ;
#2686 = CARTESIAN_POINT ( 'NONE',  ( -0.005000000000000000100, -0.2862269899289315900, 0.9317682772827679000 ) ) ;
#2687 = PRESENTATION_LAYER_ASSIGNMENT (  '', '', ( #1325 ) ) ;
#2688 = DIRECTION ( 'NONE',  ( 0.0000000000000000000, -1.903994955167360800E-016, -1.000000000000000000 ) ) ;
#2689 = PRESENTATION_STYLE_ASSIGNMENT (( #1125 ) ) ;
#2690 =( NAMED_UNIT ( * ) PLANE_ANGLE_UNIT ( ) SI_UNIT ( $, .RADIAN. ) );
#2691 = PRESENTATION_LAYER_ASSIGNMENT (  '', '', ( #3161 ) ) ;
#2692 = EDGE_CURVE ( 'NONE', #2215, #3281, #1292, .T. ) ;
#2693 = DIRECTION ( 'NONE',  ( 0.0000000000000000000, 2.480431458422449600E-016, 1.000000000000000000 ) ) ;
#2694 = AXIS2_PLACEMENT_3D ( 'NONE', #1738, #1459, #3332 ) ;
#2695 = DIRECTION ( 'NONE',  ( 0.0000000000000000000, 0.9601763114327596100, 0.2793947940878290800 ) ) ;
#2696 = VECTOR ( 'NONE', #2063, 1000.000000000000000 ) ;
#2697 = VECTOR ( 'NONE', #1812, 1000.000000000000100 ) ;
#2698 =( NAMED_UNIT ( * ) PLANE_ANGLE_UNIT ( ) SI_UNIT ( $, .RADIAN. ) );
#2699 = STYLED_ITEM ( 'NONE', ( #2447 ), #2571 ) ;
#2700 = CARTESIAN_POINT ( 'NONE',  ( -0.005000000000000000100, 0.4706612939571654900, -1.853707125018472200 ) ) ;
#2701 = ORIENTED_EDGE ( 'NONE', *, *, #730, .F. ) ;
#2702 = VERTEX_POINT ( 'NONE', #2353 ) ;
#2703 = PRESENTATION_STYLE_ASSIGNMENT (( #55 ) ) ;
#2704 = ORIENTED_EDGE ( 'NONE', *, *, #2032, .F. ) ;
#2705 = PLANE ( 'NONE',  #1408 ) ;
#2706 = PLANE ( 'NONE',  #91 ) ;
#2707 = AXIS2_PLACEMENT_3D ( 'NONE', #2971, #2431, #67 ) ;
#2708 = ORIENTED_EDGE ( 'NONE', *, *, #557, .T. ) ;
#2709 =( NAMED_UNIT ( * ) PLANE_ANGLE_UNIT ( ) SI_UNIT ( $, .RADIAN. ) );
#2710 = ORIENTED_EDGE ( 'NONE', *, *, #2843, .F. ) ;
#2711 = EDGE_CURVE ( 'NONE', #1404, #2215, #178, .T. ) ;
#2712 = VECTOR ( 'NONE', #1648, 1000.000000000000000 ) ;
#2713 = DIRECTION ( 'NONE',  ( -1.000000000000000000, -0.0000000000000000000, -0.0000000000000000000 ) ) ;
#2714 = ORIENTED_EDGE ( 'NONE', *, *, #1435, .T. ) ;
#2715 = CARTESIAN_POINT ( 'NONE',  ( 0.0000000000000000000, 0.3721009671810895400, 0.5051709197727064500 ) ) ;
#2716 = ORIENTED_EDGE ( 'NONE', *, *, #1198, .F. ) ;
#2717 =( NAMED_UNIT ( * ) SI_UNIT ( $, .STERADIAN. ) SOLID_ANGLE_UNIT ( ) );
#2718 = STYLED_ITEM ( 'NONE', ( #98 ), #3133 ) ;
#2719 = LINE ( 'NONE', #803, #1493 ) ;
#2720 = DIRECTION ( 'NONE',  ( -1.000000000000000000, -0.0000000000000000000, -0.0000000000000000000 ) ) ;
#2721 = LINE ( 'NONE', #1820, #1774 ) ;
#2722 = DIRECTION ( 'NONE',  ( 1.000000000000000000, 0.0000000000000000000, 0.0000000000000000000 ) ) ;
#2723 = MECHANICAL_DESIGN_GEOMETRIC_PRESENTATION_REPRESENTATION (  '', ( #502 ), #3078 ) ;
#2724 = VECTOR ( 'NONE', #2146, 1000.000000000000000 ) ;
#2725 =( NAMED_UNIT ( * ) PLANE_ANGLE_UNIT ( ) SI_UNIT ( $, .RADIAN. ) );
#2726 = UNCERTAINTY_MEASURE_WITH_UNIT (LENGTH_MEASURE( 1.000000000000000100E-005 ), #2632, 'distance_accuracy_value', 'NONE');
#2727 = PRESENTATION_LAYER_ASSIGNMENT (  '', '', ( #1850 ) ) ;
#2728 =( NAMED_UNIT ( * ) PLANE_ANGLE_UNIT ( ) SI_UNIT ( $, .RADIAN. ) );
#2729 = EDGE_CURVE ( 'NONE', #1688, #518, #506, .T. ) ;
#2730 = LINE ( 'NONE', #828, #2900 ) ;
#2731 = SURFACE_STYLE_USAGE ( .BOTH. , #379 ) ;
#2732 = LINE ( 'NONE', #446, #2408 ) ;
#2733 =( GEOMETRIC_REPRESENTATION_CONTEXT ( 3 ) GLOBAL_UNCERTAINTY_ASSIGNED_CONTEXT ( ( #470 ) ) GLOBAL_UNIT_ASSIGNED_CONTEXT ( ( #715, #458, #195 ) ) REPRESENTATION_CONTEXT ( 'NONE', 'WORKASPACE' ) );
#2734 = AXIS2_PLACEMENT_3D ( 'NONE', #3406, #1823, #2321 ) ;
#2735 = SURFACE_STYLE_FILL_AREA ( #702 ) ;
#2736 = ORIENTED_EDGE ( 'NONE', *, *, #484, .T. ) ;
#2737 = PRESENTATION_STYLE_ASSIGNMENT (( #2862 ) ) ;
#2738 = ORIENTED_EDGE ( 'NONE', *, *, #2648, .F. ) ;
#2739 = CARTESIAN_POINT ( 'NONE',  ( 7.852499999999998300, 0.0000000000000000000, 0.0000000000000000000 ) ) ;
#2740 = EDGE_LOOP ( 'NONE', ( #946, #1428, #1346, #2367 ) ) ;
#2741 = ADVANCED_FACE ( 'NONE', ( #1824 ), #964, .T. ) ;
#2742 = VERTEX_POINT ( 'NONE', #1544 ) ;
#2743 = DIRECTION ( 'NONE',  ( -1.000000000000000000, 0.0000000000000000000, 0.0000000000000000000 ) ) ;
#2744 =( NAMED_UNIT ( * ) PLANE_ANGLE_UNIT ( ) SI_UNIT ( $, .RADIAN. ) );
#2745 = VECTOR ( 'NONE', #2057, 1000.000000000000000 ) ;
#2746 = ORIENTED_EDGE ( 'NONE', *, *, #1500, .F. ) ;
#2747 =( NAMED_UNIT ( * ) SI_UNIT ( $, .STERADIAN. ) SOLID_ANGLE_UNIT ( ) );
#2748 = STYLED_ITEM ( 'NONE', ( #1228 ), #1084 ) ;
#2749 = EDGE_CURVE ( 'NONE', #2840, #1558, #2853, .T. ) ;
#2750 = ORIENTED_EDGE ( 'NONE', *, *, #2450, .F. ) ;
#2751 = CARTESIAN_POINT ( 'NONE',  ( -0.005000000000000000100, -0.4641000000000289300, -0.1854619274410220200 ) ) ;
#2752 = DIRECTION ( 'NONE',  ( 0.0000000000000000000, -1.087414869261074500E-013, 1.000000000000000000 ) ) ;
#2753 = CIRCLE ( 'NONE', #1894, 4.250000000000000000 ) ;
#2754 = EDGE_CURVE ( 'NONE', #742, #2283, #1010, .T. ) ;
#2755 = ORIENTED_EDGE ( 'NONE', *, *, #1112, .T. ) ;
#2756 = CARTESIAN_POINT ( 'NONE',  ( -0.005000000000000000100, -0.08311769719428983800, -0.01128161535484577600 ) ) ;
#2757 = LINE ( 'NONE', #2783, #2301 ) ;
#2758 = DIRECTION ( 'NONE',  ( 0.0000000000000000000, 0.0000000000000000000, 1.000000000000000000 ) ) ;
#2759 = CARTESIAN_POINT ( 'NONE',  ( -0.005000000000000000100, -0.4641000000000000100, -2.388500000000000500 ) ) ;
#2760 = LINE ( 'NONE', #2637, #1943 ) ;
#2761 = DIRECTION ( 'NONE',  ( 0.0000000000000000000, 2.372545677633582300E-016, 1.000000000000000000 ) ) ;
#2762 = STYLED_ITEM ( 'NONE', ( #542 ), #2928 ) ;
#2763 =( NAMED_UNIT ( * ) SI_UNIT ( $, .STERADIAN. ) SOLID_ANGLE_UNIT ( ) );
#2764 = SURFACE_STYLE_FILL_AREA ( #510 ) ;
#2765 = AXIS2_PLACEMENT_3D ( 'NONE', #2936, #334, #57 ) ;
#2766 = LINE ( 'NONE', #1510, #1385 ) ;
#2767 =( LENGTH_UNIT ( ) NAMED_UNIT ( * ) SI_UNIT ( .MILLI., .METRE. ) );
#2768 = UNCERTAINTY_MEASURE_WITH_UNIT (LENGTH_MEASURE( 1.000000000000000100E-005 ), #958, 'distance_accuracy_value', 'NONE');
#2769 = LINE ( 'NONE', #1168, #1089 ) ;
#2770 = DIRECTION ( 'NONE',  ( 1.000000000000000000, 0.0000000000000000000, 0.0000000000000000000 ) ) ;
#2771 = CARTESIAN_POINT ( 'NONE',  ( -0.005000000000000000100, 0.2901762661091321600, 2.076730209328213000 ) ) ;
#2772 = VECTOR ( 'NONE', #2608, 1000.000000000000000 ) ;
#2773 = AXIS2_PLACEMENT_3D ( 'NONE', #2162, #2425, #1070 ) ;
#2774 = FILL_AREA_STYLE_COLOUR ( '', #3027 ) ;
#2775 = EDGE_CURVE ( 'NONE', #612, #1796, #3395, .T. ) ;
#2776 = ADVANCED_FACE ( 'NONE', ( #2265 ), #735, .F. ) ;
#2777 = SURFACE_STYLE_FILL_AREA ( #207 ) ;
#2778 = CYLINDRICAL_SURFACE ( 'NONE', #2147, 0.3250000000000000100 ) ;
#2779 = CARTESIAN_POINT ( 'NONE',  ( -0.005000000000000000100, 0.4706612939571652700, -0.3319935657280985200 ) ) ;
#2780 = ORIENTED_EDGE ( 'NONE', *, *, #2980, .T. ) ;
#2781 =( GEOMETRIC_REPRESENTATION_CONTEXT ( 3 ) GLOBAL_UNCERTAINTY_ASSIGNED_CONTEXT ( ( #903 ) ) GLOBAL_UNIT_ASSIGNED_CONTEXT ( ( #487, #2820, #2569 ) ) REPRESENTATION_CONTEXT ( 'NONE', 'WORKASPACE' ) );
#2782 = VERTEX_POINT ( 'NONE', #3154 ) ;
#2783 = CARTESIAN_POINT ( 'NONE',  ( -0.005000000000000000100, 0.4706612939571657200, 2.384533340352226200 ) ) ;
#2784 = ORIENTED_EDGE ( 'NONE', *, *, #2866, .F. ) ;
#2785 = CARTESIAN_POINT ( 'NONE',  ( -0.005000000000000000100, -0.05393646921602023700, -1.001545525218872500 ) ) ;
#2786 = STYLED_ITEM ( 'NONE', ( #3151 ), #3270 ) ;
#2787 =( LENGTH_UNIT ( ) NAMED_UNIT ( * ) SI_UNIT ( .MILLI., .METRE. ) );
#2788 = FACE_OUTER_BOUND ( 'NONE', #3292, .T. ) ;
#2789 = ORIENTED_EDGE ( 'NONE', *, *, #512, .F. ) ;
#2790 = CARTESIAN_POINT ( 'NONE',  ( -0.005000000000000000100, -0.4641000000000287100, 0.06373707393421716700 ) ) ;
#2791 = MECHANICAL_DESIGN_GEOMETRIC_PRESENTATION_REPRESENTATION (  '', ( #373 ), #1494 ) ;
#2792 =( NAMED_UNIT ( * ) SI_UNIT ( $, .STERADIAN. ) SOLID_ANGLE_UNIT ( ) );
#2793 = ORIENTED_EDGE ( 'NONE', *, *, #1131, .T. ) ;
#2794 = ADVANCED_FACE ( 'NONE', ( #384 ), #19, .F. ) ;
#2795 = AXIS2_PLACEMENT_3D ( 'NONE', #3399, #2340, #1542 ) ;
#2796 = EDGE_LOOP ( 'NONE', ( #1961, #2144, #2326, #3323 ) ) ;
#2797 = EDGE_CURVE ( 'NONE', #3127, #529, #2760, .T. ) ;
#2798 = DIRECTION ( 'NONE',  ( 0.0000000000000000000, 0.05375259206908282500, -0.9985542843760948400 ) ) ;
#2799 = PLANE ( 'NONE',  #2191 ) ;
#2800 = ORIENTED_EDGE ( 'NONE', *, *, #1736, .T. ) ;
#2801 = FILL_AREA_STYLE ('',( #2539 ) ) ;
#2802 = VECTOR ( 'NONE', #3050, 1000.000000000000000 ) ;
#2803 = EDGE_CURVE ( 'NONE', #1712, #2497, #1378, .T. ) ;
#2804 = COLOUR_RGB ( '',0.0000000000000000000, 0.0000000000000000000, 0.0000000000000000000 ) ;
#2805 = PLANE ( 'NONE',  #3189 ) ;
#2806 = FILL_AREA_STYLE_COLOUR ( '', #299 ) ;
#2807 = LINE ( 'NONE', #241, #2027 ) ;
#2808 = CARTESIAN_POINT ( 'NONE',  ( 7.852499999999998300, 0.0000000000000000000, 0.0000000000000000000 ) ) ;
#2809 = CARTESIAN_POINT ( 'NONE',  ( 0.0000000000000000000, 0.2927342813417931900, -0.9016521882828797400 ) ) ;
#2810 =( LENGTH_UNIT ( ) NAMED_UNIT ( * ) SI_UNIT ( .MILLI., .METRE. ) );
#2811 = ADVANCED_FACE ( 'NONE', ( #2151 ), #1859, .F. ) ;
#2812 =( LENGTH_UNIT ( ) NAMED_UNIT ( * ) SI_UNIT ( .MILLI., .METRE. ) );
#2813 = AXIS2_PLACEMENT_3D ( 'NONE', #1407, #2720, #3017 ) ;
#2814 = VECTOR ( 'NONE', #243, 1000.000000000000000 ) ;
#2815 = PLANE ( 'NONE',  #2112 ) ;
#2816 = CARTESIAN_POINT ( 'NONE',  ( -0.005000000000000000100, -0.05393646921773419900, 0.9980834009764542000 ) ) ;
#2817 = CARTESIAN_POINT ( 'NONE',  ( 0.0000000000000000000, -0.4641000000000286000, 0.6150746229693603300 ) ) ;
#2818 = FACE_OUTER_BOUND ( 'NONE', #3223, .T. ) ;
#2819 = ORIENTED_EDGE ( 'NONE', *, *, #2028, .F. ) ;
#2820 =( NAMED_UNIT ( * ) PLANE_ANGLE_UNIT ( ) SI_UNIT ( $, .RADIAN. ) );
#2821 = EDGE_CURVE ( 'NONE', #84, #2254, #3348, .T. ) ;
#2822 = DIRECTION ( 'NONE',  ( 1.000000000000000000, -0.0000000000000000000, -0.0000000000000000000 ) ) ;
#2823 = ORIENTED_EDGE ( 'NONE', *, *, #1282, .T. ) ;
#2824 = EDGE_LOOP ( 'NONE', ( #2551, #1757, #315, #615 ) ) ;
#2825 = FILL_AREA_STYLE_COLOUR ( '', #125 ) ;
#2826 = STYLED_ITEM ( 'NONE', ( #426 ), #2677 ) ;
#2827 = SURFACE_STYLE_USAGE ( .BOTH. , #516 ) ;
#2828 = ORIENTED_EDGE ( 'NONE', *, *, #1918, .T. ) ;
#2829 = SURFACE_SIDE_STYLE ('',( #1120 ) ) ;
#2830 = CARTESIAN_POINT ( 'NONE',  ( 9.000000000000000000, 5.204748896376250700E-016, -4.250000000000000000 ) ) ;
#2831 = CARTESIAN_POINT ( 'NONE',  ( 0.0000000000000000000, -0.4641000000000282700, 1.859929891948954200 ) ) ;
#2832 = AXIS2_PLACEMENT_3D ( 'NONE', #2008, #3307, #169 ) ;
#2833 = VERTEX_POINT ( 'NONE', #785 ) ;
#2834 = DIRECTION ( 'NONE',  ( 0.0000000000000000000, -0.002813301676022605800, 0.9999960426590095400 ) ) ;
#2835 = SURFACE_STYLE_USAGE ( .BOTH. , #1551 ) ;
#2836 = UNCERTAINTY_MEASURE_WITH_UNIT (LENGTH_MEASURE( 1.000000000000000100E-005 ), #804, 'distance_accuracy_value', 'NONE');
#2837 = ORIENTED_EDGE ( 'NONE', *, *, #2337, .F. ) ;
#2838 =( GEOMETRIC_REPRESENTATION_CONTEXT ( 3 ) GLOBAL_UNCERTAINTY_ASSIGNED_CONTEXT ( ( #3347 ) ) GLOBAL_UNIT_ASSIGNED_CONTEXT ( ( #2153, #608, #96 ) ) REPRESENTATION_CONTEXT ( 'NONE', 'WORKASPACE' ) );
#2839 = FILL_AREA_STYLE_COLOUR ( '', #2134 ) ;
#2840 = VERTEX_POINT ( 'NONE', #304 ) ;
#2841 = PLANE ( 'NONE',  #1794 ) ;
#2842 = DIRECTION ( 'NONE',  ( 0.0000000000000000000, 1.224646799147353500E-016, 1.000000000000000000 ) ) ;
#2843 = EDGE_CURVE ( 'NONE', #2019, #2124, #2933, .T. ) ;
#2844 =( LENGTH_UNIT ( ) NAMED_UNIT ( * ) SI_UNIT ( .MILLI., .METRE. ) );
#2845 = CARTESIAN_POINT ( 'NONE',  ( -0.005000000000000000100, -0.4641000000000289900, -0.3777621434046455900 ) ) ;
#2846 = SURFACE_STYLE_FILL_AREA ( #1224 ) ;
#2847 = CARTESIAN_POINT ( 'NONE',  ( -0.005000000000000000100, -0.4641000000000286000, 0.2650415035041395800 ) ) ;
#2848 = SURFACE_STYLE_USAGE ( .BOTH. , #1015 ) ;
#2849 = ADVANCED_FACE ( 'NONE', ( #2066 ), #2115, .F. ) ;
#2850 = MECHANICAL_DESIGN_GEOMETRIC_PRESENTATION_REPRESENTATION (  '', ( #2494 ), #3019 ) ;
#2851 = AXIS2_PLACEMENT_3D ( 'NONE', #947, #743, #674 ) ;
#2852 = DIRECTION ( 'NONE',  ( 0.0000000000000000000, 0.2755520632520628300, -0.9612861490927304700 ) ) ;
#2853 = CIRCLE ( 'NONE', #625, 4.250000000000000000 ) ;
#2854 =( NAMED_UNIT ( * ) PLANE_ANGLE_UNIT ( ) SI_UNIT ( $, .RADIAN. ) );
#2855 = DIRECTION ( 'NONE',  ( 0.0000000000000000000, 1.000000000000000000, -1.224646799147353200E-016 ) ) ;
#2856 =( GEOMETRIC_REPRESENTATION_CONTEXT ( 3 ) GLOBAL_UNCERTAINTY_ASSIGNED_CONTEXT ( ( #561 ) ) GLOBAL_UNIT_ASSIGNED_CONTEXT ( ( #1818, #2070, #3097 ) ) REPRESENTATION_CONTEXT ( 'NONE', 'WORKASPACE' ) );
#2857 = VECTOR ( 'NONE', #2485, 1000.000000000000000 ) ;
#2858 =( NAMED_UNIT ( * ) SI_UNIT ( $, .STERADIAN. ) SOLID_ANGLE_UNIT ( ) );
#2859 = SURFACE_STYLE_FILL_AREA ( #2121 ) ;
#2860 = PLANE ( 'NONE',  #2313 ) ;
#2861 = DIRECTION ( 'NONE',  ( 0.0000000000000000000, 0.0000000000000000000, -1.000000000000000000 ) ) ;
#2862 = SURFACE_STYLE_USAGE ( .BOTH. , #2588 ) ;
#2863 = CARTESIAN_POINT ( 'NONE',  ( -0.005000000000000000100, 0.2927342813417931900, -0.9016521882828797400 ) ) ;
#2864 = LINE ( 'NONE', #1798, #2167 ) ;
#2865 = LINE ( 'NONE', #992, #3316 ) ;
#2866 = EDGE_CURVE ( 'NONE', #2633, #43, #1289, .T. ) ;
#2867 = SURFACE_STYLE_FILL_AREA ( #923 ) ;
#2868 = EDGE_LOOP ( 'NONE', ( #1370, #1019, #1437, #522, #1935, #2495, #2130, #121, #2241, #2462, #3163 ) ) ;
#2869 = VERTEX_POINT ( 'NONE', #2898 ) ;
#2870 = CARTESIAN_POINT ( 'NONE',  ( 0.0000000000000000000, -0.4641000000000286000, 0.2650415035041395800 ) ) ;
#2871 = CARTESIAN_POINT ( 'NONE',  ( -0.005000000000000000100, -0.05393646921602023700, -1.001545525218872500 ) ) ;
#2872 = EDGE_CURVE ( 'NONE', #1688, #2320, #504, .T. ) ;
#2873 = VECTOR ( 'NONE', #1610, 1000.000000000000000 ) ;
#2874 = EDGE_LOOP ( 'NONE', ( #2968, #2287, #1841, #2548 ) ) ;
#2875 = DIRECTION ( 'NONE',  ( 0.0000000000000000000, 0.0000000000000000000, -1.000000000000000000 ) ) ;
#2876 = ORIENTED_EDGE ( 'NONE', *, *, #583, .F. ) ;
#2877 = PRESENTATION_LAYER_ASSIGNMENT (  '', '', ( #343 ) ) ;
#2878 = SURFACE_STYLE_FILL_AREA ( #124 ) ;
#2879 = DIRECTION ( 'NONE',  ( 1.000000000000000000, -0.0000000000000000000, -0.0000000000000000000 ) ) ;
#2880 = VERTEX_POINT ( 'NONE', #1586 ) ;
#2881 = DIRECTION ( 'NONE',  ( 1.000000000000000000, 0.0000000000000000000, 0.0000000000000000000 ) ) ;
#2882 = MANIFOLD_SOLID_BREP ( 'Body-Move/Copy1[3]', #475 ) ;
#2883 = DIRECTION ( 'NONE',  ( 1.000000000000000000, 0.0000000000000000000, 0.0000000000000000000 ) ) ;
#2884 = ORIENTED_EDGE ( 'NONE', *, *, #204, .T. ) ;
#2885 = FILL_AREA_STYLE ('',( #2374 ) ) ;
#2886 = UNCERTAINTY_MEASURE_WITH_UNIT (LENGTH_MEASURE( 1.000000000000000100E-005 ), #1113, 'distance_accuracy_value', 'NONE');
#2887 = MECHANICAL_DESIGN_GEOMETRIC_PRESENTATION_REPRESENTATION (  '', ( #3009 ), #416 ) ;
#2888 = CARTESIAN_POINT ( 'NONE',  ( 0.0000000000000000000, -0.05393646921773419900, 0.9980834009764542000 ) ) ;
#2889 = DIRECTION ( 'NONE',  ( 0.0000000000000000000, -1.000000000000000000, 2.088488394260788600E-016 ) ) ;
#2890 = LINE ( 'NONE', #2405, #1379 ) ;
#2891 = EDGE_CURVE ( 'NONE', #1281, #1425, #701, .T. ) ;
#2892 = SURFACE_SIDE_STYLE ('',( #1536 ) ) ;
#2893 = DIRECTION ( 'NONE',  ( 1.000000000000000000, 0.0000000000000000000, 0.0000000000000000000 ) ) ;
#2894 = COLOUR_RGB ( '',0.0000000000000000000, 0.0000000000000000000, 0.0000000000000000000 ) ;
#2895 = CARTESIAN_POINT ( 'NONE',  ( -0.005000000000000000100, 0.4706612939571654900, 0.8839447622066248800 ) ) ;
#2896 = LINE ( 'NONE', #2017, #2194 ) ;
#2897 = FILL_AREA_STYLE ('',( #2645 ) ) ;
#2898 = CARTESIAN_POINT ( 'NONE',  ( -0.005000000000000000100, 0.4706612939571652700, -2.119865767362318000 ) ) ;
#2899 = SURFACE_STYLE_FILL_AREA ( #2197 ) ;
#2900 = VECTOR ( 'NONE', #1296, 1000.000000000000000 ) ;
#2901 = SURFACE_SIDE_STYLE ('',( #1526 ) ) ;
#2902 =( GEOMETRIC_REPRESENTATION_CONTEXT ( 3 ) GLOBAL_UNCERTAINTY_ASSIGNED_CONTEXT ( ( #3217 ) ) GLOBAL_UNIT_ASSIGNED_CONTEXT ( ( #3071, #2533, #2284 ) ) REPRESENTATION_CONTEXT ( 'NONE', 'WORKASPACE' ) );
#2903 =( NAMED_UNIT ( * ) PLANE_ANGLE_UNIT ( ) SI_UNIT ( $, .RADIAN. ) );
#2904 = TOROIDAL_SURFACE ( 'NONE', #2966, 4.250000000000000000, 0.2812499999999998300 ) ;
#2905 = PRESENTATION_STYLE_ASSIGNMENT (( #2848 ) ) ;
#2906 =( NAMED_UNIT ( * ) PLANE_ANGLE_UNIT ( ) SI_UNIT ( $, .RADIAN. ) );
#2907 = PRESENTATION_LAYER_ASSIGNMENT (  '', '', ( #744 ) ) ;
#2908 = ORIENTED_EDGE ( 'NONE', *, *, #890, .T. ) ;
#2909 = DIRECTION ( 'NONE',  ( 0.0000000000000000000, 0.2729786930694068100, -0.9620200793799049700 ) ) ;
#2910 = ORIENTED_EDGE ( 'NONE', *, *, #3210, .F. ) ;
#2911 = EDGE_CURVE ( 'NONE', #2254, #2702, #1410, .T. ) ;
#2912 = ORIENTED_EDGE ( 'NONE', *, *, #915, .F. ) ;
#2913 = CARTESIAN_POINT ( 'NONE',  ( 7.571249999999999100, 0.0000000000000000000, 0.0000000000000000000 ) ) ;
#2914 = ORIENTED_EDGE ( 'NONE', *, *, #1830, .T. ) ;
#2915 = FILL_AREA_STYLE ('',( #2384 ) ) ;
#2916 = DIRECTION ( 'NONE',  ( 0.0000000000000000000, 0.9999891854650021500, 0.004650693823678241100 ) ) ;
#2917 = EDGE_CURVE ( 'NONE', #3299, #1425, #795, .T. ) ;
#2918 =( GEOMETRIC_REPRESENTATION_CONTEXT ( 3 ) GLOBAL_UNCERTAINTY_ASSIGNED_CONTEXT ( ( #45 ) ) GLOBAL_UNIT_ASSIGNED_CONTEXT ( ( #1333, #2639, #2346 ) ) REPRESENTATION_CONTEXT ( 'NONE', 'WORKASPACE' ) );
#2919 = ORIENTED_EDGE ( 'NONE', *, *, #660, .T. ) ;
#2920 = COLOUR_RGB ( '',0.8941176470588234600, 0.9137254901960784000, 0.9294117647058823800 ) ;
#2921 = ORIENTED_EDGE ( 'NONE', *, *, #2490, .T. ) ;
#2922 = FILL_AREA_STYLE_COLOUR ( '', #3103 ) ;
#2923 =( NAMED_UNIT ( * ) PLANE_ANGLE_UNIT ( ) SI_UNIT ( $, .RADIAN. ) );
#2924 = ORIENTED_EDGE ( 'NONE', *, *, #583, .T. ) ;
#2925 = FILL_AREA_STYLE_COLOUR ( '', #543 ) ;
#2926 = CARTESIAN_POINT ( 'NONE',  ( -0.005000000000000000100, 0.1188688284627370000, -0.9522440450364015900 ) ) ;
#2927 = LINE ( 'NONE', #2523, #264 ) ;
#2928 = ADVANCED_FACE ( 'NONE', ( #2475 ), #66, .F. ) ;
#2929 = COLOUR_RGB ( '',0.7921568627450980000, 0.8196078431372548800, 0.9333333333333333500 ) ;
#2930 = MECHANICAL_DESIGN_GEOMETRIC_PRESENTATION_REPRESENTATION (  '', ( #2623 ), #820 ) ;
#2931 = DIRECTION ( 'NONE',  ( 0.0000000000000000000, 0.2762033010290239600, -0.9610992334304874200 ) ) ;
#2932 = EDGE_CURVE ( 'NONE', #2782, #119, #2065, .T. ) ;
#2933 = LINE ( 'NONE', #824, #63 ) ;
#2934 = FILL_AREA_STYLE_COLOUR ( '', #2226 ) ;
#2935 = LINE ( 'NONE', #2617, #3188 ) ;
#2936 = CARTESIAN_POINT ( 'NONE',  ( -0.005000000000000000100, 0.04345001279228703100, -1.977222312223316100 ) ) ;
#2937 = EDGE_CURVE ( 'NONE', #1145, #2545, #836, .T. ) ;
#2938 = DIRECTION ( 'NONE',  ( 0.0000000000000000000, 0.9601763114327595000, 0.2793947940878290200 ) ) ;
#2939 = CARTESIAN_POINT ( 'NONE',  ( -0.005000000000000000100, -0.2862269899289315900, 0.9317682772827679000 ) ) ;
#2940 = SURFACE_STYLE_USAGE ( .BOTH. , #1642 ) ;
#2941 = LINE ( 'NONE', #2237, #1172 ) ;
#2942 = COLOUR_RGB ( '',0.0000000000000000000, 0.0000000000000000000, 0.0000000000000000000 ) ;
#2943 = AXIS2_PLACEMENT_3D ( 'NONE', #601, #1891, #3227 ) ;
#2944 = DIRECTION ( 'NONE',  ( -0.0000000000000000000, -0.7083077534943953400, -0.7059037656364518500 ) ) ;
#2945 = UNCERTAINTY_MEASURE_WITH_UNIT (LENGTH_MEASURE( 1.000000000000000100E-005 ), #783, 'distance_accuracy_value', 'NONE');
#2946 = VECTOR ( 'NONE', #1563, 1000.000000000000000 ) ;
#2947 =( NAMED_UNIT ( * ) SI_UNIT ( $, .STERADIAN. ) SOLID_ANGLE_UNIT ( ) );
#2948 = PRESENTATION_LAYER_ASSIGNMENT (  '', '', ( #966 ) ) ;
#2949 = LINE ( 'NONE', #1737, #2001 ) ;
#2950 = ORIENTED_EDGE ( 'NONE', *, *, #2891, .T. ) ;
#2951 =( NAMED_UNIT ( * ) SI_UNIT ( $, .STERADIAN. ) SOLID_ANGLE_UNIT ( ) );
#2952 = VERTEX_POINT ( 'NONE', #2262 ) ;
#2953 = CARTESIAN_POINT ( 'NONE',  ( 7.852499999999998300, 0.0000000000000000000, -4.250000000000000000 ) ) ;
#2954 =( GEOMETRIC_REPRESENTATION_CONTEXT ( 3 ) GLOBAL_UNCERTAINTY_ASSIGNED_CONTEXT ( ( #1752 ) ) GLOBAL_UNIT_ASSIGNED_CONTEXT ( ( #273, #1842, #2129 ) ) REPRESENTATION_CONTEXT ( 'NONE', 'WORKASPACE' ) );
#2955 = ORIENTED_EDGE ( 'NONE', *, *, #2201, .T. ) ;
#2956 = LINE ( 'NONE', #1858, #2873 ) ;
#2957 = ORIENTED_EDGE ( 'NONE', *, *, #2142, .T. ) ;
#2958 = SURFACE_STYLE_USAGE ( .BOTH. , #3224 ) ;
#2959 = EDGE_CURVE ( 'NONE', #3067, #742, #2927, .T. ) ;
#2960 = FACE_OUTER_BOUND ( 'NONE', #2339, .T. ) ;
#2961 = ORIENTED_EDGE ( 'NONE', *, *, #484, .F. ) ;
#2962 = CARTESIAN_POINT ( 'NONE',  ( -0.005000000000000000100, -0.05393646921602029300, -0.6003918925204553300 ) ) ;
#2963 = FILL_AREA_STYLE_COLOUR ( '', #2157 ) ;
#2964 = ORIENTED_EDGE ( 'NONE', *, *, #2891, .F. ) ;
#2965 = FILL_AREA_STYLE ('',( #595 ) ) ;
#2966 = AXIS2_PLACEMENT_3D ( 'NONE', #2029, #2583, #463 ) ;
#2967 = PRESENTATION_STYLE_ASSIGNMENT (( #1921 ) ) ;
#2968 = ORIENTED_EDGE ( 'NONE', *, *, #845, .F. ) ;
#2969 = CARTESIAN_POINT ( 'NONE',  ( 0.0000000000000000000, -0.4641000000000286000, 0.5025787976740189200 ) ) ;
#2970 = MECHANICAL_DESIGN_GEOMETRIC_PRESENTATION_REPRESENTATION (  '', ( #966 ), #712 ) ;
#2971 = CARTESIAN_POINT ( 'NONE',  ( -0.005000000000000000100, 0.4706612939571654900, 0.3613496161570116700 ) ) ;
#2972 = LINE ( 'NONE', #2458, #1766 ) ;
#2973 = FILL_AREA_STYLE_COLOUR ( '', #1816 ) ;
#2974 = AXIS2_PLACEMENT_3D ( 'NONE', #851, #1903, #588 ) ;
#2975 = FILL_AREA_STYLE ('',( #838 ) ) ;
#2976 = FACE_OUTER_BOUND ( 'NONE', #3285, .T. ) ;
#2977 = CARTESIAN_POINT ( 'NONE',  ( 0.0000000000000000000, 0.4706612939571654900, 0.06608819870102282400 ) ) ;
#2978 = AXIS2_PLACEMENT_3D ( 'NONE', #3095, #1239, #972 ) ;
#2979 = EDGE_CURVE ( 'NONE', #2219, #734, #880, .T. ) ;
#2980 = EDGE_CURVE ( 'NONE', #323, #2833, #1693, .T. ) ;
#2981 = VECTOR ( 'NONE', #2228, 1000.000000000000100 ) ;
#2982 = SURFACE_STYLE_USAGE ( .BOTH. , #1157 ) ;
#2983 = CIRCLE ( 'NONE', #1565, 0.2812500000000002200 ) ;
#2984 = UNCERTAINTY_MEASURE_WITH_UNIT (LENGTH_MEASURE( 1.000000000000000100E-005 ), #2812, 'distance_accuracy_value', 'NONE');
#2985 = PRESENTATION_LAYER_ASSIGNMENT (  '', '', ( #1726 ) ) ;
#2986 = FILL_AREA_STYLE ('',( #65 ) ) ;
#2987 = EDGE_LOOP ( 'NONE', ( #1187, #768, #1815, #3120 ) ) ;
#2988 = CARTESIAN_POINT ( 'NONE',  ( -0.005000000000000000100, 0.4706612939571654900, -1.853707125018472200 ) ) ;
#2989 = EDGE_LOOP ( 'NONE', ( #2793, #2701, #933, #777 ) ) ;
#2990 = DIRECTION ( 'NONE',  ( 0.0000000000000000000, 0.0000000000000000000, -1.000000000000000000 ) ) ;
#2991 = CARTESIAN_POINT ( 'NONE',  ( -0.005000000000000000100, 0.2927342813417934100, -0.4757653905587055400 ) ) ;
#2992 = MECHANICAL_DESIGN_GEOMETRIC_PRESENTATION_REPRESENTATION (  '', ( #222 ), #1455 ) ;
#2993 = ORIENTED_EDGE ( 'NONE', *, *, #204, .F. ) ;
#2994 = EDGE_CURVE ( 'NONE', #2880, #875, #3006, .T. ) ;
#2995 = CARTESIAN_POINT ( 'NONE',  ( 7.571249999999998300, 0.0000000000000000000, -4.250000000000000000 ) ) ;
#2996 = VECTOR ( 'NONE', #2505, 1000.000000000000200 ) ;
#2997 = ORIENTED_EDGE ( 'NONE', *, *, #95, .F. ) ;
#2998 = EDGE_CURVE ( 'NONE', #3130, #1281, #1492, .T. ) ;
#2999 = ORIENTED_EDGE ( 'NONE', *, *, #2917, .T. ) ;
#3000 = DIRECTION ( 'NONE',  ( 0.0000000000000000000, 0.0000000000000000000, 1.000000000000000000 ) ) ;
#3001 = CARTESIAN_POINT ( 'NONE',  ( 0.2000000000000005100, 5.204748896376250700E-016, -4.250000000000000000 ) ) ;
#3002 = ADVANCED_FACE ( 'NONE', ( #138 ), #3329, .F. ) ;
#3003 = PRESENTATION_LAYER_ASSIGNMENT (  '', '', ( #1644 ) ) ;
#3004 = VERTEX_POINT ( 'NONE', #3060 ) ;
#3005 = AXIS2_PLACEMENT_3D ( 'NONE', #2808, #943, #191 ) ;
#3006 = LINE ( 'NONE', #1234, #58 ) ;
#3007 =( NAMED_UNIT ( * ) PLANE_ANGLE_UNIT ( ) SI_UNIT ( $, .RADIAN. ) );
#3008 = CYLINDRICAL_SURFACE ( 'NONE', #3261, 4.250000000000000000 ) ;
#3009 = STYLED_ITEM ( 'NONE', ( #2967 ), #974 ) ;
#3010 = PLANE ( 'NONE',  #439 ) ;
#3011 = SURFACE_STYLE_FILL_AREA ( #2646 ) ;
#3012 = CARTESIAN_POINT ( 'NONE',  ( -0.005000000000000000100, 0.4706612939571652700, -1.115800696540586400 ) ) ;
#3013 = EDGE_CURVE ( 'NONE', #2952, #2251, #112, .T. ) ;
#3014 = LINE ( 'NONE', #2715, #2981 ) ;
#3015 = DIRECTION ( 'NONE',  ( 0.0000000000000000000, -0.9280290862137297000, 0.3725077383643324300 ) ) ;
#3016 = PRESENTATION_STYLE_ASSIGNMENT (( #276 ) ) ;
#3017 = DIRECTION ( 'NONE',  ( 0.0000000000000000000, 0.0000000000000000000, 1.000000000000000000 ) ) ;
#3018 = VECTOR ( 'NONE', #3345, 1000.000000000000100 ) ;
#3019 =( GEOMETRIC_REPRESENTATION_CONTEXT ( 3 ) GLOBAL_UNCERTAINTY_ASSIGNED_CONTEXT ( ( #2165 ) ) GLOBAL_UNIT_ASSIGNED_CONTEXT ( ( #755, #2561, #1026 ) ) REPRESENTATION_CONTEXT ( 'NONE', 'WORKASPACE' ) );
#3020 = COLOUR_RGB ( '',0.8980392156862745400, 0.9215686274509803400, 0.9294117647058823800 ) ;
#3021 = PRESENTATION_LAYER_ASSIGNMENT (  '', '', ( #2149 ) ) ;
#3022 =( NAMED_UNIT ( * ) PLANE_ANGLE_UNIT ( ) SI_UNIT ( $, .RADIAN. ) );
#3023 = UNCERTAINTY_MEASURE_WITH_UNIT (LENGTH_MEASURE( 1.000000000000000100E-005 ), #898, 'distance_accuracy_value', 'NONE');
#3024 = EDGE_LOOP ( 'NONE', ( #486, #131, #89, #2828 ) ) ;
#3025 = DIRECTION ( 'NONE',  ( 1.000000000000000000, 0.0000000000000000000, 0.0000000000000000000 ) ) ;
#3026 = AXIS2_PLACEMENT_3D ( 'NONE', #2343, #759, #1305 ) ;
#3027 = COLOUR_RGB ( '',0.0000000000000000000, 0.0000000000000000000, 0.0000000000000000000 ) ;
#3028 = ORIENTED_EDGE ( 'NONE', *, *, #31, .F. ) ;
#3029 = CARTESIAN_POINT ( 'NONE',  ( -0.005000000000000000100, -0.2862610967964894200, -1.067741274870060300 ) ) ;
#3030 = ORIENTED_EDGE ( 'NONE', *, *, #1258, .T. ) ;
#3031 = FILL_AREA_STYLE ('',( #960 ) ) ;
#3032 = ORIENTED_EDGE ( 'NONE', *, *, #2775, .T. ) ;
#3033 = AXIS2_PLACEMENT_3D ( 'NONE', #3076, #1576, #2875 ) ;
#3034 =( LENGTH_UNIT ( ) NAMED_UNIT ( * ) SI_UNIT ( .MILLI., .METRE. ) );
#3035 = FILL_AREA_STYLE ('',( #1713 ) ) ;
#3036 = ORIENTED_EDGE ( 'NONE', *, *, #2168, .F. ) ;
#3037 = ADVANCED_FACE ( 'NONE', ( #3280 ), #3349, .F. ) ;
#3038 =( GEOMETRIC_REPRESENTATION_CONTEXT ( 3 ) GLOBAL_UNCERTAINTY_ASSIGNED_CONTEXT ( ( #387 ) ) GLOBAL_UNIT_ASSIGNED_CONTEXT ( ( #2603, #1316, #478 ) ) REPRESENTATION_CONTEXT ( 'NONE', 'WORKASPACE' ) );
#3039 = EDGE_CURVE ( 'NONE', #1715, #1469, #2721, .T. ) ;
#3040 = COLOUR_RGB ( '',0.0000000000000000000, 0.0000000000000000000, 0.0000000000000000000 ) ;
#3041 = DIRECTION ( 'NONE',  ( 0.0000000000000000000, 0.0000000000000000000, 1.000000000000000000 ) ) ;
#3042 = VERTEX_POINT ( 'NONE', #3128 ) ;
#3043 = FILL_AREA_STYLE_COLOUR ( '', #1303 ) ;
#3044 = CARTESIAN_POINT ( 'NONE',  ( -0.005000000000000000100, 0.4706612939571654900, 0.3613496161570116700 ) ) ;
#3045 = SURFACE_STYLE_FILL_AREA ( #555 ) ;
#3046 = ORIENTED_EDGE ( 'NONE', *, *, #1380, .F. ) ;
#3047 =( NAMED_UNIT ( * ) SI_UNIT ( $, .STERADIAN. ) SOLID_ANGLE_UNIT ( ) );
#3048 = CARTESIAN_POINT ( 'NONE',  ( 0.2000000000000005100, 0.0000000000000000000, 0.0000000000000000000 ) ) ;
#3049 = FACE_OUTER_BOUND ( 'NONE', #1155, .T. ) ;
#3050 = DIRECTION ( 'NONE',  ( 0.0000000000000000000, -0.9610664548999087200, -0.2763173343569341200 ) ) ;
#3051 = MECHANICAL_DESIGN_GEOMETRIC_PRESENTATION_REPRESENTATION (  '', ( #2699 ), #3363 ) ;
#3052 =( NAMED_UNIT ( * ) PLANE_ANGLE_UNIT ( ) SI_UNIT ( $, .RADIAN. ) );
#3053 = FACE_OUTER_BOUND ( 'NONE', #2581, .T. ) ;
#3054 = LINE ( 'NONE', #2870, #3234 ) ;
#3055 = CARTESIAN_POINT ( 'NONE',  ( 0.0000000000000000000, 0.1188688284627370000, -0.9522440450364015900 ) ) ;
#3056 = FACE_OUTER_BOUND ( 'NONE', #1074, .T. ) ;
#3057 = CARTESIAN_POINT ( 'NONE',  ( -0.005000000000000000100, 0.4706612939571652700, -2.119865767362318000 ) ) ;
#3058 =( NAMED_UNIT ( * ) PLANE_ANGLE_UNIT ( ) SI_UNIT ( $, .RADIAN. ) );
#3059 = COLOUR_RGB ( '',0.8941176470588234600, 0.9137254901960784000, 0.9294117647058823800 ) ;
#3060 = CARTESIAN_POINT ( 'NONE',  ( 0.0000000000000000000, 0.4706612939571657200, 2.384533340352226200 ) ) ;
#3061 = DIRECTION ( 'NONE',  ( 0.0000000000000000000, 0.0000000000000000000, 1.000000000000000000 ) ) ;
#3062 = EDGE_CURVE ( 'NONE', #43, #721, #1245, .T. ) ;
#3063 = SURFACE_STYLE_FILL_AREA ( #2347 ) ;
#3064 = FACE_OUTER_BOUND ( 'NONE', #1643, .T. ) ;
#3065 =( NAMED_UNIT ( * ) SI_UNIT ( $, .STERADIAN. ) SOLID_ANGLE_UNIT ( ) );
#3066 = VECTOR ( 'NONE', #3301, 1000.000000000000100 ) ;
#3067 = VERTEX_POINT ( 'NONE', #751 ) ;
#3068 =( GEOMETRIC_REPRESENTATION_CONTEXT ( 3 ) GLOBAL_UNCERTAINTY_ASSIGNED_CONTEXT ( ( #1861 ) ) GLOBAL_UNIT_ASSIGNED_CONTEXT ( ( #2225, #2263, #3131 ) ) REPRESENTATION_CONTEXT ( 'NONE', 'WORKASPACE' ) );
#3069 = ADVANCED_FACE ( 'NONE', ( #2564 ), #1311, .F. ) ;
#3070 = ORIENTED_EDGE ( 'NONE', *, *, #3335, .T. ) ;
#3071 =( LENGTH_UNIT ( ) NAMED_UNIT ( * ) SI_UNIT ( .MILLI., .METRE. ) );
#3072 = DIRECTION ( 'NONE',  ( 0.0000000000000000000, 0.9601763114346040200, 0.2793947940814899800 ) ) ;
#3073 = MECHANICAL_DESIGN_GEOMETRIC_PRESENTATION_REPRESENTATION (  '', ( #2718 ), #900 ) ;
#3074 = VECTOR ( 'NONE', #3153, 1000.000000000000000 ) ;
#3075 = ORIENTED_EDGE ( 'NONE', *, *, #930, .F. ) ;
#3076 = CARTESIAN_POINT ( 'NONE',  ( 7.852499999999998300, 0.0000000000000000000, 0.0000000000000000000 ) ) ;
#3077 = COLOUR_RGB ( '',0.8941176470588234600, 0.9137254901960784000, 0.9294117647058823800 ) ;
#3078 =( GEOMETRIC_REPRESENTATION_CONTEXT ( 3 ) GLOBAL_UNCERTAINTY_ASSIGNED_CONTEXT ( ( #2726 ) ) GLOBAL_UNIT_ASSIGNED_CONTEXT ( ( #2632, #1313, #1857 ) ) REPRESENTATION_CONTEXT ( 'NONE', 'WORKASPACE' ) );
#3079 = ORIENTED_EDGE ( 'NONE', *, *, #2224, .T. ) ;
#3080 =( NAMED_UNIT ( * ) SI_UNIT ( $, .STERADIAN. ) SOLID_ANGLE_UNIT ( ) );
#3081 = SURFACE_STYLE_FILL_AREA ( #1669 ) ;
#3082 = CARTESIAN_POINT ( 'NONE',  ( -0.005000000000000000100, 0.07204293857864706200, -1.967970823063391200 ) ) ;
#3083 = MECHANICAL_DESIGN_GEOMETRIC_PRESENTATION_REPRESENTATION (  '', ( #1850 ), #203 ) ;
#3084 = ORIENTED_EDGE ( 'NONE', *, *, #1575, .T. ) ;
#3085 = EDGE_CURVE ( 'NONE', #734, #447, #508, .T. ) ;
#3086 =( NAMED_UNIT ( * ) SI_UNIT ( $, .STERADIAN. ) SOLID_ANGLE_UNIT ( ) );
#3087 = COLOUR_RGB ( '',0.0000000000000000000, 0.0000000000000000000, 0.0000000000000000000 ) ;
#3088 = SURFACE_STYLE_USAGE ( .BOTH. , #3383 ) ;
#3089 = CARTESIAN_POINT ( 'NONE',  ( 0.0000000000000000000, -0.08311769719428983800, -0.01128161535484577600 ) ) ;
#3090 = ORIENTED_EDGE ( 'NONE', *, *, #2917, .F. ) ;
#3091 =( NAMED_UNIT ( * ) SI_UNIT ( $, .STERADIAN. ) SOLID_ANGLE_UNIT ( ) );
#3092 = UNCERTAINTY_MEASURE_WITH_UNIT (LENGTH_MEASURE( 1.000000000000000100E-005 ), #1988, 'distance_accuracy_value', 'NONE');
#3093 = STYLED_ITEM ( 'NONE', ( #2905 ), #196 ) ;
#3094 =( GEOMETRIC_REPRESENTATION_CONTEXT ( 3 ) GLOBAL_UNCERTAINTY_ASSIGNED_CONTEXT ( ( #3205 ) ) GLOBAL_UNIT_ASSIGNED_CONTEXT ( ( #2318, #2050, #1756 ) ) REPRESENTATION_CONTEXT ( 'NONE', 'WORKASPACE' ) );
#3095 = CARTESIAN_POINT ( 'NONE',  ( -0.005000000000000000100, -0.2862610967964894200, -1.067741274870060300 ) ) ;
#3096 = SURFACE_STYLE_FILL_AREA ( #844 ) ;
#3097 =( NAMED_UNIT ( * ) SI_UNIT ( $, .STERADIAN. ) SOLID_ANGLE_UNIT ( ) );
#3098 = DIRECTION ( 'NONE',  ( -0.0000000000000000000, -0.7083077534943953400, -0.7059037656364518500 ) ) ;
#3099 = SURFACE_STYLE_FILL_AREA ( #1329 ) ;
#3100 =( NAMED_UNIT ( * ) PLANE_ANGLE_UNIT ( ) SI_UNIT ( $, .RADIAN. ) );
#3101 =( NAMED_UNIT ( * ) SI_UNIT ( $, .STERADIAN. ) SOLID_ANGLE_UNIT ( ) );
#3102 = DIRECTION ( 'NONE',  ( 1.000000000000000000, 0.0000000000000000000, 0.0000000000000000000 ) ) ;
#3103 = COLOUR_RGB ( '',0.0000000000000000000, 0.0000000000000000000, 0.0000000000000000000 ) ;
#3104 = DIRECTION ( 'NONE',  ( -1.000000000000000000, -0.0000000000000000000, -0.0000000000000000000 ) ) ;
#3105 = DIRECTION ( 'NONE',  ( 0.0000000000000000000, 0.9615323037684296900, 0.2746918797667240500 ) ) ;
#3106 = LINE ( 'NONE', #2817, #2567 ) ;
#3107 = DIRECTION ( 'NONE',  ( 0.0000000000000000000, 0.9612934544747654400, 0.2755265765474755300 ) ) ;
#3108 = CYLINDRICAL_SURFACE ( 'NONE', #2734, 4.250000000000000000 ) ;
#3109 = DIRECTION ( 'NONE',  ( 0.0000000000000000000, 0.9615825319869135700, 0.2745159998572695400 ) ) ;
#3110 = LINE ( 'NONE', #24, #2658 ) ;
#3111 = SURFACE_STYLE_USAGE ( .BOTH. , #3403 ) ;
#3112 = DIRECTION ( 'NONE',  ( 0.0000000000000000000, 0.0000000000000000000, -1.000000000000000000 ) ) ;
#3113 = PRESENTATION_STYLE_ASSIGNMENT (( #2042 ) ) ;
#3114 = ORIENTED_EDGE ( 'NONE', *, *, #845, .T. ) ;
#3115 = CARTESIAN_POINT ( 'NONE',  ( 27.99999999999999600, 1.750000000000000000, -0.3250000000000000100 ) ) ;
#3116 = EDGE_CURVE ( 'NONE', #3178, #321, #2807, .T. ) ;
#3117 = LINE ( 'NONE', #2252, #604 ) ;
#3118 = CARTESIAN_POINT ( 'NONE',  ( 27.99999999999999600, 1.750000000000000000, 0.0000000000000000000 ) ) ;
#3119 = STYLED_ITEM ( 'NONE', ( #2238 ), #1813 ) ;
#3120 = ORIENTED_EDGE ( 'NONE', *, *, #2118, .T. ) ;
#3121 = ORIENTED_EDGE ( 'NONE', *, *, #3085, .F. ) ;
#3122 = MECHANICAL_DESIGN_GEOMETRIC_PRESENTATION_REPRESENTATION (  '', ( #1644 ), #1009 ) ;
#3123 = PRESENTATION_STYLE_ASSIGNMENT (( #2390 ) ) ;
#3124 = DIRECTION ( 'NONE',  ( 0.0000000000000000000, 6.723885967566620100E-016, 1.000000000000000000 ) ) ;
#3125 = ORIENTED_EDGE ( 'NONE', *, *, #2515, .T. ) ;
#3126 = CARTESIAN_POINT ( 'NONE',  ( -0.005000000000000000100, -0.2862269899289315300, 1.371786688027796000 ) ) ;
#3127 = VERTEX_POINT ( 'NONE', #2830 ) ;
#3128 = CARTESIAN_POINT ( 'NONE',  ( 0.0000000000000000000, 0.2901559482957898300, 2.332659225181929100 ) ) ;
#3129 = AXIS2_PLACEMENT_3D ( 'NONE', #827, #2650, #2662 ) ;
#3130 = VERTEX_POINT ( 'NONE', #499 ) ;
#3131 =( NAMED_UNIT ( * ) SI_UNIT ( $, .STERADIAN. ) SOLID_ANGLE_UNIT ( ) );
#3132 = CARTESIAN_POINT ( 'NONE',  ( 0.0000000000000000000, 0.1188688284627371100, -0.5510335675551548700 ) ) ;
#3133 = ADVANCED_FACE ( 'NONE', ( #1166 ), #3008, .T. ) ;
#3134 = ORIENTED_EDGE ( 'NONE', *, *, #753, .T. ) ;
#3135 = MECHANICAL_DESIGN_GEOMETRIC_PRESENTATION_REPRESENTATION (  '', ( #3248 ), #353 ) ;
#3136 = SURFACE_SIDE_STYLE ('',( #1314 ) ) ;
#3137 = VECTOR ( 'NONE', #1072, 1000.000000000000000 ) ;
#3138 = ORIENTED_EDGE ( 'NONE', *, *, #2626, .F. ) ;
#3139 = DIRECTION ( 'NONE',  ( 1.000000000000000000, 0.0000000000000000000, 0.0000000000000000000 ) ) ;
#3140 = VECTOR ( 'NONE', #454, 1000.000000000000000 ) ;
#3141 = EDGE_CURVE ( 'NONE', #240, #1554, #3054, .T. ) ;
#3142 = VERTEX_POINT ( 'NONE', #3391 ) ;
#3143 = DIRECTION ( 'NONE',  ( 0.0000000000000000000, 0.0000000000000000000, 1.000000000000000000 ) ) ;
#3144 = UNCERTAINTY_MEASURE_WITH_UNIT (LENGTH_MEASURE( 1.000000000000000100E-005 ), #1973, 'distance_accuracy_value', 'NONE');
#3145 = FILL_AREA_STYLE_COLOUR ( '', #186 ) ;
#3146 = LINE ( 'NONE', #2477, #1286 ) ;
#3147 = SURFACE_STYLE_FILL_AREA ( #1178 ) ;
#3148 = CARTESIAN_POINT ( 'NONE',  ( 9.000000000000000000, 0.0000000000000000000, 4.250000000000000000 ) ) ;
#3149 = SURFACE_SIDE_STYLE ('',( #1299 ) ) ;
#3150 = UNCERTAINTY_MEASURE_WITH_UNIT (LENGTH_MEASURE( 1.000000000000000100E-005 ), #1417, 'distance_accuracy_value', 'NONE');
#3151 = PRESENTATION_STYLE_ASSIGNMENT (( #1358 ) ) ;
#3152 = PRESENTATION_LAYER_ASSIGNMENT (  '', '', ( #18 ) ) ;
#3153 = DIRECTION ( 'NONE',  ( 0.0000000000000000000, -2.088488394260788100E-016, -1.000000000000000000 ) ) ;
#3154 = CARTESIAN_POINT ( 'NONE',  ( -0.005000000000000000100, 0.2901762661091321600, 2.076730209328213000 ) ) ;
#3155 = CARTESIAN_POINT ( 'NONE',  ( -0.005000000000000000100, -0.1971441846550018600, 0.03013995228619021500 ) ) ;
#3156 = COLOUR_RGB ( '',0.0000000000000000000, 0.0000000000000000000, 0.0000000000000000000 ) ;
#3157 = CARTESIAN_POINT ( 'NONE',  ( -0.005000000000000000100, -0.4641000000000288200, -1.773493452664154600 ) ) ;
#3158 = STYLED_ITEM ( 'NONE', ( #1076 ), #635 ) ;
#3159 = FACE_OUTER_BOUND ( 'NONE', #1357, .T. ) ;
#3160 =( NAMED_UNIT ( * ) SI_UNIT ( $, .STERADIAN. ) SOLID_ANGLE_UNIT ( ) );
#3161 = STYLED_ITEM ( 'NONE', ( #2503 ), #1161 ) ;
#3162 = CARTESIAN_POINT ( 'NONE',  ( -0.005000000000000000100, 0.04345001279229223500, -1.699458807457130600 ) ) ;
#3163 = ORIENTED_EDGE ( 'NONE', *, *, #359, .F. ) ;
#3164 = ORIENTED_EDGE ( 'NONE', *, *, #424, .F. ) ;
#3165 = CARTESIAN_POINT ( 'NONE',  ( -0.005000000000000000100, -0.4641000000000282700, 1.859929891948954200 ) ) ;
#3166 = EDGE_CURVE ( 'NONE', #2019, #721, #1825, .T. ) ;
#3167 = PRESENTATION_STYLE_ASSIGNMENT (( #332 ) ) ;
#3168 = ORIENTED_EDGE ( 'NONE', *, *, #2729, .T. ) ;
#3169 = VERTEX_POINT ( 'NONE', #778 ) ;
#3170 = FILL_AREA_STYLE_COLOUR ( '', #571 ) ;
#3171 = PRESENTATION_LAYER_ASSIGNMENT (  '', '', ( #1976 ) ) ;
#3172 = SURFACE_STYLE_USAGE ( .BOTH. , #1367 ) ;
#3173 = LINE ( 'NONE', #134, #1318 ) ;
#3174 = DIRECTION ( 'NONE',  ( 0.0000000000000000000, 0.0000000000000000000, -1.000000000000000000 ) ) ;
#3175 = ORIENTED_EDGE ( 'NONE', *, *, #2470, .F. ) ;
#3176 = CARTESIAN_POINT ( 'NONE',  ( 27.99999999999999600, 1.750000000000000000, 0.0000000000000000000 ) ) ;
#3177 = CARTESIAN_POINT ( 'NONE',  ( -0.005000000000000000100, 0.4706612939571652700, -1.115800696540586400 ) ) ;
#3178 = VERTEX_POINT ( 'NONE', #1044 ) ;
#3179 = DIRECTION ( 'NONE',  ( 0.0000000000000000000, 0.0000000000000000000, 1.000000000000000000 ) ) ;
#3180 = STYLED_ITEM ( 'NONE', ( #2214 ), #1227 ) ;
#3181 = ORIENTED_EDGE ( 'NONE', *, *, #2537, .F. ) ;
#3182 = EDGE_CURVE ( 'NONE', #3319, #362, #221, .T. ) ;
#3183 = LINE ( 'NONE', #2532, #2802 ) ;
#3184 = DIRECTION ( 'NONE',  ( 0.0000000000000000000, 0.4668459304955202000, -0.8843386665637617000 ) ) ;
#3185 = VECTOR ( 'NONE', #2693, 1000.000000000000000 ) ;
#3186 = EDGE_CURVE ( 'NONE', #2124, #1404, #2935, .T. ) ;
#3187 =( NAMED_UNIT ( * ) PLANE_ANGLE_UNIT ( ) SI_UNIT ( $, .RADIAN. ) );
#3188 = VECTOR ( 'NONE', #2881, 1000.000000000000000 ) ;
#3189 = AXIS2_PLACEMENT_3D ( 'NONE', #2281, #1205, #154 ) ;
#3190 = LINE ( 'NONE', #1829, #2482 ) ;
#3191 = SURFACE_SIDE_STYLE ('',( #3011 ) ) ;
#3192 = CIRCLE ( 'NONE', #852, 4.250000000000000000 ) ;
#3193 = CARTESIAN_POINT ( 'NONE',  ( 0.0000000000000000000, -0.2862610967964894200, -0.5495612876816065000 ) ) ;
#3194 = ADVANCED_FACE ( 'NONE', ( #839 ), #2308, .F. ) ;
#3195 = CARTESIAN_POINT ( 'NONE',  ( 0.0000000000000000000, 0.3721009671810895400, 0.5051709197727064500 ) ) ;
#3196 =( NAMED_UNIT ( * ) SI_UNIT ( $, .STERADIAN. ) SOLID_ANGLE_UNIT ( ) );
#3197 = LINE ( 'NONE', #692, #354 ) ;
#3198 = CYLINDRICAL_SURFACE ( 'NONE', #2552, 0.3250000000000000100 ) ;
#3199 =( NAMED_UNIT ( * ) PLANE_ANGLE_UNIT ( ) SI_UNIT ( $, .RADIAN. ) );
#3200 =( GEOMETRIC_REPRESENTATION_CONTEXT ( 3 ) GLOBAL_UNCERTAINTY_ASSIGNED_CONTEXT ( ( #1907 ) ) GLOBAL_UNIT_ASSIGNED_CONTEXT ( ( #1512, #469, #720 ) ) REPRESENTATION_CONTEXT ( 'NONE', 'WORKASPACE' ) );
#3201 = LINE ( 'NONE', #3372, #1180 ) ;
#3202 = ORIENTED_EDGE ( 'NONE', *, *, #337, .F. ) ;
#3203 = VECTOR ( 'NONE', #3322, 1000.000000000000100 ) ;
#3204 = SURFACE_SIDE_STYLE ('',( #118 ) ) ;
#3205 = UNCERTAINTY_MEASURE_WITH_UNIT (LENGTH_MEASURE( 1.000000000000000100E-005 ), #2318, 'distance_accuracy_value', 'NONE');
#3206 = LINE ( 'NONE', #303, #1350 ) ;
#3207 = AXIS2_PLACEMENT_3D ( 'NONE', #2138, #2931, #822 ) ;
#3208 =( NAMED_UNIT ( * ) PLANE_ANGLE_UNIT ( ) SI_UNIT ( $, .RADIAN. ) );
#3209 = ORIENTED_EDGE ( 'NONE', *, *, #823, .T. ) ;
#3210 = EDGE_CURVE ( 'NONE', #2460, #2580, #17, .T. ) ;
#3211 = ORIENTED_EDGE ( 'NONE', *, *, #2380, .T. ) ;
#3212 = CIRCLE ( 'NONE', #1347, 0.2812500000000002200 ) ;
#3213 = ORIENTED_EDGE ( 'NONE', *, *, #1006, .F. ) ;
#3214 = FILL_AREA_STYLE ('',( #2179 ) ) ;
#3215 = EDGE_CURVE ( 'NONE', #870, #3142, #1657, .T. ) ;
#3216 =( NAMED_UNIT ( * ) PLANE_ANGLE_UNIT ( ) SI_UNIT ( $, .RADIAN. ) );
#3217 = UNCERTAINTY_MEASURE_WITH_UNIT (LENGTH_MEASURE( 1.000000000000000100E-005 ), #3071, 'distance_accuracy_value', 'NONE');
#3218 = ORIENTED_EDGE ( 'NONE', *, *, #277, .F. ) ;
#3219 = ADVANCED_FACE ( 'NONE', ( #3053 ), #341, .T. ) ;
#3220 =( NAMED_UNIT ( * ) PLANE_ANGLE_UNIT ( ) SI_UNIT ( $, .RADIAN. ) );
#3221 = SURFACE_STYLE_FILL_AREA ( #404 ) ;
#3222 = PRESENTATION_LAYER_ASSIGNMENT (  '', '', ( #3343 ) ) ;
#3223 = EDGE_LOOP ( 'NONE', ( #1037, #1071, #728, #567 ) ) ;
#3224 = SURFACE_SIDE_STYLE ('',( #1986 ) ) ;
#3225 = ORIENTED_EDGE ( 'NONE', *, *, #512, .T. ) ;
#3226 = AXIS2_PLACEMENT_3D ( 'NONE', #2446, #342, #603 ) ;
#3227 = DIRECTION ( 'NONE',  ( 0.0000000000000000000, -2.043497108812547200E-016, -1.000000000000000000 ) ) ;
#3228 = SURFACE_SIDE_STYLE ('',( #641 ) ) ;
#3229 = EDGE_CURVE ( 'NONE', #1977, #1646, #2440, .T. ) ;
#3230 =( LENGTH_UNIT ( ) NAMED_UNIT ( * ) SI_UNIT ( .MILLI., .METRE. ) );
#3231 = CARTESIAN_POINT ( 'NONE',  ( -0.005000000000000000100, -0.2862610967964894200, -0.5495612876816065000 ) ) ;
#3232 = PRESENTATION_LAYER_ASSIGNMENT (  '', '', ( #163 ) ) ;
#3233 = UNCERTAINTY_MEASURE_WITH_UNIT (LENGTH_MEASURE( 1.000000000000000100E-005 ), #2098, 'distance_accuracy_value', 'NONE');
#3234 = VECTOR ( 'NONE', #2086, 1000.000000000000000 ) ;
#3235 = DIRECTION ( 'NONE',  ( 0.0000000000000000000, -0.004650693823678241100, 0.9999891854650020400 ) ) ;
#3236 = STYLED_ITEM ( 'NONE', ( #767 ), #1623 ) ;
#3237 =( NAMED_UNIT ( * ) PLANE_ANGLE_UNIT ( ) SI_UNIT ( $, .RADIAN. ) );
#3238 = SURFACE_STYLE_USAGE ( .BOTH. , #1138 ) ;
#3239 = PRESENTATION_LAYER_ASSIGNMENT (  '', '', ( #409 ) ) ;
#3240 = SURFACE_STYLE_USAGE ( .BOTH. , #3228 ) ;
#3241 = FACE_OUTER_BOUND ( 'NONE', #367, .T. ) ;
#3242 = FACE_OUTER_BOUND ( 'NONE', #417, .T. ) ;
#3243 = FILL_AREA_STYLE ('',( #600 ) ) ;
#3244 = SURFACE_STYLE_USAGE ( .BOTH. , #1086 ) ;
#3245 = VECTOR ( 'NONE', #1696, 1000.000000000000000 ) ;
#3246 = ORIENTED_EDGE ( 'NONE', *, *, #1500, .T. ) ;
#3247 = DIRECTION ( 'NONE',  ( 0.0000000000000000000, 1.000000000000000000, 0.0000000000000000000 ) ) ;
#3248 = STYLED_ITEM ( 'NONE', ( #1523 ), #994 ) ;
#3249 = VECTOR ( 'NONE', #1999, 1000.000000000000000 ) ;
#3250 = UNCERTAINTY_MEASURE_WITH_UNIT (LENGTH_MEASURE( 1.000000000000000100E-005 ), #3266, 'distance_accuracy_value', 'NONE');
#3251 = VECTOR ( 'NONE', #834, 1000.000000000000000 ) ;
#3252 = VERTEX_POINT ( 'NONE', #1085 ) ;
#3253 = EDGE_CURVE ( 'NONE', #2580, #1514, #2719, .T. ) ;
#3254 = ORIENTED_EDGE ( 'NONE', *, *, #1614, .T. ) ;
#3255 =( NAMED_UNIT ( * ) SI_UNIT ( $, .STERADIAN. ) SOLID_ANGLE_UNIT ( ) );
#3256 = ORIENTED_EDGE ( 'NONE', *, *, #157, .T. ) ;
#3257 = FILL_AREA_STYLE_COLOUR ( '', #23 ) ;
#3258 = ORIENTED_EDGE ( 'NONE', *, *, #3210, .T. ) ;
#3259 = FILL_AREA_STYLE_COLOUR ( '', #2372 ) ;
#3260 = PRESENTATION_STYLE_ASSIGNMENT (( #284 ) ) ;
#3261 = AXIS2_PLACEMENT_3D ( 'NONE', #2074, #2597, #3143 ) ;
#3262 =( LENGTH_UNIT ( ) NAMED_UNIT ( * ) SI_UNIT ( .MILLI., .METRE. ) );
#3263 =( NAMED_UNIT ( * ) PLANE_ANGLE_UNIT ( ) SI_UNIT ( $, .RADIAN. ) );
#3264 = PRESENTATION_LAYER_ASSIGNMENT (  '', '', ( #1847 ) ) ;
#3265 =( LENGTH_UNIT ( ) NAMED_UNIT ( * ) SI_UNIT ( .MILLI., .METRE. ) );
#3266 =( LENGTH_UNIT ( ) NAMED_UNIT ( * ) SI_UNIT ( .MILLI., .METRE. ) );
#3267 = MECHANICAL_DESIGN_GEOMETRIC_PRESENTATION_REPRESENTATION (  '', ( #94 ), #1677 ) ;
#3268 = DIRECTION ( 'NONE',  ( 1.000000000000000000, 0.0000000000000000000, 0.0000000000000000000 ) ) ;
#3269 = EDGE_CURVE ( 'NONE', #1797, #1899, #2067, .T. ) ;
#3270 = ADVANCED_FACE ( 'NONE', ( #2976 ), #2131, .T. ) ;
#3271 = FACE_OUTER_BOUND ( 'NONE', #2290, .T. ) ;
#3272 = SURFACE_STYLE_USAGE ( .BOTH. , #1132 ) ;
#3273 = DIRECTION ( 'NONE',  ( -0.0000000000000000000, -0.9610853065513910200, -0.2762517575166151300 ) ) ;
#3274 = VECTOR ( 'NONE', #205, 1000.000000000000000 ) ;
#3275 = SURFACE_STYLE_FILL_AREA ( #864 ) ;
#3276 = CARTESIAN_POINT ( 'NONE',  ( -0.005000000000000000100, 0.2901559482957898300, 2.332659225181929100 ) ) ;
#3277 = LINE ( 'NONE', #3394, #761 ) ;
#3278 = PRESENTATION_LAYER_ASSIGNMENT (  '', '', ( #1092 ) ) ;
#3279 = FILL_AREA_STYLE ('',( #2774 ) ) ;
#3280 = FACE_OUTER_BOUND ( 'NONE', #1589, .T. ) ;
#3281 = VERTEX_POINT ( 'NONE', #3195 ) ;
#3282 = ORIENTED_EDGE ( 'NONE', *, *, #2821, .F. ) ;
#3283 = CARTESIAN_POINT ( 'NONE',  ( -0.005000000000000000100, 0.3721009671810895400, 0.5051709197727064500 ) ) ;
#3284 = EDGE_LOOP ( 'NONE', ( #1260, #2993, #819, #2383 ) ) ;
#3285 = EDGE_LOOP ( 'NONE', ( #2919, #2085 ) ) ;
#3286 = UNCERTAINTY_MEASURE_WITH_UNIT (LENGTH_MEASURE( 1.000000000000000100E-005 ), #1832, 'distance_accuracy_value', 'NONE');
#3287 = FILL_AREA_STYLE ('',( #1443 ) ) ;
#3288 = LINE ( 'NONE', #2114, #1556 ) ;
#3289 = PRESENTATION_LAYER_ASSIGNMENT (  '', '', ( #94 ) ) ;
#3290 = VERTEX_POINT ( 'NONE', #520 ) ;
#3291 = CARTESIAN_POINT ( 'NONE',  ( -0.005000000000000000100, 0.4706612939571652700, -0.4252303785879496000 ) ) ;
#3292 = EDGE_LOOP ( 'NONE', ( #2244, #691, #1267, #3411 ) ) ;
#3293 = EDGE_CURVE ( 'NONE', #902, #2633, #2890, .T. ) ;
#3294 = PLANE ( 'NONE',  #866 ) ;
#3295 = VERTEX_POINT ( 'NONE', #2145 ) ;
#3296 = FILL_AREA_STYLE ('',( #1453 ) ) ;
#3297 = DIRECTION ( 'NONE',  ( 0.0000000000000000000, -1.000000000000000000, 2.104574761018632200E-016 ) ) ;
#3298 = MECHANICAL_DESIGN_GEOMETRIC_PRESENTATION_REPRESENTATION (  '', ( #2412 ), #1241 ) ;
#3299 = VERTEX_POINT ( 'NONE', #837 ) ;
#3300 = VECTOR ( 'NONE', #2293, 1000.000000000000000 ) ;
#3301 = DIRECTION ( 'NONE',  ( 0.0000000000000000000, 0.9985542843760947300, 0.05375259206908281800 ) ) ;
#3302 = VECTOR ( 'NONE', #861, 1000.000000000000200 ) ;
#3303 = CARTESIAN_POINT ( 'NONE',  ( 0.0000000000000000000, -0.4641000000000286000, 0.5025787976740189200 ) ) ;
#3304 = PRESENTATION_LAYER_ASSIGNMENT (  '', '', ( #610 ) ) ;
#3305 =( NAMED_UNIT ( * ) PLANE_ANGLE_UNIT ( ) SI_UNIT ( $, .RADIAN. ) );
#3306 = DIRECTION ( 'NONE',  ( 0.0000000000000000000, 0.9620200793799048600, 0.2729786930694068600 ) ) ;
#3307 = DIRECTION ( 'NONE',  ( 0.0000000000000000000, -1.000000000000000000, 1.213189754119656300E-016 ) ) ;
#3308 = VECTOR ( 'NONE', #1926, 1000.000000000000000 ) ;
#3309 = EDGE_CURVE ( 'NONE', #1183, #1981, #624, .T. ) ;
#3310 = DIRECTION ( 'NONE',  ( 0.0000000000000000000, -0.9610853065513910200, -0.2762517575166151300 ) ) ;
#3311 = SURFACE_STYLE_FILL_AREA ( #2885 ) ;
#3312 = AXIS2_PLACEMENT_3D ( 'NONE', #1065, #2108, #1593 ) ;
#3313 =( LENGTH_UNIT ( ) NAMED_UNIT ( * ) SI_UNIT ( .MILLI., .METRE. ) );
#3314 = FACE_OUTER_BOUND ( 'NONE', #1181, .T. ) ;
#3315 = CARTESIAN_POINT ( 'NONE',  ( -0.005000000000000000100, 0.2927030167103896200, 1.097976737910209200 ) ) ;
#3316 = VECTOR ( 'NONE', #2311, 1000.000000000000000 ) ;
#3317 =( NAMED_UNIT ( * ) PLANE_ANGLE_UNIT ( ) SI_UNIT ( $, .RADIAN. ) );
#3318 = MECHANICAL_DESIGN_GEOMETRIC_PRESENTATION_REPRESENTATION (  '', ( #2366 ), #2902 ) ;
#3319 = VERTEX_POINT ( 'NONE', #60 ) ;
#3320 = CARTESIAN_POINT ( 'NONE',  ( 0.0000000000000000000, 0.4706612939571654900, 0.06608819870102282400 ) ) ;
#3321 = PRESENTATION_STYLE_ASSIGNMENT (( #172 ) ) ;
#3322 = DIRECTION ( 'NONE',  ( 0.0000000000000000000, 0.8843386665637617000, 0.4668459304955201400 ) ) ;
#3323 = ORIENTED_EDGE ( 'NONE', *, *, #2932, .T. ) ;
#3324 = AXIS2_PLACEMENT_3D ( 'NONE', #2508, #2770, #2240 ) ;
#3325 = CARTESIAN_POINT ( 'NONE',  ( 0.0000000000000000000, 0.2927030167103896200, 1.097976737910209200 ) ) ;
#3326 = DIRECTION ( 'NONE',  ( 0.0000000000000000000, -7.938847109764683400E-005, 0.9999999968487353100 ) ) ;
#3327 = ORIENTED_EDGE ( 'NONE', *, *, #2537, .T. ) ;
#3328 = EDGE_CURVE ( 'NONE', #529, #490, #1940, .T. ) ;
#3329 = PLANE ( 'NONE',  #541 ) ;
#3330 = ORIENTED_EDGE ( 'NONE', *, *, #1174, .F. ) ;
#3331 = DIRECTION ( 'NONE',  ( 0.0000000000000000000, 0.9615825319869135700, 0.2745159998572695400 ) ) ;
#3332 = DIRECTION ( 'NONE',  ( 0.0000000000000000000, -1.087414869261074600E-013, 1.000000000000000000 ) ) ;
#3333 = FACE_OUTER_BOUND ( 'NONE', #5, .T. ) ;
#3334 = ADVANCED_FACE ( 'NONE', ( #2190 ), #1662, .F. ) ;
#3335 = EDGE_CURVE ( 'NONE', #1646, #3252, #662, .T. ) ;
#3336 = ORIENTED_EDGE ( 'NONE', *, *, #3328, .F. ) ;
#3337 =( NAMED_UNIT ( * ) PLANE_ANGLE_UNIT ( ) SI_UNIT ( $, .RADIAN. ) );
#3338 = PRESENTATION_STYLE_ASSIGNMENT (( #4 ) ) ;
#3339 = UNCERTAINTY_MEASURE_WITH_UNIT (LENGTH_MEASURE( 1.000000000000000100E-005 ), #3365, 'distance_accuracy_value', 'NONE');
#3340 = FILL_AREA_STYLE ('',( #1464 ) ) ;
#3341 = COLOUR_RGB ( '',0.0000000000000000000, 0.0000000000000000000, 0.0000000000000000000 ) ;
#3342 = SURFACE_STYLE_USAGE ( .BOTH. , #1232 ) ;
#3343 = STYLED_ITEM ( 'NONE', ( #2154 ), #2794 ) ;
#3344 = SURFACE_STYLE_USAGE ( .BOTH. , #179 ) ;
#3345 = DIRECTION ( 'NONE',  ( 0.0000000000000000000, 0.9610876102172872800, 0.2762437428917141600 ) ) ;
#3346 = DIRECTION ( 'NONE',  ( 0.0000000000000000000, 0.0000000000000000000, -1.000000000000000000 ) ) ;
#3347 = UNCERTAINTY_MEASURE_WITH_UNIT (LENGTH_MEASURE( 1.000000000000000100E-005 ), #2153, 'distance_accuracy_value', 'NONE');
#3348 = LINE ( 'NONE', #293, #1081 ) ;
#3349 = TOROIDAL_SURFACE ( 'NONE', #1887, 4.250000000000000000, 0.2812499999999998300 ) ;
#3350 = SURFACE_STYLE_USAGE ( .BOTH. , #2268 ) ;
#3351 = PRESENTATION_LAYER_ASSIGNMENT (  '', '', ( #1867 ) ) ;
#3352 = DIRECTION ( 'NONE',  ( 1.000000000000000000, 0.0000000000000000000, 0.0000000000000000000 ) ) ;
#3353 = EDGE_CURVE ( 'NONE', #1469, #1057, #2437, .T. ) ;
#3354 = ADVANCED_FACE ( 'NONE', ( #2476 ), #2705, .F. ) ;
#3355 = CARTESIAN_POINT ( 'NONE',  ( 24.00000000000000000, -1.750000000000000000, -0.3250000000000000100 ) ) ;
#3356 = SURFACE_STYLE_FILL_AREA ( #3296 ) ;
#3357 = VECTOR ( 'NONE', #2358, 1000.000000000000000 ) ;
#3358 = DIRECTION ( 'NONE',  ( 1.000000000000000000, 0.0000000000000000000, 0.0000000000000000000 ) ) ;
#3359 = CARTESIAN_POINT ( 'NONE',  ( 0.2000000000000005100, 0.0000000000000000000, -4.050000000000000700 ) ) ;
#3360 = DIRECTION ( 'NONE',  ( 1.000000000000000000, 0.0000000000000000000, 0.0000000000000000000 ) ) ;
#3361 = LINE ( 'NONE', #2977, #1954 ) ;
#3362 = VERTEX_POINT ( 'NONE', #2455 ) ;
#3363 =( GEOMETRIC_REPRESENTATION_CONTEXT ( 3 ) GLOBAL_UNCERTAINTY_ASSIGNED_CONTEXT ( ( #2276 ) ) GLOBAL_UNIT_ASSIGNED_CONTEXT ( ( #3313, #1242, #3080 ) ) REPRESENTATION_CONTEXT ( 'NONE', 'WORKASPACE' ) );
#3364 = ORIENTED_EDGE ( 'NONE', *, *, #979, .T. ) ;
#3365 =( LENGTH_UNIT ( ) NAMED_UNIT ( * ) SI_UNIT ( .MILLI., .METRE. ) );
#3366 = DIRECTION ( 'NONE',  ( 1.000000000000000000, 0.0000000000000000000, 0.0000000000000000000 ) ) ;
#3367 = CARTESIAN_POINT ( 'NONE',  ( 0.0000000000000000000, -0.4641000000000288800, -2.122696638299635700 ) ) ;
#3368 = EDGE_LOOP ( 'NONE', ( #2676, #2997, #605, #358 ) ) ;
#3369 = ORIENTED_EDGE ( 'NONE', *, *, #2429, .T. ) ;
#3370 = DIRECTION ( 'NONE',  ( 1.000000000000000000, -0.0000000000000000000, -0.0000000000000000000 ) ) ;
#3371 = PRESENTATION_LAYER_ASSIGNMENT (  '', '', ( #2366 ) ) ;
#3372 = CARTESIAN_POINT ( 'NONE',  ( 0.0000000000000000000, -0.2862269899289315900, 0.9317682772827679000 ) ) ;
#3373 = EDGE_LOOP ( 'NONE', ( #1708, #1468, #1728, #678 ) ) ;
#3374 = SURFACE_STYLE_FILL_AREA ( #526 ) ;
#3375 = AXIS2_PLACEMENT_3D ( 'NONE', #3402, #1819, #497 ) ;
#3376 = DIRECTION ( 'NONE',  ( 0.0000000000000000000, -0.9610664548999087200, -0.2763173343569341200 ) ) ;
#3377 = ORIENTED_EDGE ( 'NONE', *, *, #918, .T. ) ;
#3378 = PLANE ( 'NONE',  #2279 ) ;
#3379 = MECHANICAL_DESIGN_GEOMETRIC_PRESENTATION_REPRESENTATION (  '', ( #1307 ), #614 ) ;
#3380 = ORIENTED_EDGE ( 'NONE', *, *, #3293, .T. ) ;
#3381 = EDGE_CURVE ( 'NONE', #2103, #2501, #1730, .T. ) ;
#3382 = VECTOR ( 'NONE', #2394, 1000.000000000000000 ) ;
#3383 = SURFACE_SIDE_STYLE ('',( #2077 ) ) ;
#3384 = ORIENTED_EDGE ( 'NONE', *, *, #530, .T. ) ;
#3385 = PRESENTATION_STYLE_ASSIGNMENT (( #3342 ) ) ;
#3386 = STYLED_ITEM ( 'NONE', ( #975 ), #2037 ) ;
#3387 = LINE ( 'NONE', #375, #1488 ) ;
#3388 = ADVANCED_FACE ( 'NONE', ( #1489 ), #1682, .F. ) ;
#3389 = FILL_AREA_STYLE ('',( #736 ) ) ;
#3390 = AXIS2_PLACEMENT_3D ( 'NONE', #1884, #1338, #1870 ) ;
#3391 = CARTESIAN_POINT ( 'NONE',  ( 0.0000000000000000000, -0.1971441846550018600, 0.03013995228619021500 ) ) ;
#3392 = UNCERTAINTY_MEASURE_WITH_UNIT (LENGTH_MEASURE( 1.000000000000000100E-005 ), #2351, 'distance_accuracy_value', 'NONE');
#3393 = CARTESIAN_POINT ( 'NONE',  ( -0.005000000000000000100, -0.4641000000000284300, 1.321314205319506200 ) ) ;
#3394 = CARTESIAN_POINT ( 'NONE',  ( -0.005000000000000000100, 0.4706612939571654900, -1.853707125018472200 ) ) ;
#3395 = LINE ( 'NONE', #1557, #2609 ) ;
#3396 = FILL_AREA_STYLE_COLOUR ( '', #236 ) ;
#3397 = SURFACE_STYLE_FILL_AREA ( #2975 ) ;
#3398 = LINE ( 'NONE', #3057, #345 ) ;
#3399 = CARTESIAN_POINT ( 'NONE',  ( -0.005000000000000000100, 0.4706612939571654900, 0.8839447622066248800 ) ) ;
#3400 = EDGE_CURVE ( 'NONE', #283, #2215, #2259, .T. ) ;
#3401 = SURFACE_STYLE_FILL_AREA ( #1501 ) ;
#3402 = CARTESIAN_POINT ( 'NONE',  ( 7.852499999999998300, 0.0000000000000000000, -4.250000000000000000 ) ) ;
#3403 = SURFACE_SIDE_STYLE ('',( #2306 ) ) ;
#3404 = SURFACE_STYLE_USAGE ( .BOTH. , #2618 ) ;
#3405 = PRESENTATION_STYLE_ASSIGNMENT (( #1276 ) ) ;
#3406 = CARTESIAN_POINT ( 'NONE',  ( 9.000000000000000000, 0.0000000000000000000, 0.0000000000000000000 ) ) ;
#3407 = AXIS2_PLACEMENT_3D ( 'NONE', #1238, #1784, #2322 ) ;
#3408 = LINE ( 'NONE', #1263, #355 ) ;
#3409 = CARTESIAN_POINT ( 'NONE',  ( 24.00000000000000000, -1.750000000000000000, 0.0000000000000000000 ) ) ;
#3410 = VECTOR ( 'NONE', #2213, 1000.000000000000100 ) ;
#3411 = ORIENTED_EDGE ( 'NONE', *, *, #2307, .T. ) ;
#3412 = ORIENTED_EDGE ( 'NONE', *, *, #2053, .F. ) ;
#3413 = PRODUCT_DEFINITION_SHAPE ( 'NONE', 'NONE',  #2000 ) ;
ENDSEC;
END-ISO-10303-21;
